企業名,メールアドレス,電話番号,ホームページ,交通費区分,全額割合,一部割合,その他割合,掲載コース数,マイナビ企業ID,連絡先最終確認,参照URL
(有)CS建築事務所,y-yamashita@csken.com,082-293-0702,https://www.csken.com/company/,全額 1件,100.0%,0.0%,0.0%,1,249191,2026-09-22T10:55:17+09:00,https://job.mynavi.jp/28/pc/corpinfo/displayInternship/index?corpId=249191&optNo=XBfAy
(有)光成工業,kohsei@kohsei-l.co.jp; masamitsu@kohsei-l.co.jp; suzu@kohsei-l.co.jp,080-5746-5299; 090-9634-5890,http://www.kohsei-l.co.jp/,その他 1件,0.0%,0.0%,100.0%,1,282334,2026-09-22T10:55:17+09:00,https://job.mynavi.jp/28/pc/corpinfo/displayInternship/index?corpId=282334&optNo=KWBUs
(有)北広牧場,recruit@hokkoh-farm.co.jp,0156-64-3047,https://hokkoh-farm.co.jp/,"一部（30,000円） 1件",0.0%,100.0%,0.0%,1,216824,2026-09-22T10:55:17+09:00,https://job.mynavi.jp/28/pc/corpinfo/displayInternship/index?corpId=216824&optNo=-fDol
(有)吉田工業,jinji@yoshida-kougyou.net,0246-63-9238,https://tinyurl.com/yjmn27b4; https://www.instagram.com/_y.k.yoshida/; https://yoshida-kougyou.net/,"一部（30,000円） 1件",0.0%,100.0%,0.0%,1,287977,2026-09-22T10:55:17+09:00,https://job.mynavi.jp/28/pc/corpinfo/displayInternship/index?corpId=287977&optNo=Yk9wl
(有)弘栄電気,kouei-d@poppy.ocn.ne.jp,0134-62-3524,http://kouei-dn.com/,その他 2件,0.0%,0.0%,100.0%,2,253575,2026-09-22T10:55:17+09:00,https://job.mynavi.jp/28/pc/corpinfo/displayInternship/index?corpId=253575&optNo=OSuTq
(有)日本福祉介護サービス,saiyo@nfks.jp,0242-27-7400,,その他 1件,0.0%,0.0%,100.0%,1,281601,2026-09-22T10:55:17+09:00,https://job.mynavi.jp/28/pc/corpinfo/displayInternship/index?corpId=281601&optNo=S0dhd
(有)河島農具製作所,recruit@kawashima-group.com,0859-22-9341,https://kawashima-group.com/,その他 2件,0.0%,0.0%,100.0%,2,280334,2026-09-22T10:55:17+09:00,https://job.mynavi.jp/28/pc/corpinfo/displayInternship/index?corpId=280334&optNo=YOg4U
(有)湖南荘,info@konansou.com,0555-72-2166,https://www.konansou.com/,"一部（3,000円） 1件",0.0%,100.0%,0.0%,1,230775,2026-09-22T10:55:17+09:00,https://job.mynavi.jp/28/pc/corpinfo/displayInternship/index?corpId=230775&optNo=6VFvH
(有)鹿屋電子工業,soumu@kanoyadenshi.com,0994-43-8851,https://www.kanoyadenshi.com,その他 2件,0.0%,0.0%,100.0%,2,262017,2026-09-22T10:55:17+09:00,https://job.mynavi.jp/28/pc/corpinfo/displayInternship/index?corpId=262017&optNo=rvJoX
(株) チューゲン,saiyou@chugen.co.jp,0562-96-0850,https://www.chugen.co.jp/,"一部（1,000円） 2件",0.0%,100.0%,0.0%,2,231752,2026-09-22T10:55:17+09:00,https://job.mynavi.jp/28/pc/corpinfo/displayInternship/index?corpId=231752&optNo=4aMHo
(株)ABC,314@abc-p.jp,0120-281-477,https://www.abc-p.jp/,その他 1件,0.0%,0.0%,100.0%,1,54585,2026-09-22T10:55:17+09:00,https://job.mynavi.jp/28/pc/corpinfo/displayInternship/index?corpId=54585&optNo=7Bp06
(株)E.E.A,eeatakekawa@gmail.com; m.takekawa@eeanet.com,026-268-0050; 070-1553-1691,https://www.eeanet.com/; https://www.youtube.com/watch?v=oyBUESlb6ZY,その他 1件,0.0%,0.0%,100.0%,1,294846,2026-09-22T10:55:17+09:00,https://job.mynavi.jp/28/pc/corpinfo/displayInternship/index?corpId=294846&optNo=hoqw1
(株)FTS,saiyo@fts-com.co.jp,0565-29-8941,https://www.fts-com.co.jp/,その他 5件,0.0%,0.0%,100.0%,5,88955,2026-09-22T10:55:17+09:00,https://job.mynavi.jp/28/pc/corpinfo/displayInternship/index?corpId=88955&optNo=-Z4np
(株)FUJIプランテック【旧社名：富士興業(株)】,recruit.fkk@fujiplantech.com,,https://www.fujiplantech.com/,その他 1件,0.0%,0.0%,100.0%,1,87786,2026-09-22T10:55:17+09:00,https://job.mynavi.jp/28/pc/corpinfo/displayInternship/index?corpId=87786&optNo=551hI
(株)GOTENリゾート,goten.saiyou@gmail.com,0954-68-2260,https://goten-resort.jp/kotan-ureshino/; https://www.kanigoten.com/; https://www.kazenomori.biz/,"一部（3,000円） 1件",0.0%,100.0%,0.0%,1,253871,2026-09-22T10:55:17+09:00,https://job.mynavi.jp/28/pc/corpinfo/displayInternship/index?corpId=253871&optNo=OnlDI
(株)GSユアサ,saiyo@gs-yuasa.com,075-316-3009,http://www.gs-yuasa.com/jp/,その他 1件,0.0%,0.0%,100.0%,1,598,2026-09-22T10:55:17+09:00,https://job.mynavi.jp/28/pc/corpinfo/displayInternship/index?corpId=598&optNo=6uHJX
(株)H4,h4-jinjibu.saiyo@h-4.jp,03-5497-8050,https://www.h-4.jp/,その他 1件,0.0%,0.0%,100.0%,1,257809,2026-09-22T10:55:17+09:00,https://job.mynavi.jp/28/pc/corpinfo/displayInternship/index?corpId=257809&optNo=uEGun
(株)HDC,jinji@hdc.lilac.co.jp,011-261-5502,https://hdcweb.lilac.co.jp/,"一部（10,000円） 2件",0.0%,100.0%,0.0%,2,277124,2026-09-22T10:55:17+09:00,https://job.mynavi.jp/28/pc/corpinfo/displayInternship/index?corpId=277124&optNo=6trKn
(株)I2C,i2c@saiyo-p.com,03-6432-4970; 06-6225-8548; 06-6867-7504,https://i2c.jp/,"一部（1,000円） 1件",0.0%,100.0%,0.0%,1,76030,2026-09-22T10:55:17+09:00,https://job.mynavi.jp/28/pc/corpinfo/displayInternship/index?corpId=76030&optNo=4TDWW
(株)IOBI,hiro.morita@iobi.co.jp,070-1242-4924,https://iobi.co.jp/,その他 1件,0.0%,0.0%,100.0%,1,276559,2026-09-22T10:55:17+09:00,https://job.mynavi.jp/28/pc/corpinfo/displayInternship/index?corpId=276559&optNo=88dEv
(株)JR西日本テクシア【JR西日本グループ】,jt-jinji@kwf.techsia.co.jp,06-4960-7924,https://www.techsia.co.jp/,"一部（20,000円） 1件 / その他 1件",0.0%,50.0%,50.0%,2,233109,2026-09-22T10:55:17+09:00,https://job.mynavi.jp/28/pc/corpinfo/displayInternship/index?corpId=233109&optNo=8haQ4
(株)JR西日本テクノス【JR西日本グループ】,jt-jinji@rwf.wjrtechnos.co.jp,06-7223-8761,https://media.jrw-ip.jp/case/7408/; https://www.youtube.com/watch?v=uVCk2w7jO1U,その他 1件,0.0%,0.0%,100.0%,1,270825,2026-09-22T10:55:17+09:00,https://job.mynavi.jp/28/pc/corpinfo/displayInternship/index?corpId=270825&optNo=b6Jd7
(株)JR西日本中国メンテック,nakahara-seiya@j-c-maintec.co.jp,086-233-3188,https://j-c-maintec.co.jp/; https://www.youtube.com/watch?v=OqgLw40QMQI; https://www.youtube.com/watch?v=sxRXspCIyUw,"一部（20,000円） 1件",0.0%,100.0%,0.0%,1,261497,2026-09-22T10:55:17+09:00,https://job.mynavi.jp/28/pc/corpinfo/displayInternship/index?corpId=261497&optNo=jbe1m
(株)KGS,nagasaki@k-kgs.com,072-279-6770,,"一部（5,000円） 1件",0.0%,100.0%,0.0%,1,233028,2026-09-22T10:55:17+09:00,https://job.mynavi.jp/28/pc/corpinfo/displayInternship/index?corpId=233028&optNo=pzcXD
(株)Kasuga【旧:春日製紙工業(株)】,recruit@kasuga.co.jp,,https://www.kasuga.co.jp/,その他 1件,0.0%,0.0%,100.0%,1,257342,2026-09-22T10:55:17+09:00,https://job.mynavi.jp/28/pc/corpinfo/displayInternship/index?corpId=257342&optNo=AWDd7
(株)NAKAI,nacai-saiyou@outlook.jp,,,"一部（1,000円） 1件",0.0%,100.0%,0.0%,1,229109,2026-09-22T10:55:17+09:00,https://job.mynavi.jp/28/pc/corpinfo/displayInternship/index?corpId=229109&optNo=Nb2nX
(株)NSグループ [グループ募集],recruit@newton-co.jp,0120316133,,その他 2件,0.0%,0.0%,100.0%,2,70406,2026-09-22T10:55:17+09:00,https://job.mynavi.jp/28/pc/corpinfo/displayInternship/index?corpId=70406&optNo=LBz4X
(株)NS・コンピュータサービス【日本精機グループ】,saiyou@nscs.jp,0258-37-1320,https://nscs.jp/,その他 1件,0.0%,0.0%,100.0%,1,95887,2026-09-22T10:55:17+09:00,https://job.mynavi.jp/28/pc/corpinfo/displayInternship/index?corpId=95887&optNo=as1l0
(株)NTKセラテック【日本特殊陶業グループ】,arisa.tsunekage@niterragroup.com; kantaro.nishimura@niterragroup.com; masako.kato@niterragroup.com,,http://www.ceratech.co.jp,その他 1件,0.0%,0.0%,100.0%,1,83227,2026-09-22T10:55:17+09:00,https://job.mynavi.jp/28/pc/corpinfo/displayInternship/index?corpId=83227&optNo=CWUyp
(株)Newデイシス,saiyonds@newdaysys.co.jp,,https://www.newdaysys.co.jp/,全額 1件,100.0%,0.0%,0.0%,1,80478,2026-09-22T10:55:17+09:00,https://job.mynavi.jp/28/pc/corpinfo/displayInternship/index?corpId=80478&optNo=56ZYa
(株)Noah Design,recruit@noah-design.jp,092-471-6501,https://noah-design.jp/,その他 1件,0.0%,0.0%,100.0%,1,207002,2026-09-22T10:55:17+09:00,https://job.mynavi.jp/28/pc/corpinfo/displayInternship/index?corpId=207002&optNo=TmI1q
(株)Omorey,m.ota@omorey.com,,https://www.omorey.com/,"一部（8,000円） 1件",0.0%,100.0%,0.0%,1,267380,2026-09-22T10:55:17+09:00,https://job.mynavi.jp/28/pc/corpinfo/displayInternship/index?corpId=267380&optNo=VSSGt
(株)PTOK,team_recruit@ptok.co.jp,,https://instagram.com/ptok_official?igshid=YmMyMTA2M2Y=; https://ptok.co.jp/; https://x.com/ptok_hikari,その他 1件,0.0%,0.0%,100.0%,1,255645,2026-09-22T10:55:17+09:00,https://job.mynavi.jp/28/pc/corpinfo/displayInternship/index?corpId=255645&optNo=a3i0U
(株)SANMATSU,saiyou@sanmatsu.com,092-926-4711,https://www.sanmatsu.com/,その他 1件,0.0%,0.0%,100.0%,1,222104,2026-09-22T10:55:17+09:00,https://job.mynavi.jp/28/pc/corpinfo/displayInternship/index?corpId=222104&optNo=UCNA7
(株)SJC,recruit@sjc-sendai.co.jp,022-284-0289,https://www.sjc-sendai.co.jp/,"一部（1,000円） 1件",0.0%,100.0%,0.0%,1,67232,2026-09-22T10:55:17+09:00,https://job.mynavi.jp/28/pc/corpinfo/displayInternship/index?corpId=67232&optNo=cLUC2
(株)SRIシステムズ 【住友ゴムグループ】,srs.saiyo@srigroup.co.jp,,https://www.srisys.co.jp/,"一部（1,000円） 1件",0.0%,100.0%,0.0%,1,73490,2026-09-22T10:55:17+09:00,https://job.mynavi.jp/28/pc/corpinfo/displayInternship/index?corpId=73490&optNo=0FIPa
(株)TASAKI,recruit@tasaki.co.jp,,https://www.tasaki.co.jp/; https://www.youtube.com/channel/UClNP1AC1THM_HSlxPWCP-wA,"一部（30,000円） 1件",0.0%,100.0%,0.0%,1,97704,2026-09-22T10:55:17+09:00,https://job.mynavi.jp/28/pc/corpinfo/displayInternship/index?corpId=97704&optNo=hxKGl
(株)TDEC【Hondaグループ】,saiyo@tsushima-die-eng.co.jp,0567-26-2167,http://www.tsushima-die-eng.co.jp/,"全額 1件 / 一部（2,000円） 3件",25.0%,75.0%,0.0%,4,105920,2026-09-22T10:55:17+09:00,https://job.mynavi.jp/28/pc/corpinfo/displayInternship/index?corpId=105920&optNo=7ttl-
(株)TMEIC（旧社名：東芝三菱電機産業システム）,Saiyo@tmeic.co.jp; saiyo@tmeic.co.jp,03-3277-4683,https://www.tmeic.co.jp/column/,全額 1件,100.0%,0.0%,0.0%,1,92418,2026-09-22T10:55:17+09:00,https://job.mynavi.jp/28/pc/corpinfo/displayInternship/index?corpId=92418&optNo=SRTq4
(株)UACJ 福井製造所【東証プライム上場】,matsuo-kana@uacj.co.jp,0776-82-5840,https://www.uacj.co.jp/,全額 1件,100.0%,0.0%,0.0%,1,285445,2026-09-22T10:55:17+09:00,https://job.mynavi.jp/28/pc/corpinfo/displayInternship/index?corpId=285445&optNo=7Ufed
(株)W-ENDLESS,he@w-endless.co.jp,,https://www.w-endless.co.jp/,"一部（30,000円） 1件",0.0%,100.0%,0.0%,1,208282,2026-09-22T10:55:17+09:00,https://job.mynavi.jp/28/pc/corpinfo/displayInternship/index?corpId=208282&optNo=aLrUW
(株)Y'sdesign建築設計室,office@ys-design.com; yamamoto@ys-design.com,06-6263-3032,https://www.ys-design.com/,"一部（3,000円） 2件",0.0%,100.0%,0.0%,2,259542,2026-09-22T10:55:17+09:00,https://job.mynavi.jp/28/pc/corpinfo/displayInternship/index?corpId=259542&optNo=4oEOo
(株)YKプランニング,soumu@yk-planning.com,0835-35-9000,https://www.yk-planning.com/,"一部（3,000円） 1件",0.0%,100.0%,0.0%,1,109277,2026-09-22T13:20:50+09:00,https://job.mynavi.jp/28/pc/corpinfo/displayInternship/index?corpId=109277&optNo=h7pKt
(株)i UNITED HOLDINGS [グループ募集],d.maruhara@kkikeda.jp,080-9951-4490,,その他 3件,0.0%,0.0%,100.0%,3,265445,2026-09-22T10:55:17+09:00,https://job.mynavi.jp/28/pc/corpinfo/displayInternship/index?corpId=265445&optNo=1myNn
(株)あおやま,info.aoyama@u-aoyama.co.jp,,https://note.com/acltd_aoyama1; https://u-aoyama.co.jp/; https://u-aoyama.co.jp/motl/index.html,その他 2件,0.0%,0.0%,100.0%,2,289837,2026-09-22T10:55:17+09:00,https://job.mynavi.jp/28/pc/corpinfo/displayInternship/index?corpId=289837&optNo=2OP6p
(株)いけうち(霧のいけうち),saiyo-entry@kirinoikeuchi.co.jp,06-6538-1075,https://www.dry-fog.com/jp/; https://www.dry-fog.com/jp/projects-technology/cases/; https://www.youtube.com/; https://www.youtube.com/@Ikeuchi_Channel,全額 2件,100.0%,0.0%,0.0%,2,61682,2026-09-22T10:55:17+09:00,https://job.mynavi.jp/28/pc/corpinfo/displayInternship/index?corpId=61682&optNo=K0w9f
(株)いのうえ【エヴァホール】,inoue-jinji@everhall.co.jp,086-429-1217,https://www.everhall.co.jp,一部 1件,0.0%,100.0%,0.0%,1,84849,2026-09-22T10:55:17+09:00,https://job.mynavi.jp/28/pc/corpinfo/displayInternship/index?corpId=84849&optNo=i2PIU
(株)うおいち,uoichi@saiyo28.com,06-7777-6962,https://www.uoichi.co.jp/,"一部（30,000円） 1件",0.0%,100.0%,0.0%,1,282338,2026-09-22T10:55:17+09:00,https://job.mynavi.jp/28/pc/corpinfo/displayInternship/index?corpId=282338&optNo=sX-1g
(株)かわでん【東証スタンダード市場上場】,saiyo@mail-kawaden.co.jp,,https://www.kawaden.co.jp/,"一部（20,000円） 3件",0.0%,100.0%,0.0%,3,87584,2026-09-22T10:55:17+09:00,https://job.mynavi.jp/28/pc/corpinfo/displayInternship/index?corpId=87584&optNo=7NY52
(株)くすりのマルト,recruit@kusurinomaruto-saiyou.com,,https://drug-maruto.jp/,その他 3件,0.0%,0.0%,100.0%,3,74788,2026-09-22T10:55:17+09:00,https://job.mynavi.jp/28/pc/corpinfo/displayInternship/index?corpId=74788&optNo=Gn4bI
(株)さんびる,saiyou@sanbg.com,0852-26-0335,https://lit.link/sanbirurecruit; https://www.sanbg.com/,"一部（90,000円） 1件",0.0%,100.0%,0.0%,1,265145,2026-09-22T10:55:17+09:00,https://job.mynavi.jp/28/pc/corpinfo/displayInternship/index?corpId=265145&optNo=wVub7
(株)さんれいフーズ,h-sano@sanrei-foods.co.jp,0859-33-6243,https://www.instagram.com/sanrei_foods/; https://www.sanrei-foods.co.jp/,その他 1件,0.0%,0.0%,100.0%,1,257852,2026-09-22T10:55:17+09:00,https://job.mynavi.jp/28/pc/corpinfo/displayInternship/index?corpId=257852&optNo=gRJ1d
(株)しまむら【東証プライム市場上場】,t.miura@shimamura.gr.jp,,,その他 1件,0.0%,0.0%,100.0%,1,56881,2026-09-22T10:55:17+09:00,https://job.mynavi.jp/28/pc/corpinfo/displayInternship/index?corpId=56881&optNo=55Z7V
(株)つうけん【コムシスホールディングスグループ・つうけんグループ】,saiyo-tsuken@tsuken.co.jp,011-644-1164,https://www.tsuken.co.jp/,"一部（50,000円） 1件",0.0%,100.0%,0.0%,1,57784,2026-09-22T10:55:17+09:00,https://job.mynavi.jp/28/pc/corpinfo/displayInternship/index?corpId=57784&optNo=L0-Yl
(株)つばめマネジメント,abe@tsubame777.co.jp,022-354-1490,,全額 1件,100.0%,0.0%,0.0%,1,204291,2026-09-22T10:55:17+09:00,https://job.mynavi.jp/28/pc/corpinfo/displayInternship/index?corpId=204291&optNo=4rhI0
(株)はあとふるあたご,post.jinji@heartfull.jp,025-228-5000,http://heartfull.jp/,その他 1件,0.0%,0.0%,100.0%,1,87545,2026-09-22T10:55:17+09:00,https://job.mynavi.jp/28/pc/corpinfo/displayInternship/index?corpId=87545&optNo=Lsn2I
(株)はいむるぶし【三井不動産グループ】,hmb-soumu@haimurubushi.co.jp,0980-85-3111,https://note.com/haimurubushi; https://www.haimurubushi.co.jp/,"一部（30,000円） 3件",0.0%,100.0%,0.0%,3,248349,2026-09-22T10:55:17+09:00,https://job.mynavi.jp/28/pc/corpinfo/displayInternship/index?corpId=248349&optNo=6PiI-
(株)み・らいとコンサルティング,office@j-map.co.jp,024-931-6987,,その他 2件,0.0%,0.0%,100.0%,2,241772,2026-09-22T10:55:17+09:00,https://job.mynavi.jp/28/pc/corpinfo/displayInternship/index?corpId=241772&optNo=KbBj4
(株)やまみ【東証スタンダード上場】,saiyou@yamami.co.jp,0848-86-3788,,その他 1件,0.0%,0.0%,100.0%,1,80903,2026-09-22T10:55:17+09:00,https://job.mynavi.jp/28/pc/corpinfo/displayInternship/index?corpId=80903&optNo=qBuhD
(株)アイセロ,jinji@aicello.co.jp,0532-88-4113,http://www.aicello.co.jp/,全額 4件,100.0%,0.0%,0.0%,4,59812,2026-09-22T10:55:17+09:00,https://job.mynavi.jp/28/pc/corpinfo/displayInternship/index?corpId=59812&optNo=S2O7o
(株)アイテック,yohhashi@aitech-co.jp,0538-55-6521; 0538-55-6801,https://www.aitech-co.jp/,その他 3件,0.0%,0.0%,100.0%,3,254959,2026-09-22T10:55:17+09:00,https://job.mynavi.jp/28/pc/corpinfo/displayInternship/index?corpId=254959&optNo=YIH43
(株)アイ・テック,saiyo@itec-c.co.jp,,https://www.itec-c.co.jp/,その他 1件,0.0%,0.0%,100.0%,1,215127,2026-09-22T10:55:17+09:00,https://job.mynavi.jp/28/pc/corpinfo/displayInternship/index?corpId=215127&optNo=VG4PI
(株)アイ工務店,recruit@ai-koumuten.co.jp,,http://ai-koumuten.co.jp,その他 1件,0.0%,0.0%,100.0%,1,200326,2026-09-22T10:55:17+09:00,https://job.mynavi.jp/28/pc/corpinfo/displayInternship/index?corpId=200326&optNo=b1P4d
(株)アキオカ,ak.recruit-post@akioka-ltd.jp,,https://akioka1966.co.jp/,"全額 1件 / 一部（10,000円） 1件",50.0%,50.0%,0.0%,2,249358,2026-09-22T10:55:17+09:00,https://job.mynavi.jp/28/pc/corpinfo/displayInternship/index?corpId=249358&optNo=vSDQ4
(株)アサノ大成基礎エンジニアリング【オリエンタルコンサルタンツグループ】,atk-jinji@atk-eng.jp,03-5246-4150,https://www.atk-eng.jp/,全額 1件,100.0%,0.0%,0.0%,1,98850,2026-09-22T10:55:17+09:00,https://job.mynavi.jp/28/pc/corpinfo/displayInternship/index?corpId=98850&optNo=bRYDl
(株)アサヒ建設コンサルタント,masa_ogura@asahicc.co.jp,0166-23-4526,https://www.asahicc.co.jp,その他 2件,0.0%,0.0%,100.0%,2,108633,2026-09-22T10:55:17+09:00,https://job.mynavi.jp/28/pc/corpinfo/displayInternship/index?corpId=108633&optNo=I3-3H
(株)アセラ,kanri@acera-jp.com,,https://www.acera-jp.com/,"一部（10,000円） 1件",0.0%,100.0%,0.0%,1,221312,2026-09-22T10:55:17+09:00,https://job.mynavi.jp/28/pc/corpinfo/displayInternship/index?corpId=221312&optNo=ioJjI
(株)アダル,recruit@adal.co.jp,,https://www.adal.co.jp/,"一部（1,000円） 1件",0.0%,100.0%,0.0%,1,69771,2026-09-22T10:55:17+09:00,https://job.mynavi.jp/28/pc/corpinfo/displayInternship/index?corpId=69771&optNo=4vAJ1
(株)アヅマ,recruit-azuma@azuma-japan.co.jp,0268-62-2990,https://www.azuma-japan.co.jp/,その他 1件,0.0%,0.0%,100.0%,1,106122,2026-09-22T10:55:17+09:00,https://job.mynavi.jp/28/pc/corpinfo/displayInternship/index?corpId=106122&optNo=kcC3a
(株)アドヴィックス【障がい者窓口】,hc_career@mail.advics.co.jp,,,その他 1件,0.0%,0.0%,100.0%,1,270619,2026-09-22T10:55:17+09:00,https://job.mynavi.jp/28/pc/corpinfo/displayInternship/index?corpId=270619&optNo=Vm8qt
(株)アプリイ【アンダーツリーグループ】,recruit@undertree.co.jp,0120-157-177; 0120-663-140,,その他 1件,0.0%,0.0%,100.0%,1,67889,2026-09-22T10:55:17+09:00,https://job.mynavi.jp/28/pc/corpinfo/displayInternship/index?corpId=67889&optNo=6RI0O
(株)アモルトン,fukagawa.asuka@amorton.jp,0241-24-3434,https://amorton.jp/,"一部（10,000円） 1件",0.0%,100.0%,0.0%,1,222725,2026-09-22T10:55:17+09:00,https://job.mynavi.jp/28/pc/corpinfo/displayInternship/index?corpId=222725&optNo=EchXz
(株)アルゴシステム,itami@algosystem.co.jp; n-kamo@algosystem.co.jp,072-362-5067,https://www.algosystem.co.jp/,全額 1件,100.0%,0.0%,0.0%,1,78366,2026-09-22T10:55:17+09:00,https://job.mynavi.jp/28/pc/corpinfo/displayInternship/index?corpId=78366&optNo=LGJZy
(株)アルディート,isg-hr@ardito.jp,,https://www.ardito.jp/,"一部（3,000円） 1件",0.0%,100.0%,0.0%,1,212653,2026-09-22T10:55:17+09:00,https://job.mynavi.jp/28/pc/corpinfo/displayInternship/index?corpId=212653&optNo=oiUSQ
(株)アンズコーポレーション,ands.recruit@ands.co.jp,06-6766-2822,https://www.ands.co.jp/,全額 1件,100.0%,0.0%,0.0%,1,93697,2026-09-22T10:55:17+09:00,https://job.mynavi.jp/28/pc/corpinfo/displayInternship/index?corpId=93697&optNo=DwD3o
(株)アンセイ,recruit06@ansei.co.jp,0562-47-2181,https://www.ansei.co.jp/,全額 1件,100.0%,0.0%,0.0%,1,241595,2026-09-22T10:55:17+09:00,https://job.mynavi.jp/28/pc/corpinfo/displayInternship/index?corpId=241595&optNo=g4X0f
(株)アートアベニュー,shinsotsu@artavenue.co.jp,03-5339-0719,https://www.artavenue.co.jp/,その他 1件,0.0%,0.0%,100.0%,1,273742,2026-09-22T10:55:17+09:00,https://job.mynavi.jp/28/pc/corpinfo/displayInternship/index?corpId=273742&optNo=6jGQa
(株)アール・ケア,saiyou@rcare.jp,0863-73-9500,http://www.rcare.jp/,"一部（5,000円） 3件",0.0%,100.0%,0.0%,3,105292,2026-09-22T10:55:17+09:00,https://job.mynavi.jp/28/pc/corpinfo/displayInternship/index?corpId=105292&optNo=-HWUp
(株)イチケン,saiyo2028@ichiken.co.jp,03-5931-5640; 080-9385-6938,https://www.ichiken.co.jp/,全額 2件,100.0%,0.0%,0.0%,2,54593,2026-09-22T10:55:17+09:00,https://job.mynavi.jp/28/pc/corpinfo/displayInternship/index?corpId=54593&optNo=ExaKh
(株)イトーキ,saiyo@itoki.jp,,https://www.itoki.jp/company/itokistory/,その他 1件,0.0%,0.0%,100.0%,1,56258,2026-09-22T10:55:17+09:00,https://job.mynavi.jp/28/pc/corpinfo/displayInternship/index?corpId=56258&optNo=2Skh2
(株)イナダ,ichiro@inadainc.co.jp,0875-62-5858,https://inadainc.co.jp/; https://www.instagram.com/inadainc.1918/,"一部（5,000円） 2件",0.0%,100.0%,0.0%,2,282208,2026-09-22T10:55:17+09:00,https://job.mynavi.jp/28/pc/corpinfo/displayInternship/index?corpId=282208&optNo=O0ApY
(株)インフォファーム,recruit@infofarm.co.jp,058-279-1881,,"一部（1,500円） 2件",0.0%,100.0%,0.0%,2,207064,2026-09-22T10:55:17+09:00,https://job.mynavi.jp/28/pc/corpinfo/displayInternship/index?corpId=207064&optNo=eWP5y
(株)イーエムシステムズ【東証プライム上場】,recruit@emsystems.co.jp,,http://www.emsystems.co.jp,その他 1件,0.0%,0.0%,100.0%,1,206345,2026-09-22T10:55:17+09:00,https://job.mynavi.jp/28/pc/corpinfo/displayInternship/index?corpId=206345&optNo=TdniH
(株)ウエスコ,d-hondo@wesco.co.jp,086-254-2402,,その他 1件,0.0%,0.0%,100.0%,1,267897,2026-09-22T10:55:17+09:00,https://job.mynavi.jp/28/pc/corpinfo/displayInternship/index?corpId=267897&optNo=CzFXa
(株)ウエストヒル,westhill.saiyou@west-hill.co.jp,082-941-5051; 082-941-5052,https://www.west-hill.co.jp/,その他 1件,0.0%,0.0%,100.0%,1,98504,2026-09-22T10:55:17+09:00,https://job.mynavi.jp/28/pc/corpinfo/displayInternship/index?corpId=98504&optNo=tZgNp
(株)エグロ,k-kitazawa@eguro.co.jp,0266-23-5511,https://www.eguro.co.jp; https://www.youtube.com/@eguro8788,その他 1件,0.0%,0.0%,100.0%,1,95475,2026-09-22T10:55:17+09:00,https://job.mynavi.jp/28/pc/corpinfo/displayInternship/index?corpId=95475&optNo=8Hf80
(株)エコア,jinji@ecoregas.jp,092-282-8917,https://www.ecoregas.jp/,"一部（50,000円） 1件",0.0%,100.0%,0.0%,1,228244,2026-09-22T10:55:17+09:00,https://job.mynavi.jp/28/pc/corpinfo/displayInternship/index?corpId=228244&optNo=r6dom
(株)エコ・ビレッジ,takiuchi@eco-vnet.com,0246-28-0111,https://www.eco-vnet.com/,"一部（15,000円） 1件",0.0%,100.0%,0.0%,1,294819,2026-09-22T10:55:17+09:00,https://job.mynavi.jp/28/pc/corpinfo/displayInternship/index?corpId=294819&optNo=-ORJ-
(株)エス・ティー・シー,jinji@stcnet.jp,054-660-5353,https://www.instagram.com/stc_saiyoz/; https://www.stcnet.co.jp/,"一部（6,000円） 1件",0.0%,100.0%,0.0%,1,110500,2026-09-22T10:55:17+09:00,https://job.mynavi.jp/28/pc/corpinfo/displayInternship/index?corpId=110500&optNo=WZ-k7
(株)エス・ティー・ワールド,jinji@stworld.co.jp,045-228-8294; 045-228-8418,https://stworld.jp/; https://stworld.jp/corp/recruit_stw/top/,その他 1件,0.0%,0.0%,100.0%,1,64452,2026-09-22T10:55:17+09:00,https://job.mynavi.jp/28/pc/corpinfo/displayInternship/index?corpId=64452&optNo=ZCM31
(株)エス・ビー・シー,ueta-yu@sbc-1969.co.jp,0883-52-1621,http://www.sbc-1969.co.jp/; https://www.facebook.com/sbc1969cojp/,"一部（5,000円） 2件",0.0%,100.0%,0.0%,2,90934,2026-09-22T10:55:17+09:00,https://job.mynavi.jp/28/pc/corpinfo/displayInternship/index?corpId=90934&optNo=Fk4qo
(株)エヌ・エス・ピー,nsp-recruit@r-navi.net,052-307-4993,https://www.kknsp.jp/,全額 1件,100.0%,0.0%,0.0%,1,73467,2026-09-22T10:55:17+09:00,https://job.mynavi.jp/28/pc/corpinfo/displayInternship/index?corpId=73467&optNo=PA9s1
(株)エネゲート【関西電力グループ・大崎電気グループ】,recruiter-mail@enegate.co.jp,06-6458-7301,https://www.enegate.co.jp,"一部（2,000円） 1件",0.0%,100.0%,0.0%,1,95680,2026-09-22T10:55:17+09:00,https://job.mynavi.jp/28/pc/corpinfo/displayInternship/index?corpId=95680&optNo=GhN8z
(株)エフアイ,yuki@efuai.com,077-551-2531,https://www.efuai.co.jp/,全額 1件,100.0%,0.0%,0.0%,1,97368,2026-09-22T10:55:17+09:00,https://job.mynavi.jp/28/pc/corpinfo/displayInternship/index?corpId=97368&optNo=PKZJ-
(株)エフウォーターマネジメント【アジア航測グループ】,jinji@fwater-mgt.co.jp,077-524-1411,http://www.fwater-mgt.co.jp/; https://www.fwater-mgt.co.jp/,"一部（3,000円） 3件",0.0%,100.0%,0.0%,3,211054,2026-09-22T10:55:17+09:00,https://job.mynavi.jp/28/pc/corpinfo/displayInternship/index?corpId=211054&optNo=R1-5o
(株)エフエスティ,saiyou@fujisofttech.co.jp,06-6422-3811,https://www.fujisofttech.co.jp; https://www.instagram.com/fst_public_relations/,"一部（5,000円） 1件",0.0%,100.0%,0.0%,1,73799,2026-09-22T10:55:17+09:00,https://job.mynavi.jp/28/pc/corpinfo/displayInternship/index?corpId=73799&optNo=qIYFn
(株)エム・エス経営企画【サンヨー薬局】,horibe.sanyo3417@gmail.com,086-214-3417; 090-9502-5452,http://sanyo3417.co.jp/,その他 1件,0.0%,0.0%,100.0%,1,204050,2026-09-22T10:55:17+09:00,https://job.mynavi.jp/28/pc/corpinfo/displayInternship/index?corpId=204050&optNo=MGWwO
(株)エリオニクス,rec@elionix.com,042-626-0612,https://www.elionix.co.jp/,全額 1件,100.0%,0.0%,0.0%,1,51245,2026-09-22T10:55:17+09:00,https://job.mynavi.jp/28/pc/corpinfo/displayInternship/index?corpId=51245&optNo=knCNa
(株)エーシーエ設計,a-saiyo@aca-sekkei.co.jp,026-296-8300,https://www.aca-sekkei.co.jp/; https://www.facebook.com/ACASEKKEI.LTD/,"一部（30,000円） 3件",0.0%,100.0%,0.0%,3,89751,2026-09-22T10:55:17+09:00,https://job.mynavi.jp/28/pc/corpinfo/displayInternship/index?corpId=89751&optNo=8QFTU
(株)エース,t_yokota@acekyoto.co.jp,075-361-1525,https://www.acekyoto.com/,全額 2件,100.0%,0.0%,0.0%,2,256113,2026-09-22T10:55:17+09:00,https://job.mynavi.jp/28/pc/corpinfo/displayInternship/index?corpId=256113&optNo=FmDyn
(株)エース,ace-3@ina.janis.or.jp,0265-74-0025,http://ace-nagano.co.jp/company.html,その他 1件,0.0%,0.0%,100.0%,1,269772,2026-09-22T10:55:17+09:00,https://job.mynavi.jp/28/pc/corpinfo/displayInternship/index?corpId=269772&optNo=-bjet
(株)エーワンコンサルタント,jinji@a1-consultant.com,0942-46-6520,http://a1-consultant.biz/; https://a1-consultant.biz/,その他 2件,0.0%,0.0%,100.0%,2,236933,2026-09-22T10:55:17+09:00,https://job.mynavi.jp/28/pc/corpinfo/displayInternship/index?corpId=236933&optNo=IiOR1
(株)オイシス,oogushi-y@oisis.jp,072-772-0144,https://oisis.co.jp/,全額 1件,100.0%,0.0%,0.0%,1,65780,2026-09-22T10:55:17+09:00,https://job.mynavi.jp/28/pc/corpinfo/displayInternship/index?corpId=65780&optNo=nE5e2
(株)オオバ【東証プライム上場】,jinji@k-ohba.co.jp,03-5931-5933,https://www.k-ohba.co.jp/,"一部（3,000円） 1件",0.0%,100.0%,0.0%,1,107981,2026-09-22T10:55:17+09:00,https://job.mynavi.jp/28/pc/corpinfo/displayInternship/index?corpId=107981&optNo=-MYBI
(株)オカモト・コンストラクション・システム,saiyo@okamoto-cs.co.jp,06-6416-6855,http://www.okamoto-cs.co.jp/,その他 1件,0.0%,0.0%,100.0%,1,38397,2026-09-22T10:55:17+09:00,https://job.mynavi.jp/28/pc/corpinfo/displayInternship/index?corpId=38397&optNo=Ex29l
(株)オガワ,saiyo@sign21.co.jp,082-837-0770; 082-837-1010,https://www.sign21.co.jp/,"一部（5,000円） 1件",0.0%,100.0%,0.0%,1,102127,2026-09-22T10:55:17+09:00,https://job.mynavi.jp/28/pc/corpinfo/displayInternship/index?corpId=102127&optNo=0pfXY
(株)オガワエコノス,soumu@o-econos.com,0570-002-998,http://www.o-econos.com,その他 1件,0.0%,0.0%,100.0%,1,223251,2026-09-22T10:55:17+09:00,https://job.mynavi.jp/28/pc/corpinfo/displayInternship/index?corpId=223251&optNo=-QX4I
(株)オリジナルマインド,recruit@originalmind.co.jp,0266-23-8531,https://www.originalmind.co.jp/; https://www.originalmind.co.jp/company/,その他 3件,0.0%,0.0%,100.0%,3,88970,2026-09-22T10:55:17+09:00,https://job.mynavi.jp/28/pc/corpinfo/displayInternship/index?corpId=88970&optNo=64Khd
(株)オンダ製作所,saiyou@onda.co.jp,0575-24-8189,,その他 1件,0.0%,0.0%,100.0%,1,82096,2026-09-22T10:55:17+09:00,https://job.mynavi.jp/28/pc/corpinfo/displayInternship/index?corpId=82096&optNo=xvAXV
(株)オンド,recruitment@ondo.co.jp,082-428-2211,http://www.ondo.co.jp/company,"一部（20,000円） 1件",0.0%,100.0%,0.0%,1,222907,2026-09-22T10:55:17+09:00,https://job.mynavi.jp/28/pc/corpinfo/displayInternship/index?corpId=222907&optNo=lEAFd
(株)オーツカ,kyujin@otsukacorp.co.jp,058-388-3121,https://www.instagram.com/fushokufu_otsuka/; https://www.otsukacorp.co.jp/; https://www.youtube.com/watch?v=yjgklnWIT2o,"一部（1,000円） 1件",0.0%,100.0%,0.0%,1,222214,2026-09-22T10:55:17+09:00,https://job.mynavi.jp/28/pc/corpinfo/displayInternship/index?corpId=222214&optNo=o4X0B
(株)オートセンターモリ,k-mori@acmori.co.jp,0595-24-3324; 0595-24-3325,,"一部（5,000円） 1件",0.0%,100.0%,0.0%,1,267541,2026-09-22T10:55:17+09:00,https://job.mynavi.jp/28/pc/corpinfo/displayInternship/index?corpId=267541&optNo=aiAFp
(株)オートテクニックジャパン【ATJ】,saiyou@autotechnic.co.jp,0120-314-399; 028-677-1074; 028-688-8613,https://u-movenext.net/; https://www.autotechnic.co.jp; https://www.youtube.com/user/AutoTechnicJapan,"一部（2,000円） 1件 / その他 1件",0.0%,50.0%,50.0%,2,207249,2026-09-22T10:55:17+09:00,https://job.mynavi.jp/28/pc/corpinfo/displayInternship/index?corpId=207249&optNo=CYa4Y
(株)オーユーシステム,recruit839@ous.co.jp,086-293-2755,https://www.ous.co.jp/,その他 1件,0.0%,0.0%,100.0%,1,292155,2026-09-22T10:55:17+09:00,https://job.mynavi.jp/28/pc/corpinfo/displayInternship/index?corpId=292155&optNo=Yx-1q
(株)カイ・オー・エール【旧社名：(株)甲斐冷機】,osaka@kaieauair.co.jp,06-6325-3318; 06-6325-3319,https://kaieauair.co.jp/,"一部（3,000円） 3件",0.0%,100.0%,0.0%,3,283270,2026-09-22T10:55:17+09:00,https://job.mynavi.jp/28/pc/corpinfo/displayInternship/index?corpId=283270&optNo=KkBRo
(株)カクイックスウィング【カクイックスグループ】,uto@kakuix-wing.com,099-261-4114,,"一部（3,000円） 2件",0.0%,100.0%,0.0%,2,200997,2026-09-22T10:55:17+09:00,https://job.mynavi.jp/28/pc/corpinfo/displayInternship/index?corpId=200997&optNo=2xigQ
(株)カジテック,soumu@e-kajiura.co.jp,06-6261-1958,https://www.kajitech.jp/,"一部（5,000円） 1件 / 一部（500円） 1件",0.0%,100.0%,0.0%,2,219967,2026-09-22T10:55:17+09:00,https://job.mynavi.jp/28/pc/corpinfo/displayInternship/index?corpId=219967&optNo=gh6pH
(株)カネカ,saiyo@kaneka.co.jp,,https://www.kaneka.co.jp/,その他 1件,0.0%,0.0%,100.0%,1,462,2026-09-22T10:55:17+09:00,https://job.mynavi.jp/28/pc/corpinfo/displayInternship/index?corpId=462&optNo=-6UEy
(株)カネシロ,y-koike@kaneshiro.info,,https://www.kaneshiro.info/,その他 1件,0.0%,0.0%,100.0%,1,233016,2026-09-22T10:55:17+09:00,https://job.mynavi.jp/28/pc/corpinfo/displayInternship/index?corpId=233016&optNo=77umz
(株)カミタケモータース,hino@kamitake.net,072-849-8815,https://kamitake.jp/internship/; https://www.kamitake.net/,全額 2件,100.0%,0.0%,0.0%,2,95258,2026-09-22T10:55:17+09:00,https://job.mynavi.jp/28/pc/corpinfo/displayInternship/index?corpId=95258&optNo=u0TaW
(株)カルク,k-arii241@calcinc.co.jp; recruit@calcinc.co.jp,055-273-5344,,その他 2件,0.0%,0.0%,100.0%,2,215741,2026-09-22T10:55:17+09:00,https://job.mynavi.jp/28/pc/corpinfo/displayInternship/index?corpId=215741&optNo=Iwc-f
(株)カンセツ,saiyo@kansetsu.co.jp,070-3288-1571,https://www.kansetsu.co.jp/,その他 3件,0.0%,0.0%,100.0%,3,271221,2026-09-22T10:55:17+09:00,https://job.mynavi.jp/28/pc/corpinfo/displayInternship/index?corpId=271221&optNo=3syjm
(株)ガイアート【熊谷組グループ】(旧社名：(株)ガイアートT・K),saiyou@gaeart.com,0120-03-1786,https://www.gaeart.com/,その他 4件,0.0%,0.0%,100.0%,4,104548,2026-09-22T10:55:17+09:00,https://job.mynavi.jp/28/pc/corpinfo/displayInternship/index?corpId=104548&optNo=8OOpv
(株)キグチテクニクス,miyabara_t@kiguchitech.co.jp; recruit@kiguchitech.co.jp,080-8247-6083,https://kiguchitech.co.jp/,その他 1件,0.0%,0.0%,100.0%,1,200991,2026-09-22T10:55:17+09:00,https://job.mynavi.jp/28/pc/corpinfo/displayInternship/index?corpId=200991&optNo=Cw6z7
(株)キッツメタルワークス,h-rieko@kitz.co.jp,,https://www.bing.com/videos/riverview/relatedvideo?q=TSUNAGU+%e3%82%ad%e3%83%83%e3%83%84%e3%83%a1%e3%82%bf%e3%83%ab%e3%83%af%e3%83%bc%e3%82%af%e3%82%b9&mid=0FD524B677ACC241AF5E0FD524B677ACC241AF5E&FORM=VIRE,全額 3件,100.0%,0.0%,0.0%,3,82893,2026-09-22T10:55:17+09:00,https://job.mynavi.jp/28/pc/corpinfo/displayInternship/index?corpId=82893&optNo=TO9cX
(株)キヌヤ,mizuno@kinuya.co.jp,0856-23-0865,https://www.kinuya.co.jp/,その他 1件,0.0%,0.0%,100.0%,1,112393,2026-09-22T10:55:17+09:00,https://job.mynavi.jp/28/pc/corpinfo/displayInternship/index?corpId=112393&optNo=s7AaW
(株)キーエンス,jobs@keyence.co.jp,0120-100-911,,その他 1件,0.0%,0.0%,100.0%,1,6692,2026-09-22T10:55:17+09:00,https://job.mynavi.jp/28/pc/corpinfo/displayInternship/index?corpId=6692&optNo=K6jNq
(株)キーストン,recruit@keystone-ha.co.jp,053-430-6780,https://www.keystone-ha.co.jp/,その他 2件,0.0%,0.0%,100.0%,2,205947,2026-09-22T10:55:17+09:00,https://job.mynavi.jp/28/pc/corpinfo/displayInternship/index?corpId=205947&optNo=0v-cB
(株)クスリのアオキ【薬剤師職】,yume@kusuri-aoki.com,076-274-6111,http://www.kusuri-aoki.co.jp/,"一部（2,000円） 1件",0.0%,100.0%,0.0%,1,69643,2026-09-22T10:55:17+09:00,https://job.mynavi.jp/28/pc/corpinfo/displayInternship/index?corpId=69643&optNo=qbu9O
(株)クラフティア【旧社名：(株)九電工】,jinjika@kraftia.com,,https://mypage.3010.i-webs.jp/kraftia2028/; https://www.kraftia.co.jp/,その他 1件,0.0%,0.0%,100.0%,1,50267,2026-09-22T10:55:17+09:00,https://job.mynavi.jp/28/pc/corpinfo/displayInternship/index?corpId=50267&optNo=lFUDd
(株)クラレ,Recruit.Jpn@kuraray.com,,https://vectran.kuraray.com/ja/; https://www.kuraray.com/jp-ja/,その他 1件,0.0%,0.0%,100.0%,1,261,2026-09-22T10:55:17+09:00,https://job.mynavi.jp/28/pc/corpinfo/displayInternship/index?corpId=261&optNo=mOpfl
(株)クリタス,kaz_saiyo01@kurita-water.com,03-6324-3727,https://kuritaz.co.jp/index.html,"一部（20,000円） 2件",0.0%,100.0%,0.0%,2,59559,2026-09-22T10:55:17+09:00,https://job.mynavi.jp/28/pc/corpinfo/displayInternship/index?corpId=59559&optNo=DYOE7
(株)クリマテック【鹿島建設グループ】,ct-recruit@clima-teq.com,03-6705-0553,https://www.clima-teq.com/,その他 1件,0.0%,0.0%,100.0%,1,224836,2026-09-22T10:55:17+09:00,https://job.mynavi.jp/28/pc/corpinfo/displayInternship/index?corpId=224836&optNo=HP8wD
(株)グランドクリエイト【ミライト・ワングループ】,shiomitsu.kousaku@mirait-one.com,06-6446-3379,https://gr-cr.com/,その他 1件,0.0%,0.0%,100.0%,1,284752,2026-09-22T10:55:17+09:00,https://job.mynavi.jp/28/pc/corpinfo/displayInternship/index?corpId=284752&optNo=tLMC1
(株)ケイシイシイ【小樽洋菓子舗 LeTAO】,kcc-saiyou@letao.co.jp,0123-28-3155,https://kcc-co.jp/; https://www.letao.jp/,その他 1件,0.0%,0.0%,100.0%,1,79410,2026-09-22T10:55:17+09:00,https://job.mynavi.jp/28/pc/corpinfo/displayInternship/index?corpId=79410&optNo=pFGoD
(株)ケイズ,ks-rec@kscom.co.jp,0859-32-1761,https://www.kscom.co.jp/,全額 3件,100.0%,0.0%,0.0%,3,232410,2026-09-22T10:55:17+09:00,https://job.mynavi.jp/28/pc/corpinfo/displayInternship/index?corpId=232410&optNo=MNBr1
(株)コアズ,shinsotsu_ng@corps.co.jp,052-202-0018,https://corps-inc.jp,"一部（2,000円） 1件",0.0%,100.0%,0.0%,1,234697,2026-09-22T10:55:17+09:00,https://job.mynavi.jp/28/pc/corpinfo/displayInternship/index?corpId=234697&optNo=GNW-Y
(株)コサカ技研,kyujin-3444@kosakagiken.co.jp,0178-27-3444,https://www.kosakagiken.co.jp,"一部（30,000円） 2件",0.0%,100.0%,0.0%,2,214795,2026-09-22T10:55:17+09:00,https://job.mynavi.jp/28/pc/corpinfo/displayInternship/index?corpId=214795&optNo=-NOwY
(株)コスモス調剤【コスモス調剤薬局】【旧社名：(株)名北調剤】,saiyo@cosmos-ph.co.jp,,https://www.cosmos-ph.co.jp/; https://www.instagram.com/cosmos.pharmacy/,"一部（17,000円） 1件 / その他 1件",0.0%,50.0%,50.0%,2,103667,2026-09-22T10:55:17+09:00,https://job.mynavi.jp/28/pc/corpinfo/displayInternship/index?corpId=103667&optNo=H1Jr6
(株)コスモ建設コンサルタント,recruit@cosmo-con.com,0853-72-1171,https://cosmoc.jp/,その他 3件,0.0%,0.0%,100.0%,3,225279,2026-09-22T10:55:17+09:00,https://job.mynavi.jp/28/pc/corpinfo/displayInternship/index?corpId=225279&optNo=0GB24
(株)コパックス,jinji_1158@kopax.co.jp,,https://kopax.co.jp/,全額 1件 / その他 1件,50.0%,0.0%,50.0%,2,109513,2026-09-22T10:55:17+09:00,https://job.mynavi.jp/28/pc/corpinfo/displayInternship/index?corpId=109513&optNo=0moB0
(株)コメットカトウ,saiyo@cometkato.co.jp,,https://www.cometkato.co.jp/,"一部（3,000円） 2件",0.0%,100.0%,0.0%,2,247227,2026-09-22T10:55:17+09:00,https://job.mynavi.jp/28/pc/corpinfo/displayInternship/index?corpId=247227&optNo=NmRHo
(株)コヤマ,soumu@koyama-nagano.co.jp,,https://www.koyama-nagano.co.jp/,その他 3件,0.0%,0.0%,100.0%,3,96183,2026-09-22T10:55:17+09:00,https://job.mynavi.jp/28/pc/corpinfo/displayInternship/index?corpId=96183&optNo=-IVp4
(株)コンシェルジュ【大阪いずみ市民生協グループ】,info_concierge@izumi.coop,0725-53-5428,http://www.co-concie-freshers.com/; http://www.co-concie.com,"一部（3,000円） 2件",0.0%,100.0%,0.0%,2,96405,2026-09-22T10:55:17+09:00,https://job.mynavi.jp/28/pc/corpinfo/displayInternship/index?corpId=96405&optNo=9MB-f
(株)コープ葬祭,saiyoucoop0404@gmail.com,080-2928-1606,https://note.com/coopsousai_1980; https://www.instagram.com/coopsousai_recruit/?igshid=YmMyMTA2M2Y%3D,その他 1件,0.0%,0.0%,100.0%,1,238517,2026-09-22T10:55:17+09:00,https://job.mynavi.jp/28/pc/corpinfo/displayInternship/index?corpId=238517&optNo=fkz8Q
(株)ゴルフパートナー【ゼビオグループ】,golfpartner@saiyo-group0001.jp,,,全額 1件,100.0%,0.0%,0.0%,1,80832,2026-09-22T10:55:17+09:00,https://job.mynavi.jp/28/pc/corpinfo/displayInternship/index?corpId=80832&optNo=LwbHH
(株)ゴーシュー,m.kitagawa@gohsyu.com,0748-77-3110,https://www.gohsyu.com/,その他 1件,0.0%,0.0%,100.0%,1,75966,2026-09-22T10:55:17+09:00,https://job.mynavi.jp/28/pc/corpinfo/displayInternship/index?corpId=75966&optNo=c3MUy
(株)サイカワ,mitomi@saikawa.co.jp,0257-24-4111,https://www.saikawa.co.jp/,"一部（10,000円） 1件",0.0%,100.0%,0.0%,1,274732,2026-09-22T10:55:17+09:00,https://job.mynavi.jp/28/pc/corpinfo/displayInternship/index?corpId=274732&optNo=0DSVl
(株)サエラ,saera.shinsotsu@saera-ph.co.jp,0120-336-510,https://www.saera-ph.co.jp/; https://www.saera-ph.co.jp/search/,その他 1件,0.0%,0.0%,100.0%,1,79938,2026-09-22T10:55:17+09:00,https://job.mynavi.jp/28/pc/corpinfo/displayInternship/index?corpId=79938&optNo=ZwZ7z
(株)サクラテック,kou42@sacra-tech.co.jp,0248-28-2126,http://www.sacra-tech.co.jp/,"一部（10,000円） 1件",0.0%,100.0%,0.0%,1,201423,2026-09-22T10:55:17+09:00,https://job.mynavi.jp/28/pc/corpinfo/displayInternship/index?corpId=201423&optNo=WEdl3
(株)ササクラ,saiyou@skm.sasakura.co.jp,06-6473-2131,https://www.sasakura.co.jp/,"一部（4,000円） 2件",0.0%,100.0%,0.0%,2,5722,2026-09-22T10:55:17+09:00,https://job.mynavi.jp/28/pc/corpinfo/displayInternship/index?corpId=5722&optNo=8WZih
(株)サザンクロスシステムズ,scs.recruit@scsys.co.jp,0985-72-3770,https://www.scsys.co.jp/,"一部（5,000円） 2件",0.0%,100.0%,0.0%,2,91178,2026-09-22T10:55:17+09:00,https://job.mynavi.jp/28/pc/corpinfo/displayInternship/index?corpId=91178&optNo=dOUZ-
(株)サンコーホーム,recruit@sanko-home.co.jp,0182-35-4779,,"一部（10,000円） 1件",0.0%,100.0%,0.0%,1,106377,2026-09-22T10:55:17+09:00,https://job.mynavi.jp/28/pc/corpinfo/displayInternship/index?corpId=106377&optNo=Wu6Nz
(株)サンスタッフ【豊田自動織機グループ】,saiyo@tje.jp,0566-24-0039,https://tje.sunstaff.co.jp/; https://youtu.be/SK1f5YGX-vA,その他 2件,0.0%,0.0%,100.0%,2,78643,2026-09-22T10:55:17+09:00,https://job.mynavi.jp/28/pc/corpinfo/displayInternship/index?corpId=78643&optNo=oOUS7
(株)サンタキザワ,saiyou@suntaki.co.jp,0269-62-4128,http://www.sungroup-japan.com/suntakizawa/,その他 1件,0.0%,0.0%,100.0%,1,237144,2026-09-22T10:55:17+09:00,https://job.mynavi.jp/28/pc/corpinfo/displayInternship/index?corpId=237144&optNo=jtZPn
(株)サンナン,saiyo@sannan.jp,,https://www.sannan.jp/,その他 1件,0.0%,0.0%,100.0%,1,243286,2026-09-22T10:55:17+09:00,https://job.mynavi.jp/28/pc/corpinfo/displayInternship/index?corpId=243286&optNo=zo0Ig
(株)サンプロ,k-sato@sunpro36.co.jp,0263-31-3410,https://sunpro36.co.jp/; https://www.youtube.com/@sunpro36,"一部（5,000円） 1件",0.0%,100.0%,0.0%,1,222885,2026-09-22T10:55:17+09:00,https://job.mynavi.jp/28/pc/corpinfo/displayInternship/index?corpId=222885&optNo=LPD7B
(株)サンポー【アパマンショップ】,sanpoo-recruit@sanpoo.co.jp,0265-83-1174,https://www.sanpoo.co.jp/,"一部（5,000円） 1件",0.0%,100.0%,0.0%,1,99558,2026-09-22T10:55:17+09:00,https://job.mynavi.jp/28/pc/corpinfo/displayInternship/index?corpId=99558&optNo=T4VYp
(株)シイ・エス・デイ,fujinaka@csd.ne.jp,082-506-0222,,"一部（1,000円） 1件",0.0%,100.0%,0.0%,1,204368,2026-09-22T10:55:17+09:00,https://job.mynavi.jp/28/pc/corpinfo/displayInternship/index?corpId=204368&optNo=TPA0n
(株)システムエンタープライズ,recruit2027@s-enter.com,086-286-9188,https://www.instagram.com/system_enterprise/; https://www.s-enter.com/; https://www.youtube.com/watch?v=gINjNORU34Q,その他 1件,0.0%,0.0%,100.0%,1,84609,2026-09-22T10:55:17+09:00,https://job.mynavi.jp/28/pc/corpinfo/displayInternship/index?corpId=84609&optNo=UFJZD
(株)システムハウス,recruit@system-house.co.jp,,,その他 1件,0.0%,0.0%,100.0%,1,211559,2026-09-22T10:55:17+09:00,https://job.mynavi.jp/28/pc/corpinfo/displayInternship/index?corpId=211559&optNo=noISB
(株)シマダオール,recruit@shimada-all.co.jp,086-456-8860,http://www.shimada-all.co.jp/,"一部（3,000円） 1件",0.0%,100.0%,0.0%,1,103210,2026-09-22T10:55:17+09:00,https://job.mynavi.jp/28/pc/corpinfo/displayInternship/index?corpId=103210&optNo=shImd
(株)シマノ【東証プライム市場上場】,employment@sic.shimano.co.jp,,,その他 1件,0.0%,0.0%,100.0%,1,57927,2026-09-22T10:55:17+09:00,https://job.mynavi.jp/28/pc/corpinfo/displayInternship/index?corpId=57927&optNo=8kziz
(株)シリウス【アイフルホーム/シュガーホーム】,sirius-saiyou@kk-sirius.co.jp; takamura294@kk-sirius.co.jp,019-604-6860,,"一部（30,000円） 3件",0.0%,100.0%,0.0%,3,221852,2026-09-22T10:55:17+09:00,https://job.mynavi.jp/28/pc/corpinfo/displayInternship/index?corpId=221852&optNo=Q514X
(株)シーアイエス（JBCCグループ）,saiyo@cisjp.com,052-261-2182,https://www.cisjp.com/,その他 1件,0.0%,0.0%,100.0%,1,112812,2026-09-22T10:55:17+09:00,https://job.mynavi.jp/28/pc/corpinfo/displayInternship/index?corpId=112812&optNo=4o-S0
(株)シーテック【中部電力グループ】,info.recruit@ctechcorp.co.jp,052-720-3841,http://www.ctechcorp.co.jp/; https://www.ctechcorp.co.jp/,"一部（5,000円） 1件",0.0%,100.0%,0.0%,1,271696,2026-09-22T10:55:17+09:00,https://job.mynavi.jp/28/pc/corpinfo/displayInternship/index?corpId=271696&optNo=ShuCy
(株)ジインズ,soumu@jins.co.jp,,https://www.jins.co.jp/,その他 1件,0.0%,0.0%,100.0%,1,209994,2026-09-22T10:55:17+09:00,https://job.mynavi.jp/28/pc/corpinfo/displayInternship/index?corpId=209994&optNo=yKnRX
(株)ジェイテクトフルードパワーシステム【ジェイテクトグループ】,jinji-saiyo@fluid.jtekt.co.jp,,https://www.jtekt-fluid.co.jp/,その他 2件,0.0%,0.0%,100.0%,2,50875,2026-09-22T10:55:17+09:00,https://job.mynavi.jp/28/pc/corpinfo/displayInternship/index?corpId=50875&optNo=aENKW
(株)ジェイマックシステム,recruit@j-mac.co.jp,011-221-6262; 011-222-6260,https://www.j-mac.co.jp/,"一部（1,500円） 1件",0.0%,100.0%,0.0%,1,62048,2026-09-22T10:55:17+09:00,https://job.mynavi.jp/28/pc/corpinfo/displayInternship/index?corpId=62048&optNo=jPXSH
(株)ジェイ・エム・エス（JMS）,pub-jinji@jms.cc,082-243-5899,https://www.jms.cc,"一部（2,000円） 1件",0.0%,100.0%,0.0%,1,68212,2026-09-22T10:55:17+09:00,https://job.mynavi.jp/28/pc/corpinfo/displayInternship/index?corpId=68212&optNo=Kc5ZD
(株)ジェット,jet@kkjet.co.jp,024-945-1000,http://www.kkjet.co.jp/; https://www.instagram.com/jet_recruit_0701/; https://www.kkjet.co.jp/,"一部（20,000円） 2件",0.0%,100.0%,0.0%,2,250233,2026-09-22T10:55:17+09:00,https://job.mynavi.jp/28/pc/corpinfo/displayInternship/index?corpId=250233&optNo=-UtWX
(株)ジェー・シー・アイ,jci@jci-1000nen.co.jp,022-745-1311,https://jci-1000nen.co.jp/,その他 2件,0.0%,0.0%,100.0%,2,221920,2026-09-22T10:55:17+09:00,https://job.mynavi.jp/28/pc/corpinfo/displayInternship/index?corpId=221920&optNo=DcmPa
(株)ジッソク,hayashi-h@jissoku.jp,0265-82-2328,https://www.jissoku.jp/,"一部（15,000円） 1件",0.0%,100.0%,0.0%,1,239780,2026-09-22T10:55:17+09:00,https://job.mynavi.jp/28/pc/corpinfo/displayInternship/index?corpId=239780&optNo=S3LCs
(株)スギノマシン,recruit@sugino.com,076-477-2519,,その他 1件,0.0%,0.0%,100.0%,1,80518,2026-09-22T10:55:17+09:00,https://job.mynavi.jp/28/pc/corpinfo/displayInternship/index?corpId=80518&optNo=tbaOW
(株)スズカ未来,szk-recruit@suzukamirai.jp,,,"一部（10,000円） 1件",0.0%,100.0%,0.0%,1,61799,2026-09-22T10:55:17+09:00,https://job.mynavi.jp/28/pc/corpinfo/displayInternship/index?corpId=61799&optNo=TOzYB
(株)スズキ自販香川,recruit@j-kagawa.sdr.suzuki,087-813-5688,,その他 1件,0.0%,0.0%,100.0%,1,81096,2026-09-22T10:55:17+09:00,https://job.mynavi.jp/28/pc/corpinfo/displayInternship/index?corpId=81096&optNo=jEKdy
(株)セイノー情報サービス,sakai.shun@siscloud.jp,0584-73-8888,https://www.siscloud.jp/,"一部（5,000円） 1件",0.0%,100.0%,0.0%,1,18780,2026-09-22T10:55:17+09:00,https://job.mynavi.jp/28/pc/corpinfo/displayInternship/index?corpId=18780&optNo=Z3ekQ
(株)セカイズ,saiyo@2028.sekaizrecruit.jp,0564-73-8111,https://www.sekaiz.co.jp/; https://www.sekaiz.co.jp/member/,"一部（1,000円） 1件",0.0%,100.0%,0.0%,1,251320,2026-09-22T10:55:17+09:00,https://job.mynavi.jp/28/pc/corpinfo/displayInternship/index?corpId=251320&optNo=728il
(株)センソクコンサルタント,saiyo@sensoku.com,022-254-6380,https://sensoku.com,その他 1件,0.0%,0.0%,100.0%,1,271322,2026-09-22T10:55:17+09:00,https://job.mynavi.jp/28/pc/corpinfo/displayInternship/index?corpId=271322&optNo=-IAkn
(株)センデン【エイブル】,//www.tiktok.com/@able.senden; kyujin@able-nagano.jp,0263-31-8188,https://www.able-nagano.com/; https://www.tiktok.com/@able.senden,"一部（3,000円） 1件",0.0%,100.0%,0.0%,1,211915,2026-09-22T10:55:17+09:00,https://job.mynavi.jp/28/pc/corpinfo/displayInternship/index?corpId=211915&optNo=xMJal
(株)セントラル,jinji@p-concorde.jp,0569475500,https://p-concorde.co.jp/?page_id=2,その他 1件,0.0%,0.0%,100.0%,1,204851,2026-09-22T10:55:17+09:00,https://job.mynavi.jp/28/pc/corpinfo/displayInternship/index?corpId=204851&optNo=gITCq
(株)ゼロソフト,soumu@zerosoft.co.jp,044-932-5211,https://www.zerosoft.co.jp/contents/profile.html#cp4,"一部（3,000円） 1件",0.0%,100.0%,0.0%,1,51530,2026-09-22T10:55:17+09:00,https://job.mynavi.jp/28/pc/corpinfo/displayInternship/index?corpId=51530&optNo=b6XeH
(株)ソネック【東証スタンダード市場上場】,y_chuma@sonec-const.co.jp,052-937-7511,https://www.sonec-const.co.jp,全額 1件,100.0%,0.0%,0.0%,1,60881,2026-09-22T10:55:17+09:00,https://job.mynavi.jp/28/pc/corpinfo/displayInternship/index?corpId=60881&optNo=Jq9wH
(株)ソフトウェア・サービス【東証スタンダード上場】,hr_recruit@softs.co.jp,0120-88-3140,http://www.softs.co.jp,"一部（1,000円） 3件",0.0%,100.0%,0.0%,3,57120,2026-09-22T10:55:17+09:00,https://job.mynavi.jp/28/pc/corpinfo/displayInternship/index?corpId=57120&optNo=E0Zy-
(株)ソリマチ技研,saiyo@s-giken.co.jp,025-244-1177,https://www.s-giken.co.jp/,その他 1件,0.0%,0.0%,100.0%,1,62716,2026-09-22T10:55:17+09:00,https://job.mynavi.jp/28/pc/corpinfo/displayInternship/index?corpId=62716&optNo=VnNMa
(株)タイヨーエンジニヤ,recruit@taiyoeng.co.jp,0268-62-1700,https://www.taiyoeng.co.jp/,"一部（3,000円） 1件",0.0%,100.0%,0.0%,1,213430,2026-09-22T10:55:17+09:00,https://job.mynavi.jp/28/pc/corpinfo/displayInternship/index?corpId=213430&optNo=Jcn5Q
(株)タカギ,takagi@saiyo-group0001.jp,0120-330-751,https://www.takagi.co.jp/; https://www.youtube.com/channel/UChbOCZ3kb8JHxWZV-5VnX3w,"一部（2,000円） 1件",0.0%,100.0%,0.0%,1,98441,2026-09-22T10:55:17+09:00,https://job.mynavi.jp/28/pc/corpinfo/displayInternship/index?corpId=98441&optNo=Gvi3W
(株)タカシンホールディングス・(株)タカシン【タカシングループ】 [グループ募集],recruit-hd@takasin.jp,0172-44-7236,https://www.instagram.com/takashin_1979/#; https://www.takasin.co.jp/,全額 2件,100.0%,0.0%,0.0%,2,269443,2026-09-22T10:55:17+09:00,https://job.mynavi.jp/28/pc/corpinfo/displayInternship/index?corpId=269443&optNo=Kzq7B
(株)タカチホ【東証スタンダード市場上場】,k-kobayashi@takachiho-net.co.jp,026-221-6677,https://kk-takachiho.jp/,"一部（1,000円） 2件",0.0%,100.0%,0.0%,2,80528,2026-09-22T10:55:17+09:00,https://job.mynavi.jp/28/pc/corpinfo/displayInternship/index?corpId=80528&optNo=YAGHq
(株)タカムラ,tksaiyou@kktakamura.jp,024-553-1464,,その他 1件,0.0%,0.0%,100.0%,1,97614,2026-09-22T10:55:17+09:00,https://job.mynavi.jp/28/pc/corpinfo/displayInternship/index?corpId=97614&optNo=DX7NO
(株)タカヤナギ【グランマート】,n-nofi-tk@mail-takayanagi.com,0187-63-0448; 0187-63-5385,http://www.e-takayanagi.com/,"一部（3,000円） 2件",0.0%,100.0%,0.0%,2,50460,2026-09-22T10:55:17+09:00,https://job.mynavi.jp/28/pc/corpinfo/displayInternship/index?corpId=50460&optNo=h2Ts2
(株)タック【TAC CORPORATION】,saiyo@tac-info.co.jp,0268-64-8778,http://www.tac-info.co.jp; http://www.tac-info.co.jp/,その他 2件,0.0%,0.0%,100.0%,2,98967,2026-09-22T10:55:17+09:00,https://job.mynavi.jp/28/pc/corpinfo/displayInternship/index?corpId=98967&optNo=57sGh
(株)タナベ,ryo-shimizu@tanabe-co.co.jp,025-552-1601,https://tanabe-co.co.jp/,全額 1件,100.0%,0.0%,0.0%,1,221951,2026-09-22T10:55:17+09:00,https://job.mynavi.jp/28/pc/corpinfo/displayInternship/index?corpId=221951&optNo=quLj4
(株)タニガキ建工,honsya@k-tanigaki.co.jp,073-489-6200,https://k-tanigaki.co.jp/,その他 2件,0.0%,0.0%,100.0%,2,263778,2026-09-22T10:55:17+09:00,https://job.mynavi.jp/28/pc/corpinfo/displayInternship/index?corpId=263778&optNo=J0NTU
(株)タニタ秋田【TANITA】,kumiko.muto@tanita.co.jp,0187-66-2122,https://www.tanita.co.jp/akita/,全額 1件,100.0%,0.0%,0.0%,1,233855,2026-09-22T10:55:17+09:00,https://job.mynavi.jp/28/pc/corpinfo/displayInternship/index?corpId=233855&optNo=01acX
(株)ダイキチ,t-kusaka@daikichi.inc,,https://www.tiktok.com/@daikichi1515,全額 1件,100.0%,0.0%,0.0%,1,78487,2026-09-22T10:55:17+09:00,https://job.mynavi.jp/28/pc/corpinfo/displayInternship/index?corpId=78487&optNo=8t2h-
(株)ダイシン,saiyou4412@kdaishin.com,0263-53-4411,https://www.kdaishin.com; https://www.kdaishin.com/,"一部（20,000円） 2件",0.0%,100.0%,0.0%,2,79651,2026-09-22T10:55:17+09:00,https://job.mynavi.jp/28/pc/corpinfo/displayInternship/index?corpId=79651&optNo=099WQ
(株)ダイワ技術サービス,daiwasoumu@d-ts.jp,022-298-9113,https://www.d-ts.jp/,その他 3件,0.0%,0.0%,100.0%,3,234410,2026-09-22T10:55:17+09:00,https://job.mynavi.jp/28/pc/corpinfo/displayInternship/index?corpId=234410&optNo=1nwu4
(株)ダンロップタイヤ,saiyo@dunlop-tyres.co.jp,03-5546-0197,https://corp.jp.dunlop-tyre.com,その他 1件,0.0%,0.0%,100.0%,1,280190,2026-09-22T10:55:17+09:00,https://job.mynavi.jp/28/pc/corpinfo/displayInternship/index?corpId=280190&optNo=mbVff
(株)ティラド【東証プライム上場】,saiyo@trad.co.jp,03-3373-1101; 03-3373-1199,https://www.trad.co.jp/,"一部（20,000円） 1件",0.0%,100.0%,0.0%,1,247962,2026-09-22T10:55:17+09:00,https://job.mynavi.jp/28/pc/corpinfo/displayInternship/index?corpId=247962&optNo=YZo4o
(株)テイコク,internship@teikoku-eng.co.jp,,https://www.teikoku-eng.co.jp/,"一部（10,000円） 1件",0.0%,100.0%,0.0%,1,202335,2026-09-22T10:55:17+09:00,https://job.mynavi.jp/28/pc/corpinfo/displayInternship/index?corpId=202335&optNo=PYW64
(株)テクノ,info@techno-co.com,0942448700,https://techno-co.com/pages/53/,"一部（2,000円） 1件",0.0%,100.0%,0.0%,1,109989,2026-09-22T10:55:17+09:00,https://job.mynavi.jp/28/pc/corpinfo/displayInternship/index?corpId=109989&optNo=p82c3
(株)テクノアルファ,saiyou@techno-alpha.co.jp,0566-21-9330,https://www.techno-alpha.co.jp/,"一部（2,000円） 1件",0.0%,100.0%,0.0%,1,78717,2026-09-22T10:55:17+09:00,https://job.mynavi.jp/28/pc/corpinfo/displayInternship/index?corpId=78717&optNo=dWLN0
(株)テクノバ,saiyou2028@tecnova.co.jp,054-262-5121,,その他 1件,0.0%,0.0%,100.0%,1,210608,2026-09-22T10:55:17+09:00,https://job.mynavi.jp/28/pc/corpinfo/displayInternship/index?corpId=210608&optNo=DpnbV
(株)デイシス(矢崎グループ),smb_daysys-recruit@jp.yazaki.com,054-205-2781,http://www.daysys.jp/,その他 1件,0.0%,0.0%,100.0%,1,80477,2026-09-22T10:55:17+09:00,https://job.mynavi.jp/28/pc/corpinfo/displayInternship/index?corpId=80477&optNo=F-0AO
(株)デリシア【アルピコグループ】,delicia-jinjimt@alpico.co.jp,0263-85-1205,https://www.delicia-web.co.jp/,"一部（2,000円） 1件",0.0%,100.0%,0.0%,1,91395,2026-09-22T10:55:17+09:00,https://job.mynavi.jp/28/pc/corpinfo/displayInternship/index?corpId=91395&optNo=knYnq
(株)デンセン,recruit@densen.co.jp,026-251-0860,https://www.densen.co.jp/,"一部（15,000円） 1件",0.0%,100.0%,0.0%,1,84755,2026-09-22T10:55:17+09:00,https://job.mynavi.jp/28/pc/corpinfo/displayInternship/index?corpId=84755&optNo=yJqqB
(株)デンソーFA山形,dnfy-jinji@jpgr.denso.com,,https://www.denso-fy.co.jp/; https://www.instagram.com/denso_fy_official/,その他 1件,0.0%,0.0%,100.0%,1,111746,2026-09-22T10:55:17+09:00,https://job.mynavi.jp/28/pc/corpinfo/displayInternship/index?corpId=111746&optNo=S-6lO
(株)デンソーワイズテック,dnwt-saiyou@jpgr.denso.com,0574-60-5231,http://www.denso-wisetech.co.jp/,その他 2件,0.0%,0.0%,100.0%,2,205115,2026-09-22T10:55:17+09:00,https://job.mynavi.jp/28/pc/corpinfo/displayInternship/index?corpId=205115&optNo=MDQW-
(株)トゥモローランド,03-5456-0201/saiyo@tomorrowland.co.jp,03-5456-0201,https://www.tomorrowland.co.jp/,全額 1件,100.0%,0.0%,0.0%,1,95649,2026-09-22T10:55:17+09:00,https://job.mynavi.jp/28/pc/corpinfo/displayInternship/index?corpId=95649&optNo=N59qX
(株)トクデン,tk-saiyou@toku-den.co.jp,0584-89-7640; 0584-89-7641,http://toku-den.co.jp/home/; http://www.toku-den.co.jp/home/,その他 1件,0.0%,0.0%,100.0%,1,204554,2026-09-22T10:55:17+09:00,https://job.mynavi.jp/28/pc/corpinfo/displayInternship/index?corpId=204554&optNo=SsyxW
(株)トップファーム,topfarm.recruit@gmail.com,01587-2-3290,https://top-farm.jp/,"一部（100,000円） 1件",0.0%,100.0%,0.0%,1,215173,2026-09-22T10:55:17+09:00,https://job.mynavi.jp/28/pc/corpinfo/displayInternship/index?corpId=215173&optNo=MBuPq
(株)トピア,saiyo@u-topia.co.jp,059-383-0593,http://www.u-topia.co.jp,その他 1件,0.0%,0.0%,100.0%,1,224481,2026-09-22T10:55:17+09:00,https://job.mynavi.jp/28/pc/corpinfo/displayInternship/index?corpId=224481&optNo=h5yOa
(株)トラスト,recruit@trust-nagano.co.jp,090-1119-1077,https://recruit.trust-nagano.co.jp/; https://www.trust-nagano.co.jp/,"一部（10,000円） 1件",0.0%,100.0%,0.0%,1,278757,2026-09-22T10:55:17+09:00,https://job.mynavi.jp/28/pc/corpinfo/displayInternship/index?corpId=278757&optNo=HtiN7
(株)トータルエース【オートバックス】,hayashi@total-ace.com,072-298-7799; 080-2371-5036,https://www.total-ace.com,"一部（1,000円） 1件",0.0%,100.0%,0.0%,1,261211,2026-09-22T10:55:17+09:00,https://job.mynavi.jp/28/pc/corpinfo/displayInternship/index?corpId=261211&optNo=Ow3l-
(株)ドウシシャ【東証プライム上場】,a-coconimo@doshisha.co.jp,03-6408-5588; 06-6121-5819,https://www.doshisha.co.jp/,その他 1件,0.0%,0.0%,100.0%,1,50297,2026-09-22T10:55:17+09:00,https://job.mynavi.jp/28/pc/corpinfo/displayInternship/index?corpId=50297&optNo=NpB4m
(株)ドラッグストアモリ【ドラモリ】,jinji@doramori.co.jp,0946-21-0228; 0946-21-0525,https://axol.jp/zw/s/doramori_28/entry/agreement; https://www.doramori.co.jp/,"一部（30,000円） 2件",0.0%,100.0%,0.0%,2,80268,2026-09-22T10:55:17+09:00,https://job.mynavi.jp/28/pc/corpinfo/displayInternship/index?corpId=80268&optNo=Jhe9d
(株)ナカサク,recruit@nakasaku.jp,0748-75-1175,https://nakasaku.jp/,その他 2件,0.0%,0.0%,100.0%,2,222784,2026-09-22T10:55:17+09:00,https://job.mynavi.jp/28/pc/corpinfo/displayInternship/index?corpId=222784&optNo=XE7jf
(株)ナカノフドー建設【東証スタンダード市場上場】,wave-nakano+28@recruit-mg.com,03-3265-4765,https://www.wave-nakano.co.jp/,全額 1件,100.0%,0.0%,0.0%,1,86787,2026-09-22T10:55:17+09:00,https://job.mynavi.jp/28/pc/corpinfo/displayInternship/index?corpId=86787&optNo=EEhkv
(株)ナガオカ製作所,n-info@nagaokass.co.jp,0267-56-1259,https://www.nagaokass.co.jp/,"全額 1件 / 一部（30,000円） 2件",33.3%,66.7%,0.0%,3,267369,2026-09-22T10:55:17+09:00,https://job.mynavi.jp/28/pc/corpinfo/displayInternship/index?corpId=267369&optNo=UBxbp
(株)ナフコ,recruit@nms.nafco.jp,093-521-5155,,"一部（1,000円） 1件",0.0%,100.0%,0.0%,1,50756,2026-09-22T10:55:17+09:00,https://job.mynavi.jp/28/pc/corpinfo/displayInternship/index?corpId=50756&optNo=kB6ld
(株)ニチレイロジグループ本社,n1040x004@nichirei.co.jp,,,その他 1件,0.0%,0.0%,100.0%,1,244678,2026-09-22T10:55:17+09:00,https://job.mynavi.jp/28/pc/corpinfo/displayInternship/index?corpId=244678&optNo=KxlC4
(株)ニッセイ【ブラザーグループ】,saiyo@nissei-gtr.co.jp,0566-92-1266,http://www.nissei-gtr.co.jp/,"一部（10,000円） 2件",0.0%,100.0%,0.0%,2,57960,2026-09-22T10:55:17+09:00,https://job.mynavi.jp/28/pc/corpinfo/displayInternship/index?corpId=57960&optNo=hDsN1
(株)ニッポンレンタカー信州,katsuyama.t@nipponrentacar.co.jp,080-1712-2891,,その他 1件,0.0%,0.0%,100.0%,1,280001,2026-09-22T10:55:17+09:00,https://job.mynavi.jp/28/pc/corpinfo/displayInternship/index?corpId=280001&optNo=-Et8B
(株)ニトリ,shinsotsu-saiyo@nitori.jp,050-1799-2890,,その他 1件,0.0%,0.0%,100.0%,1,12868,2026-09-22T10:55:17+09:00,https://job.mynavi.jp/28/pc/corpinfo/displayInternship/index?corpId=12868&optNo=BPuIn
(株)ネクスコ・メンテナンス東北【NEXCO東日本グループ】,k.okano.sc@e-nexco.co.jp,022-302-2380,https://www.e-nexco-m-to.co.jp/,その他 1件,0.0%,0.0%,100.0%,1,275422,2026-09-22T10:55:17+09:00,https://job.mynavi.jp/28/pc/corpinfo/displayInternship/index?corpId=275422&optNo=XFA4q
(株)ノーリツ,nr-saiyou@noritz.co.jp,,,全額 1件 / その他 1件,50.0%,0.0%,50.0%,2,1074,2026-09-22T10:55:17+09:00,https://job.mynavi.jp/28/pc/corpinfo/displayInternship/index?corpId=1074&optNo=Ix--t
(株)ハイテックシステム,soumu@hightech.co.jp,023-628-9455,https://www.hightech.co.jp,"一部（2,000円） 1件",0.0%,100.0%,0.0%,1,79828,2026-09-22T10:55:17+09:00,https://job.mynavi.jp/28/pc/corpinfo/displayInternship/index?corpId=79828&optNo=OOSlQ
(株)ハマダ,h-masuda@hamada-inc.co.jp,,,"一部（5,000円） 1件",0.0%,100.0%,0.0%,1,99522,2026-09-22T10:55:17+09:00,https://job.mynavi.jp/28/pc/corpinfo/displayInternship/index?corpId=99522&optNo=VV7Go
(株)ハローワーク,j.kinno@hello-work.co.jp,0197-47-4151,http://www.hello-work.co.jp/,その他 1件,0.0%,0.0%,100.0%,1,204365,2026-09-22T10:55:17+09:00,https://job.mynavi.jp/28/pc/corpinfo/displayInternship/index?corpId=204365&optNo=fWF-3
(株)バイタルリード,soumu@ml.vital-lead.com,0853-22-9690,https://note.com/vtl_vitallead/n/ne5e1d7d1b77f; https://www.vitallead.co.jp/companyprofile/,その他 2件,0.0%,0.0%,100.0%,2,233431,2026-09-22T10:55:17+09:00,https://job.mynavi.jp/28/pc/corpinfo/displayInternship/index?corpId=233431&optNo=Nw9eI
(株)バジェット・レンタカー四国,br4-jinjisoumu@idex.co.jp,087-882-8188; 087-882-8614,https://www.budget-shikoku.com/,その他 1件,0.0%,0.0%,100.0%,1,109238,2026-09-22T10:55:17+09:00,https://job.mynavi.jp/28/pc/corpinfo/displayInternship/index?corpId=109238&optNo=j0fuI
(株)パナホーム静岡,mai-shimmura@shizuoka.panahome.co.jp,,,"一部（30,000円） 1件",0.0%,100.0%,0.0%,1,107002,2026-09-22T10:55:17+09:00,https://job.mynavi.jp/28/pc/corpinfo/displayInternship/index?corpId=107002&optNo=EwNJ2
(株)パーパスエコテック【パーパスグループ】,recruit@purpose-ecotech.co.jp,03-4221-3290,https://www.purpose-ecotech.co.jp/,その他 1件,0.0%,0.0%,100.0%,1,201850,2026-09-22T10:55:17+09:00,https://job.mynavi.jp/28/pc/corpinfo/displayInternship/index?corpId=201850&optNo=gDXyQ
(株)ヒカリ,hkr_recruit@hikari-net.co.jp,089-960-5512,https://www.hikari-net.co.jp/,その他 1件,0.0%,0.0%,100.0%,1,87729,2026-09-22T10:55:17+09:00,https://job.mynavi.jp/28/pc/corpinfo/displayInternship/index?corpId=87729&optNo=OG4kU
(株)ヒューテック,n-hiroshi@hutec-inc.jp,0562-83-4184,https://hutec-inc.jp,"一部（5,000円） 1件",0.0%,100.0%,0.0%,1,271906,2026-09-22T10:55:17+09:00,https://job.mynavi.jp/28/pc/corpinfo/displayInternship/index?corpId=271906&optNo=DZ3ro
(株)ヒラテ技研,recruit_hr@hirate.com,052-222-8555,https://www.hirate.com/; https://www.youtube.com/watch?v=mfHzDKBzlL8,全額 1件,100.0%,0.0%,0.0%,1,75496,2026-09-22T10:55:17+09:00,https://job.mynavi.jp/28/pc/corpinfo/displayInternship/index?corpId=75496&optNo=PP05l
(株)ビーンズラボ,saiyo@beanslabo.co.jp,,https://beanslabo.co.jp/; https://beanslabo.co.jp/blog/,その他 1件,0.0%,0.0%,100.0%,1,266098,2026-09-22T10:55:17+09:00,https://job.mynavi.jp/28/pc/corpinfo/displayInternship/index?corpId=266098&optNo=iL21X
(株)ファイントラスト,recruit@fine-trust.com,0568-29-6680; 0568-29-6683,https://fine-trust.com/,"一部（2,000円） 2件",0.0%,100.0%,0.0%,2,204173,2026-09-22T10:55:17+09:00,https://job.mynavi.jp/28/pc/corpinfo/displayInternship/index?corpId=204173&optNo=DQ6Sd
(株)ファミリー,fcs-saiyou@familycar.jp,0574-62-6444,https://familycar.jp/,全額 1件,100.0%,0.0%,0.0%,1,104066,2026-09-22T10:55:17+09:00,https://job.mynavi.jp/28/pc/corpinfo/displayInternship/index?corpId=104066&optNo=5AaeB
(株)フィールコーポレーション,jinjibu@c-festa.co.jp,052-872-2116,https://feel-corp.jp/,その他 2件,0.0%,0.0%,100.0%,2,55516,2026-09-22T10:55:17+09:00,https://job.mynavi.jp/28/pc/corpinfo/displayInternship/index?corpId=55516&optNo=flzXD
(株)フィールドコンサルティング,info@field-consul.co.jp,,,その他 1件,0.0%,0.0%,100.0%,1,218255,2026-09-22T10:55:17+09:00,https://job.mynavi.jp/28/pc/corpinfo/displayInternship/index?corpId=218255&optNo=abbgo
(株)フェニックスエンジニアリング,saiyo@phoenixeng.co.jp,049-256-9171,https://www.phoenixeng.co.jp/,その他 1件,0.0%,0.0%,100.0%,1,287356,2026-09-22T10:55:17+09:00,https://job.mynavi.jp/28/pc/corpinfo/displayInternship/index?corpId=287356&optNo=Y-R3o
(株)フォーバル【東証スタンダード上場】,recruit@forval.co.jp,,https://saiyo.forval.co.jp/about/number/; https://www.forval.co.jp/; https://www.instagram.com/forval_saiyo.official/,その他 3件,0.0%,0.0%,100.0%,3,56660,2026-09-22T10:55:17+09:00,https://job.mynavi.jp/28/pc/corpinfo/displayInternship/index?corpId=56660&optNo=1JYdD
(株)フジタ建設コンサルタント,saiyou@fujitacc.co.jp,088-698-2155,https://fujitacc.co.jp/,その他 1件,0.0%,0.0%,100.0%,1,97694,2026-09-22T10:55:17+09:00,https://job.mynavi.jp/28/pc/corpinfo/displayInternship/index?corpId=97694&optNo=AfVT7
(株)フジペン,info@fujipen.co.jp; r-fujii@fujipen.co.jp,0182-32-0829,https://fujipen.co.jp; https://fujipen.co.jp/; https://www.instagram.com/fujipen.akita/,その他 2件,0.0%,0.0%,100.0%,2,261399,2026-09-22T10:55:17+09:00,https://job.mynavi.jp/28/pc/corpinfo/displayInternship/index?corpId=261399&optNo=Asnvo
(株)フリースタイルエンターテイメント,saiyo@fsent.jp,052-202-8900,https://www.freestyle-entertainment.co.jp/; https://www.instagram.com/freestyle.entertainment/; https://www.youtube.com/@FSE_channel55,"一部（1,000円） 1件",0.0%,100.0%,0.0%,1,260731,2026-09-22T10:55:17+09:00,https://job.mynavi.jp/28/pc/corpinfo/displayInternship/index?corpId=260731&optNo=0a7k2
(株)フレッシュ青果,hr-saiyo@fresh-seika.jp,099-204-7000,https://fresh-seika.jp/,"一部（10,000円） 1件",0.0%,100.0%,0.0%,1,247215,2026-09-22T10:55:17+09:00,https://job.mynavi.jp/28/pc/corpinfo/displayInternship/index?corpId=247215&optNo=KdIyv
(株)フロンティア・スピリット,k.makinouchi@f-spirit.jp,,https://www.f-spirit.jp/,"一部（30,000円） 1件",0.0%,100.0%,0.0%,1,109692,2026-09-22T10:55:17+09:00,https://job.mynavi.jp/28/pc/corpinfo/displayInternship/index?corpId=109692&optNo=EQX61
(株)ブンカ巧芸社,recruit-bk@bunkakougeisya.co.jp,099-295-4700,https://bunkakougeisya.co.jp/,"一部（1,500円） 2件",0.0%,100.0%,0.0%,2,234641,2026-09-22T10:55:17+09:00,https://job.mynavi.jp/28/pc/corpinfo/displayInternship/index?corpId=234641&optNo=158Tz
(株)プラスイー,kentaro.nishiya@plus-e.com,092-753-6481,http://www.youtube.com/@plus-e-recruit_channel; https://plus-e.biz/,全額 1件,100.0%,0.0%,0.0%,1,261056,2026-09-22T10:55:17+09:00,https://job.mynavi.jp/28/pc/corpinfo/displayInternship/index?corpId=261056&optNo=GX-Wz
(株)プロテック,saiyou@pro-110-119.jp,084-943-6444,https://www.pro-110-119.j; https://www.youtube.com/channel/UC-rB_IZYrMtLU9rH4NSoOIg,"一部（5,000円） 1件",0.0%,100.0%,0.0%,1,94537,2026-09-22T10:55:17+09:00,https://job.mynavi.jp/28/pc/corpinfo/displayInternship/index?corpId=94537&optNo=zZmBB
(株)ベイクルーズ【「JOURNAL STANDARD」「Spick ＆ Span」「IENA」「EDIFICE」「DEUXIEME CLASSE」他】,shinsotsu@baycrews.co.jp,,https://www.baycrews.co.jp/,全額 1件,100.0%,0.0%,0.0%,1,88079,2026-09-22T10:55:17+09:00,https://job.mynavi.jp/28/pc/corpinfo/displayInternship/index?corpId=88079&optNo=2rEnB
(株)ベルソニカ,saiyo@bellsonica.co.jp,053-576-1551,https://bellsonica.co.jp/,その他 3件,0.0%,0.0%,100.0%,3,98534,2026-09-22T10:55:17+09:00,https://job.mynavi.jp/28/pc/corpinfo/displayInternship/index?corpId=98534&optNo=2qIBW
(株)ホクミコンサル,hokumi@hokumi.jp,011-822-0087; 011-822-6999,https://www.hokumi.jp,"一部（2,000円） 1件",0.0%,100.0%,0.0%,1,249272,2026-09-22T10:55:17+09:00,https://job.mynavi.jp/28/pc/corpinfo/displayInternship/index?corpId=249272&optNo=KlspB
(株)ホテル玉の湯,k.yamazaki0573@gmail.com,0263-46-0573,https://www.asama-tamanoyu.co.jp/,"一部（30,000円） 1件",0.0%,100.0%,0.0%,1,243704,2026-09-22T10:55:17+09:00,https://job.mynavi.jp/28/pc/corpinfo/displayInternship/index?corpId=243704&optNo=JqOzH
(株)ホンダカーズ市川,recruit.vcb04@honda-auto.ne.jp,043-239-6300,https://www.hondacars-ichikawa.co.jp/,その他 1件,0.0%,0.0%,100.0%,1,73693,2026-09-22T10:55:17+09:00,https://job.mynavi.jp/28/pc/corpinfo/displayInternship/index?corpId=73693&optNo=daITq
(株)ホンダクリオ富士【ホンダカーズ富士中央】,fuji896.csz02@honda-auto.ne.jp,0545-71-3260,https://www.hondacars-fujichuo.co.jp/; https://www.instagram.com/hondacars_fujichuo/; https://www.youtube.com/@hondacarsyoutubechannel2417,"一部（3,000円） 3件",0.0%,100.0%,0.0%,3,100584,2026-09-22T10:55:17+09:00,https://job.mynavi.jp/28/pc/corpinfo/displayInternship/index?corpId=100584&optNo=0w0Qt
(株)ホンダモビリティ九州（ホンダカーズ福岡／ホンダカーズ長崎／ホンダカーズ大分／ホンダカーズ鹿児島／ホンダカーズ宮崎／ホンダカーズ熊本）,mt439093.cfa00@honda-auto.ne.jp,092-732-1211,https://honda-mobility-kyushu.co.jp/,"一部（20,000円） 1件",0.0%,100.0%,0.0%,1,218042,2026-09-22T10:55:17+09:00,https://job.mynavi.jp/28/pc/corpinfo/displayInternship/index?corpId=218042&optNo=CWqy3
(株)ホンダ自販タナカ【Honda Cars 富山/Honda Dream 富山】,mie_matsui@tanasei.co.jp,,https://www.hondacars-toyama.co.jp/; https://www.hondadream-toyama.jp/,"一部（10,000円） 1件",0.0%,100.0%,0.0%,1,247750,2026-09-22T10:55:17+09:00,https://job.mynavi.jp/28/pc/corpinfo/displayInternship/index?corpId=247750&optNo=lmQB0
(株)ホーネンアグリ,i.morioka@honenagri.com,080-6238-4269,https://www.honenagri.com/,"一部（2,000円） 1件",0.0%,100.0%,0.0%,1,240791,2026-09-22T10:55:17+09:00,https://job.mynavi.jp/28/pc/corpinfo/displayInternship/index?corpId=240791&optNo=g78AX
(株)ホーム創建,masako@homesouken.co.jp,0155-26-1007; 0155-26-1008,,その他 2件,0.0%,0.0%,100.0%,2,202451,2026-09-22T10:55:17+09:00,https://job.mynavi.jp/28/pc/corpinfo/displayInternship/index?corpId=202451&optNo=dly5p
(株)マエダハウジング,yokoyama@maedahousing.co.jp,080-6262-4492; 082-511-7552,https://www.maedahousing.co.jp/,"一部（30,000円） 1件",0.0%,100.0%,0.0%,1,73647,2026-09-22T10:55:17+09:00,https://job.mynavi.jp/28/pc/corpinfo/displayInternship/index?corpId=73647&optNo=n99M3
(株)マグネスケール【DMG MORIグループ】,saiyou-mgs2@magnescale.com,,https://www.magnescale.com/jp/,その他 1件,0.0%,0.0%,100.0%,1,56373,2026-09-22T10:55:17+09:00,https://job.mynavi.jp/28/pc/corpinfo/displayInternship/index?corpId=56373&optNo=Qu5tU
(株)マストレ,jinji@masstrading.co.jp,053-448-5698,,その他 1件,0.0%,0.0%,100.0%,1,76210,2026-09-22T10:55:17+09:00,https://job.mynavi.jp/28/pc/corpinfo/displayInternship/index?corpId=76210&optNo=iRQFD
(株)マツケイ,recruit@matsukei.co.jp,0852-32-1616,https://www.matsukei.co.jp/,その他 1件,0.0%,0.0%,100.0%,1,227701,2026-09-22T10:55:17+09:00,https://job.mynavi.jp/28/pc/corpinfo/displayInternship/index?corpId=227701&optNo=e3xel
(株)マブチ,jinji@k-mabuchi.co.jp,045-210-0055,https://www.k-mabuchi.co.jp/,"一部（2,000円） 2件",0.0%,100.0%,0.0%,2,86537,2026-09-22T10:55:17+09:00,https://job.mynavi.jp/28/pc/corpinfo/displayInternship/index?corpId=86537&optNo=kubzI
(株)マルアイ,saiyou@maruai-super.co.jp,,,その他 1件,0.0%,0.0%,100.0%,1,79294,2026-09-22T10:55:17+09:00,https://job.mynavi.jp/28/pc/corpinfo/displayInternship/index?corpId=79294&optNo=eSg9f
(株)マルイチ,g_trainer@fresh-maruichi.com,080-2523-4477; 0982-52-3560; 0982-52-3880,https://supermaruichi.com/; https://supermaruichi.com/ffdproject/; https://youtu.be/kcrCzAYG6XQ,"一部（5,000円） 1件",0.0%,100.0%,0.0%,1,80644,2026-09-22T10:55:17+09:00,https://job.mynavi.jp/28/pc/corpinfo/displayInternship/index?corpId=80644&optNo=kdLw4
(株)マルヤス,maruyasu.ogawa@gmail.com,059-228-2052,https://www.sapore.co.jp/corp_info.html,"一部（1,000円） 1件",0.0%,100.0%,0.0%,1,65118,2026-09-22T10:55:17+09:00,https://job.mynavi.jp/28/pc/corpinfo/displayInternship/index?corpId=65118&optNo=IyAaB
(株)マースウインテック【マースグループ】,saiyou@winteckk.co.jp,0268-82-1160,https://www.winteckk.co.jp/,その他 1件,0.0%,0.0%,100.0%,1,92409,2026-09-22T10:55:17+09:00,https://job.mynavi.jp/28/pc/corpinfo/displayInternship/index?corpId=92409&optNo=C8lfH
(株)ミツワ,m-shinkai@mitsuwa-gr.co.jp,072-756-1760,https://www.mitsuwa-gr.co.jp/,"一部（1,000円） 1件",0.0%,100.0%,0.0%,1,216802,2026-09-22T10:55:17+09:00,https://job.mynavi.jp/28/pc/corpinfo/displayInternship/index?corpId=216802&optNo=8-Gez
(株)ミナミシマ自動車販売,tanaka@minamishima.jp,0744-24-7877; 0744-24-7888,https://minamishima.jp/; https://u-pohs-nara.co.jp/,"一部（1,000円） 1件",0.0%,100.0%,0.0%,1,270101,2026-09-22T10:55:17+09:00,https://job.mynavi.jp/28/pc/corpinfo/displayInternship/index?corpId=270101&optNo=qk8Ms
(株)ミヤシタ,recruit@k-miyashita.co.jp,0268-85-2323,,"一部（10,000円） 2件",0.0%,100.0%,0.0%,2,276759,2026-09-22T10:55:17+09:00,https://job.mynavi.jp/28/pc/corpinfo/displayInternship/index?corpId=276759&optNo=ODEVn
(株)ミラノ工務店,milano@humancapital.jp,075-231-0177,https://www.milano.co.jp/; https://youtu.be/1QBN3L-Z7jE,その他 1件,0.0%,0.0%,100.0%,1,200966,2026-09-22T10:55:17+09:00,https://job.mynavi.jp/28/pc/corpinfo/displayInternship/index?corpId=200966&optNo=NoIEI
(株)ミラプロ,mpcsaiyou@mirapro.co.jp,0551-42-5111,http://www.mirapro.co.jp/,"一部（3,000円） 1件",0.0%,100.0%,0.0%,1,208973,2026-09-22T10:55:17+09:00,https://job.mynavi.jp/28/pc/corpinfo/displayInternship/index?corpId=208973&optNo=4Zfbv
(株)メガチップス【東証プライム市場上場】,recruit@megachips.co.jp,06-6398-5881,https://www.megachips.co.jp/,全額 1件,100.0%,0.0%,0.0%,1,62225,2026-09-22T10:55:17+09:00,https://job.mynavi.jp/28/pc/corpinfo/displayInternship/index?corpId=62225&optNo=ACwbo
(株)メディカルユアーズ【住友商事グループ】,office@medicalyours.com,0798-78-3330,https://www.medicalyours.com/,一部（500円） 1件,0.0%,100.0%,0.0%,1,230243,2026-09-22T10:55:17+09:00,https://job.mynavi.jp/28/pc/corpinfo/displayInternship/index?corpId=230243&optNo=bkkNB
(株)メディカル一光【フラワー薬局】,flower_recruit_01@m-ikkou.co.jp,,,その他 2件,0.0%,0.0%,100.0%,2,206513,2026-09-22T10:55:17+09:00,https://job.mynavi.jp/28/pc/corpinfo/displayInternship/index?corpId=206513&optNo=GpTKy
(株)モビテック,recruit@mobitec.co.jp,0120-57-7227; 052-564-8600; 092-273-8300,https://www.mobitec.co.jp/; https://www.mobitec.co.jp/mobitecplus/,その他 2件,0.0%,0.0%,100.0%,2,76035,2026-09-22T10:55:17+09:00,https://job.mynavi.jp/28/pc/corpinfo/displayInternship/index?corpId=76035&optNo=eFi64
(株)ヤツレン,yat-som2@ytg.nn-ja.or.jp,0267-98-2028,https://www.yatsuren.jp/,"一部（2,000円） 1件",0.0%,100.0%,0.0%,1,101959,2026-09-22T10:55:17+09:00,https://job.mynavi.jp/28/pc/corpinfo/displayInternship/index?corpId=101959&optNo=KYm34
(株)ヤマウ【ヤマウホールディングス(株)グループ】,a-houzouji@yamau.co.jp,092-718-2260,https://www.yamau.co.jp/,"一部（30,000円） 1件",0.0%,100.0%,0.0%,1,279694,2026-09-22T10:55:17+09:00,https://job.mynavi.jp/28/pc/corpinfo/displayInternship/index?corpId=279694&optNo=ZEu5q
(株)ヤマウラ エンジニアリング事業部【東証プライム上場】,recruit@yamaura.co.jp,0265-81-6060,https://eng.yamaura.co.jp/?_gl=1*1hwti6t*_gcl_au*NTY0MjgzMjc4LjE3NDI3ODUxODQ.; https://yamaura.co.jp/,"一部（20,000円） 1件",0.0%,100.0%,0.0%,1,243460,2026-09-22T10:55:17+09:00,https://job.mynavi.jp/28/pc/corpinfo/displayInternship/index?corpId=243460&optNo=HCy1f
(株)ヤマウラ【東証プライム上場】,recruit@yamaura.co.jp,0265-81-6060,https://yamaura.co.jp/,その他 1件,0.0%,0.0%,100.0%,1,80402,2026-09-22T10:55:17+09:00,https://job.mynavi.jp/28/pc/corpinfo/displayInternship/index?corpId=80402&optNo=XuZ1y
(株)ヤマダヤ,shinsotsu@ymdy.co.jp,052-524-5015; 052-531-9306,https://www.ymdy.co.jp/,その他 1件,0.0%,0.0%,100.0%,1,38851,2026-09-22T10:55:17+09:00,https://job.mynavi.jp/28/pc/corpinfo/displayInternship/index?corpId=38851&optNo=Cxi7o
(株)ユニオン,recruit@the-union.jp,0120-997-875,https://www.theunion.co.jp/,"一部（1,000円） 2件",0.0%,100.0%,0.0%,2,294965,2026-09-22T10:55:17+09:00,https://job.mynavi.jp/28/pc/corpinfo/displayInternship/index?corpId=294965&optNo=pCJQX
(株)ユニックス,uniccs-recruit@uniccs.co.jp,054-686-5651,http://www.uniccs.co.jp/; http://www.uniccs.co.jp/company/,"一部（2,000円） 1件",0.0%,100.0%,0.0%,1,76053,2026-09-22T10:55:17+09:00,https://job.mynavi.jp/28/pc/corpinfo/displayInternship/index?corpId=76053&optNo=ukaH0
(株)ユーコー(ユーコーラッキーグループ),toiawase@yuko-group.co.jp,0120-51-2161; 0942-31-1525,,"一部（1,000円） 1件",0.0%,100.0%,0.0%,1,62354,2026-09-22T10:55:17+09:00,https://job.mynavi.jp/28/pc/corpinfo/displayInternship/index?corpId=62354&optNo=-aQeI
(株)ヨシカワ,jinji@ydec.co.jp,,http://www.ydec.co.jp/,"一部（10,000円） 2件",0.0%,100.0%,0.0%,2,83734,2026-09-22T10:55:17+09:00,https://job.mynavi.jp/28/pc/corpinfo/displayInternship/index?corpId=83734&optNo=EBIEd
(株)ヨネダ,fuchikawa@yonedagumi.com,0773-22-1516; 0773-22-3022,http://www.yonedagumi.com/; https://www.instagram.com/yoneda_saiyo/,"一部（20,000円） 2件",0.0%,100.0%,0.0%,2,68765,2026-09-22T10:55:17+09:00,https://job.mynavi.jp/28/pc/corpinfo/displayInternship/index?corpId=68765&optNo=8OEjQ
(株)ヨークベニマル,info@yb-jinji.com,0120-409-314,http://yorkbenimaru.com/; https://yorkbenimaru.com/,"一部（1,000円） 2件 / 一部（10,000円） 1件 / その他 1件",0.0%,75.0%,25.0%,4,1257,2026-09-22T10:55:17+09:00,https://job.mynavi.jp/28/pc/corpinfo/displayInternship/index?corpId=1257&optNo=9ruyp
(株)ライズクリエイション,recruit@risecreation.jp,,https://risecreation.jp/,その他 1件,0.0%,0.0%,100.0%,1,218749,2026-09-22T10:55:17+09:00,https://job.mynavi.jp/28/pc/corpinfo/displayInternship/index?corpId=218749&optNo=90mhO
(株)ライムイシモト,y.nishimura@limeishimoto.com,0957-26-1662,https://www.limeishimoto.com/guide/,その他 2件,0.0%,0.0%,100.0%,2,260056,2026-09-22T10:55:17+09:00,https://job.mynavi.jp/28/pc/corpinfo/displayInternship/index?corpId=260056&optNo=4dHzn
(株)リブドゥコーポレーション,recruit@livedo.jp,0120-662-115,https://www.livedo.jp/,"一部（3,000円） 1件 / 一部（30,000円） 2件",0.0%,100.0%,0.0%,3,254400,2026-09-22T10:55:17+09:00,https://job.mynavi.jp/28/pc/corpinfo/displayInternship/index?corpId=254400&optNo=FHUCm
(株)ルポハウス,e-kagatsume@reposhouse.com,070-3163-8986,https://www.instagram.com/reposhouse/; https://www.reposhouse.com/,"一部（3,000円） 1件",0.0%,100.0%,0.0%,1,207089,2026-09-22T10:55:17+09:00,https://job.mynavi.jp/28/pc/corpinfo/displayInternship/index?corpId=207089&optNo=Birah
(株)レーザックス,soumu@laserx.co.jp,0566-83-2219,http://laser-navi.com/; http://www.laserx.co.jp/opticel/index.html; https://www.laserx.co.jp/,"一部（1,000円） 1件",0.0%,100.0%,0.0%,1,202800,2026-09-22T10:55:17+09:00,https://job.mynavi.jp/28/pc/corpinfo/displayInternship/index?corpId=202800&optNo=n2ldy
(株)ロゴスホーム【ロゴスホールディングス】,saiyou@logos-holdings.jp,070-8796-7683,http://www.logoshome.jp/,その他 1件,0.0%,0.0%,100.0%,1,87605,2026-09-22T10:55:17+09:00,https://job.mynavi.jp/28/pc/corpinfo/displayInternship/index?corpId=87605&optNo=5S1YY
(株)ワカヤマ,tsukamoto@wakayamapp.jp,0778-51-9555,https://www.wakayamapp.jp/,その他 2件,0.0%,0.0%,100.0%,2,291594,2026-09-22T10:55:17+09:00,https://job.mynavi.jp/28/pc/corpinfo/displayInternship/index?corpId=291594&optNo=Q4f5-
(株)ワキタCSS技術開発【ワキタグループ】(旧社名：(株)CSS技術開発),recruit@css24.jp,042-73-2100,https://forms.office.com/pages/responsepage.aspx?id=o6yAYeZJFEGZDaPzSTteL3VJBQc9c_BAlTZ548xZDQ9UMDc1Q0UySjEzM1BQTUZIUFA0WDM4UzE5TSQlQCN0PWcu&route=shorturl; https://www.css24.jp/,"一部（2,000円） 2件",0.0%,100.0%,0.0%,2,108416,2026-09-22T10:55:17+09:00,https://job.mynavi.jp/28/pc/corpinfo/displayInternship/index?corpId=108416&optNo=TdJE1
(株)ワキタ商会,saiyou@kk-wakita.co.jp,052-251-5228,https://www.kk-wakita.co.jp/,"一部（3,000円） 3件",0.0%,100.0%,0.0%,3,286442,2026-09-22T10:55:17+09:00,https://job.mynavi.jp/28/pc/corpinfo/displayInternship/index?corpId=286442&optNo=9Laev
(株)ワークステーション,wsjinji@workstation.co.jp,06-4391-8801; 06-4391-8806,,その他 1件,0.0%,0.0%,100.0%,1,63844,2026-09-22T10:55:17+09:00,https://job.mynavi.jp/28/pc/corpinfo/displayInternship/index?corpId=63844&optNo=lfsi1
(株)ワールドエンジニアリング,saiyo@world-en.jp,055-984-1244,https://www.world-en.jp,"一部（30,000円） 1件",0.0%,100.0%,0.0%,1,234544,2026-09-22T10:55:17+09:00,https://job.mynavi.jp/28/pc/corpinfo/displayInternship/index?corpId=234544&optNo=Yd5W4
(株)ヴイテック,kawamura@vtec2109.co.jp; yano@vtec2109.co.jp,0566-68-2109,http://www.vtec2109.co.jp/; https://www.youtube.com/watch?v=brI0F_Y-kMU,"一部（10,000円） 2件",0.0%,100.0%,0.0%,2,203050,2026-09-22T10:55:17+09:00,https://job.mynavi.jp/28/pc/corpinfo/displayInternship/index?corpId=203050&optNo=Kw2h1
(株)一宮工務店【一宮グループ】,soumu@komten.ichimiya.co.jp,0897-33-4165,http://www.jees.or.jp/gakkensai/opt-baisho.htm; https://www.ichimiya.co.jp/komten/; https://youtu.be/uQLt8M6qvHg,その他 2件,0.0%,0.0%,100.0%,2,204900,2026-09-22T10:55:17+09:00,https://job.mynavi.jp/28/pc/corpinfo/displayInternship/index?corpId=204900&optNo=b5nW6
(株)七呂建設,ruka.tomono@shichiro.com,0120-928-776,http://www.shichiro.com/,その他 2件,0.0%,0.0%,100.0%,2,103194,2026-09-22T10:55:17+09:00,https://job.mynavi.jp/28/pc/corpinfo/displayInternship/index?corpId=103194&optNo=TjlIH
(株)万惣（alzo、万惣、マルシェー）,jinji.saiyou@mansohonbu.jp,090-6831-8535,https://www.alzo.co.jp/,"一部（2,000円） 1件",0.0%,100.0%,0.0%,1,73350,2026-09-22T10:55:17+09:00,https://job.mynavi.jp/28/pc/corpinfo/displayInternship/index?corpId=73350&optNo=BW8ad
(株)三五,saiyo@sango.co.jp,052-307-3937,https://sango.jp/,その他 1件,0.0%,0.0%,100.0%,1,55078,2026-09-22T10:55:17+09:00,https://job.mynavi.jp/28/pc/corpinfo/displayInternship/index?corpId=55078&optNo=Jbyp2
(株)三光不動産【アパマンショップ】,sanko-entry@apaman-sanko.jp,011-733-6444,http://www.apaman-sanko.jp/; https://ietta.jp/; https://s-lm.co.jp/,"一部（1,000円） 1件",0.0%,100.0%,0.0%,1,113003,2026-09-22T10:55:17+09:00,https://job.mynavi.jp/28/pc/corpinfo/displayInternship/index?corpId=113003&optNo=LuhKH
(株)三協技術,tk.awadu@sankyocc.jp,022-224-5503,https://www.sankyocc.jp/,"一部（20,000円） 1件",0.0%,100.0%,0.0%,1,100061,2026-09-22T10:55:17+09:00,https://job.mynavi.jp/28/pc/corpinfo/displayInternship/index?corpId=100061&optNo=rcQqU
(株)三和,honsya@sanwa-co.jp,083-973-2829,https://www.sanwa-co.jp/; https://www.sanwa-gallery.com/; https://www.youtube.com/@sanwa-1880,その他 1件,0.0%,0.0%,100.0%,1,88883,2026-09-22T10:55:17+09:00,https://job.mynavi.jp/28/pc/corpinfo/displayInternship/index?corpId=88883&optNo=lpZth
(株)三和システム,y.yamamoto@sanwa-tc.jp,080-5623-4801; 0836-33-5858,https://www.sanwa-tc.jp/,"全額 1件 / 一部（20,000円） 1件",50.0%,50.0%,0.0%,2,261229,2026-09-22T10:55:17+09:00,https://job.mynavi.jp/28/pc/corpinfo/displayInternship/index?corpId=261229&optNo=4Sg6t
(株)三晃空調,fujihara@sanko-air.co.jp,06-6363-1618,https://www.instagram.com/sankoairconditioning/; https://www.sanko-air.co.jp/,"一部（20,000円） 2件",0.0%,100.0%,0.0%,2,243900,2026-09-22T10:55:17+09:00,https://job.mynavi.jp/28/pc/corpinfo/displayInternship/index?corpId=243900&optNo=G7rR3
(株)三木組,miura@mikigumi.com,045-453-0041,,"一部（1,500円） 1件",0.0%,100.0%,0.0%,1,209201,2026-09-22T10:55:17+09:00,https://job.mynavi.jp/28/pc/corpinfo/displayInternship/index?corpId=209201&optNo=0QCT7
(株)三條機械製作所,soumu@sanjokikai.co.jp,0256-45-3131,https://www.sanjokikai.co.jp/,"一部（20,000円） 1件",0.0%,100.0%,0.0%,1,243378,2026-09-22T10:55:17+09:00,https://job.mynavi.jp/28/pc/corpinfo/displayInternship/index?corpId=243378&optNo=cHGZd
(株)上田組,k.suzuki@kk-uedagumi.co.jp,0153-85-2221,https://kk-uedagumi.co.jp/,その他 1件,0.0%,0.0%,100.0%,1,258155,2026-09-22T10:55:17+09:00,https://job.mynavi.jp/28/pc/corpinfo/displayInternship/index?corpId=258155&optNo=2Ds6Q
(株)不動産のデパートひろた【HIROTA ASSET PROPOSAL GROUP】,recruit@re-hirota.co.jp,093-663-3934; 093-663-3940,https://corporate.re-hirota.co.jp/; https://wealth-park.com/ja/wealthpark-blog/keypersons-voice-013-1/; https://www.instagram.com/hirota.recruit?igsh=MWVqMmR4ZGlrd2xvMg%3D%3D&utm_source=qr; https://www.youtube.com/watch?v=lcMsFlhqF4w,"一部（5,000円） 3件",0.0%,100.0%,0.0%,3,76244,2026-09-22T10:55:17+09:00,https://job.mynavi.jp/28/pc/corpinfo/displayInternship/index?corpId=76244&optNo=4oi4o
(株)中の坊【有馬グランドホテル・中の坊瑞苑】,saiyo@arima-gh.co.jp,,https://www.arima-nakanobo.jp/,"一部（2,000円） 1件",0.0%,100.0%,0.0%,1,74348,2026-09-22T10:55:17+09:00,https://job.mynavi.jp/28/pc/corpinfo/displayInternship/index?corpId=74348&optNo=WY1q3
(株)中京医薬品【東証スタンダード市場上場】,saiyou@chukyoiyakuhin.co.jp,0120-290-950,https://chukyoiyakuhin.co.jp/; https://chukyoiyakuhin.co.jp/job/; https://youtu.be/Z6YHJBC52BU,その他 1件,0.0%,0.0%,100.0%,1,8950,2026-09-22T10:55:17+09:00,https://job.mynavi.jp/28/pc/corpinfo/displayInternship/index?corpId=8950&optNo=LWzcp
(株)中元組,ryota-saito@nakamotogumi.co.jp; saiyo@nakamotogumi.co.jp,0258-75-3151,,その他 2件,0.0%,0.0%,100.0%,2,101626,2026-09-22T10:55:17+09:00,https://job.mynavi.jp/28/pc/corpinfo/displayInternship/index?corpId=101626&optNo=7jf7m
(株)中和コンストラクション,soumu@chuwa-hdg.jp,0744-42-9313,https://www.chuwa-hdg.jp/; https://www.chuwa-hdg.jp/works,その他 2件,0.0%,0.0%,100.0%,2,109779,2026-09-22T10:55:17+09:00,https://job.mynavi.jp/28/pc/corpinfo/displayInternship/index?corpId=109779&optNo=BxQ0I
(株)中央コーポレーション,titoh@m.e-chuoh.com,0198-26-3033; 0198-26-3035,https://www.e-chuoh.com/,その他 4件,0.0%,0.0%,100.0%,4,257411,2026-09-22T10:55:17+09:00,https://job.mynavi.jp/28/pc/corpinfo/displayInternship/index?corpId=257411&optNo=cjyby
(株)中里工務店,recruit@nakazatok-jinji.com,0800-600-6476,https://nakazatok.jp/recruit/,その他 1件,0.0%,0.0%,100.0%,1,100602,2026-09-22T10:55:17+09:00,https://job.mynavi.jp/28/pc/corpinfo/displayInternship/index?corpId=100602&optNo=NcUda
(株)中電工,saiyou@chudenko.co.jp,082-291-8945,,その他 3件,0.0%,0.0%,100.0%,3,58146,2026-09-22T10:55:17+09:00,https://job.mynavi.jp/28/pc/corpinfo/displayInternship/index?corpId=58146&optNo=XHBcs
(株)丸信,ml-marusinoubo@maru-sin.co.jp,0942-48-0939,https://www.maru-sin.co.jp/,"一部（5,000円） 1件",0.0%,100.0%,0.0%,1,258366,2026-09-22T10:55:17+09:00,https://job.mynavi.jp/28/pc/corpinfo/displayInternship/index?corpId=258366&optNo=gGhL6
(株)九建【九電グループ】,saiyou@qken.co.jp,092-523-9123,https://www.qken.co.jp/; https://www.youtube.com/@CH-uk3wu,その他 1件,0.0%,0.0%,100.0%,1,112594,2026-09-22T10:55:17+09:00,https://job.mynavi.jp/28/pc/corpinfo/displayInternship/index?corpId=112594&optNo=6nJ3a
(株)井上技研,recruit@inouegiken.co.jp,011-741-1023,http://www.inouegiken.co.jp/,全額 1件,100.0%,0.0%,0.0%,1,211748,2026-09-22T10:55:17+09:00,https://job.mynavi.jp/28/pc/corpinfo/displayInternship/index?corpId=211748&optNo=Xccby
(株)井木組,k-matsubara@igigumi.co.jp,,,その他 1件,0.0%,0.0%,100.0%,1,105149,2026-09-22T10:55:17+09:00,https://job.mynavi.jp/28/pc/corpinfo/displayInternship/index?corpId=105149&optNo=VK120
(株)京製メック,recruit_mec@kyotoss.co.jp,0978-64-7711,https://www.kyotoss.co.jp/kyoseimec/; https://www.kyotoss.co.jp/kyoseimec/company.html; https://www.kyotoss.co.jp/kyoseimec/new_graduate/; https://www.youtube.com/@kyotoss-saiyo,その他 1件,0.0%,0.0%,100.0%,1,72948,2026-09-22T10:55:17+09:00,https://job.mynavi.jp/28/pc/corpinfo/displayInternship/index?corpId=72948&optNo=lTeQ7
(株)伊藤工務店,s.syomu@ito-koumuten.co.jp,052-653-6161,https://www.ito-koumuten.co.jp,全額 2件,100.0%,0.0%,0.0%,2,98161,2026-09-22T10:55:17+09:00,https://job.mynavi.jp/28/pc/corpinfo/displayInternship/index?corpId=98161&optNo=3tetX
(株)伊藤工務店,yoshihara@ito-k.co.jp,077-562-3088,http://www.ito-k.co.jp/,その他 1件,0.0%,0.0%,100.0%,1,202643,2026-09-22T10:55:17+09:00,https://job.mynavi.jp/28/pc/corpinfo/displayInternship/index?corpId=202643&optNo=KsA5h
(株)伸光製作所【住友金属鉱山グループ】,Jinji_Shinko@smm-g.com,0265-79-1301; 0265-79-4833,https://www.shinkoss.co.jp/,その他 1件,0.0%,0.0%,100.0%,1,80788,2026-09-22T10:55:17+09:00,https://job.mynavi.jp/28/pc/corpinfo/displayInternship/index?corpId=80788&optNo=LRpev
(株)佐伯建設,saiyo@saikikensetsu.co.jp,097-536-1530,https://www.saikikensetsu.co.jp/,"一部（2,000円） 3件",0.0%,100.0%,0.0%,3,85595,2026-09-22T10:55:17+09:00,https://job.mynavi.jp/28/pc/corpinfo/displayInternship/index?corpId=85595&optNo=D7es-
(株)佐文工業所,koban-soumu@sabun.co.jp,025-382-8100,,"一部（20,000円） 1件",0.0%,100.0%,0.0%,1,83522,2026-09-22T10:55:17+09:00,https://job.mynavi.jp/28/pc/corpinfo/displayInternship/index?corpId=83522&optNo=J7TuX
(株)佐藤建設,kuniyoshi.watanabe@sato-kensetsu.co.jp,0223-24-0544; 0223-24-0545,https://www.sato-kensetsu.co.jp/,その他 1件,0.0%,0.0%,100.0%,1,247861,2026-09-22T10:55:17+09:00,https://job.mynavi.jp/28/pc/corpinfo/displayInternship/index?corpId=247861&optNo=LxfBd
(株)保志【ALTE MEISTER】,alte.j-recruit@m-alte.com,,http://www.alte-meister.co.jp/; https://note.com/altemeister/; https://www.zushiya.com/,"一部（30,000円） 3件",0.0%,100.0%,0.0%,3,88691,2026-09-22T10:55:17+09:00,https://job.mynavi.jp/28/pc/corpinfo/displayInternship/index?corpId=88691&optNo=Kg3b6
(株)光アルファクス,saiyou_osaka@h-ax.com,06-6208-1811,https://www.hikari-ax.co.jp/,"一部（1,000円） 1件",0.0%,100.0%,0.0%,1,242834,2026-09-22T10:55:17+09:00,https://job.mynavi.jp/28/pc/corpinfo/displayInternship/index?corpId=242834&optNo=I-Lxz
(株)全農長野計算センター【JA全農長野グループ】,recruit@kc.nn.zennoh.or.jp,026-217-5920; 026-264-7624,https://zennoh.sharepoint.com/sites/group/nagano/nkc,"一部（1,000円） 1件",0.0%,100.0%,0.0%,1,210992,2026-09-22T10:55:17+09:00,https://job.mynavi.jp/28/pc/corpinfo/displayInternship/index?corpId=210992&optNo=6l6t7
(株)共同技術コンサルタント,kitou-yoshifumi@kg-consul.co.jp,0985-29-0240,https://kgconsul.jp/,その他 1件,0.0%,0.0%,100.0%,1,109837,2026-09-22T10:55:17+09:00,https://job.mynavi.jp/28/pc/corpinfo/displayInternship/index?corpId=109837&optNo=VVpPv
(株)共和コーポレーション（APINA）【東証スタンダード上場】,hasegawas@kyowa-corp.co.jp,,,全額 1件,100.0%,0.0%,0.0%,1,76387,2026-09-22T10:55:17+09:00,https://job.mynavi.jp/28/pc/corpinfo/displayInternship/index?corpId=76387&optNo=1TyDY
(株)共立,jinji@kyoriz.co.jp,082-243-1870; 082-246-4153,https://www.kyoriz.co.jp,その他 2件,0.0%,0.0%,100.0%,2,85022,2026-09-22T10:55:17+09:00,https://job.mynavi.jp/28/pc/corpinfo/displayInternship/index?corpId=85022&optNo=nINTV
(株)内外テクノス【大林グループ】,saiyo@naigai-technos.co.jp,03-6265-6265,https://www.naigai-technos.co.jp/,"一部（2,000円） 1件",0.0%,100.0%,0.0%,1,232388,2026-09-22T10:55:17+09:00,https://job.mynavi.jp/28/pc/corpinfo/displayInternship/index?corpId=232388&optNo=InBx6
(株)再春館製薬所,jinji@saishunkan.co.jp,096-289-5088,https://www.saishunkan.co.jp/,"一部（3,000円） 1件 / その他 1件",0.0%,50.0%,50.0%,2,60122,2026-09-22T10:55:17+09:00,https://job.mynavi.jp/28/pc/corpinfo/displayInternship/index?corpId=60122&optNo=4Pqvm
(株)出光プランテック北海道〔出光グループ〕,saiyo_iphokkaido@idemitsu.com,0144-56-1203,https://www.idemitsu.com/jp/ip_hokkaido/index.html,"一部（50,000円） 2件",0.0%,100.0%,0.0%,2,246287,2026-09-22T10:55:17+09:00,https://job.mynavi.jp/28/pc/corpinfo/displayInternship/index?corpId=246287&optNo=PeYZI
(株)初田製作所,H11010@hatsuta.co.jp,03-6432-4144,https://hatsuta.co.jp/,その他 1件,0.0%,0.0%,100.0%,1,52229,2026-09-22T10:55:17+09:00,https://job.mynavi.jp/28/pc/corpinfo/displayInternship/index?corpId=52229&optNo=808Gs
(株)前田製作所,ms.recruit2@maedass.com,026-292-6319,http://www.maesei.co.jp/; https://www.maesei.co.jp/,"一部（3,000円） 2件",0.0%,100.0%,0.0%,2,66009,2026-09-22T10:55:17+09:00,https://job.mynavi.jp/28/pc/corpinfo/displayInternship/index?corpId=66009&optNo=-RQj-
(株)加賀田組,jinji@kagata.co.jp,025-247-8188; 025-247-8862,http://www.kagata.co.jp/; https://www.kagata.co.jp/,その他 2件,0.0%,0.0%,100.0%,2,96767,2026-09-22T10:55:17+09:00,https://job.mynavi.jp/28/pc/corpinfo/displayInternship/index?corpId=96767&optNo=Z9AF7
(株)北川鉄工所【東証スタンダード市場上場】,recruit@kiw.co.jp,0847-40-0503; 0847-45-2910,https://www.kiw.co.jp/,その他 1件,0.0%,0.0%,100.0%,1,85983,2026-09-22T10:55:17+09:00,https://job.mynavi.jp/28/pc/corpinfo/displayInternship/index?corpId=85983&optNo=h2NVz
(株)北弘電社,recruit@kitakoudensha.co.jp,011-640-2231,http://www.kitakoudensha.co.jp/,その他 1件,0.0%,0.0%,100.0%,1,87841,2026-09-22T10:55:17+09:00,https://job.mynavi.jp/28/pc/corpinfo/displayInternship/index?corpId=87841&optNo=np2uV
(株)北澤電機製作所,saiyou@kitazawadenki.co.jp,0265-82-3164,https://www.kitazawadenki.co.jp/,その他 1件,0.0%,0.0%,100.0%,1,251933,2026-09-22T10:55:17+09:00,https://job.mynavi.jp/28/pc/corpinfo/displayInternship/index?corpId=251933&optNo=Ombvl
(株)北英建設,t.tomita@hokuei-cnst.co.jp,011-851-3002,http://www.hokuei-cnst.co.jp/,全額 2件,100.0%,0.0%,0.0%,2,289964,2026-09-22T10:55:17+09:00,https://job.mynavi.jp/28/pc/corpinfo/displayInternship/index?corpId=289964&optNo=JLjVD
(株)北開水工コンサルタント,a-taguchi@suiko.jp; n-kawabata@suiko.jp,0155-66-8710; 0155-66-8751,https://www.suiko.jp/,"一部（50,000円） 2件",0.0%,100.0%,0.0%,2,228960,2026-09-22T10:55:17+09:00,https://job.mynavi.jp/28/pc/corpinfo/displayInternship/index?corpId=228960&optNo=umlmp
(株)匠工房,jinji@takumikobo.ne.jp,,,その他 2件,0.0%,0.0%,100.0%,2,252419,2026-09-22T10:55:17+09:00,https://job.mynavi.jp/28/pc/corpinfo/displayInternship/index?corpId=252419&optNo=91yLn
(株)双葉コンサルタント,pi@futaba-c.co.jp,0233-22-0891,https://www.futaba-c.co.jp/,"一部（5,000円） 1件",0.0%,100.0%,0.0%,1,242404,2026-09-22T10:55:17+09:00,https://job.mynavi.jp/28/pc/corpinfo/displayInternship/index?corpId=242404&optNo=OeOPa
(株)古川組,recruit@furkawa.co.jp,03-3541-3601; 03-3541-3695; 054-334-4089; 054-334-5181,https://www.furkawa.co.jp/; https://www.youtube.com/watch?v=3x3Ddr2YuHQ,その他 1件,0.0%,0.0%,100.0%,1,296606,2026-09-22T10:55:17+09:00,https://job.mynavi.jp/28/pc/corpinfo/displayInternship/index?corpId=296606&optNo=953C-
(株)古賀組,saiyo@kogagumi.co.jp,0946-22-3830,https://www.kogagumi.co.jp/,"一部（5,000円） 1件",0.0%,100.0%,0.0%,1,229079,2026-09-22T10:55:17+09:00,https://job.mynavi.jp/28/pc/corpinfo/displayInternship/index?corpId=229079&optNo=NNepm
(株)吉運堂,saiyo@yoshiundo.co.jp,025-372-1138,https://www.yoshiundo.co.jp/,"一部（2,000円） 2件",0.0%,100.0%,0.0%,2,241180,2026-09-22T10:55:17+09:00,https://job.mynavi.jp/28/pc/corpinfo/displayInternship/index?corpId=241180&optNo=g-aq1
(株)名張製作所,recruit@nabari-mfg.co.jp,0562-47-1451,https://www.nabari-mfg.co.jp,全額 3件,100.0%,0.0%,0.0%,3,287371,2026-09-22T10:55:17+09:00,https://job.mynavi.jp/28/pc/corpinfo/displayInternship/index?corpId=287371&optNo=4r4Z2
(株)名村造船所【東証スタンダード上場】,Gn_Recruit@namura.co.jp,0955-27-1121,https://www.instagram.com/gnrecruit; https://www.namura.co.jp; https://www.youtube.com/@namura1911,その他 1件,0.0%,0.0%,100.0%,1,77382,2026-09-22T10:55:17+09:00,https://job.mynavi.jp/28/pc/corpinfo/displayInternship/index?corpId=77382&optNo=ox9TO
(株)名鉄生活創研【名鉄グループ】,saiyo@meitetsu-souken.co.jp,052-526-3180,https://www.meitetsu-shouten.jp/; https://www.meitetsu-souken.co.jp/,"一部（3,000円） 2件",0.0%,100.0%,0.0%,2,91924,2026-09-22T10:55:17+09:00,https://job.mynavi.jp/28/pc/corpinfo/displayInternship/index?corpId=91924&optNo=SAZbX
(株)呉電子計算センター,saiyou_1@kure.co.jp,0823210251,https://www.kure.co.jp/,"一部（2,000円） 1件",0.0%,100.0%,0.0%,1,105976,2026-09-22T10:55:17+09:00,https://job.mynavi.jp/28/pc/corpinfo/displayInternship/index?corpId=105976&optNo=Galwq
(株)味のちぬや,k_shimada@chinuya.com,070-3151-3742; 0875-62-5221,https://chinuya.com/,その他 1件,0.0%,0.0%,100.0%,1,204823,2026-09-22T10:55:17+09:00,https://job.mynavi.jp/28/pc/corpinfo/displayInternship/index?corpId=204823&optNo=kZONo
(株)善都【ZENT】,saiyou@zent.co.jp,070-2243-1950,http://www.zent.co.jp/,その他 1件,0.0%,0.0%,100.0%,1,66737,2026-09-22T10:55:17+09:00,https://job.mynavi.jp/28/pc/corpinfo/displayInternship/index?corpId=66737&optNo=mhxtH
(株)四季工房,saiyou@sikikobo.co.jp,024-937-6351,https://instagram.com/sikikobo.insta?igshid=MzRlODBiNWFlZA==; https://www.sikikobo.co.jp/; https://www.youtube.com/channel/UC6BAOc2Rb75hjDC0T8LY8aQ,"一部（15,000円） 1件",0.0%,100.0%,0.0%,1,74670,2026-09-22T10:55:17+09:00,https://job.mynavi.jp/28/pc/corpinfo/displayInternship/index?corpId=74670&optNo=UNzy3
(株)国土,fujita@k-kokudo.co.jp,025-379-2411; 025-379-2511,https://www.k-kokudo.co.jp/,"一部（3,000円） 1件",0.0%,100.0%,0.0%,1,112695,2026-09-22T10:55:17+09:00,https://job.mynavi.jp/28/pc/corpinfo/displayInternship/index?corpId=112695&optNo=kguFo
(株)国土技術コンサルタンツ,kokudo@kokudoec.co.jp,099-229-0030,http://www.kokudoec.co.jp/; https://www.instagram.com/kokudoec_1970/?locale=ja_JP,"一部（2,000円） 1件",0.0%,100.0%,0.0%,1,272088,2026-09-22T10:55:17+09:00,https://job.mynavi.jp/28/pc/corpinfo/displayInternship/index?corpId=272088&optNo=qd2Gp
(株)国土開発コンサルタント,muroya@kokudo-c.co.jp,0985-20-4722; 0985-24-6487,,その他 2件,0.0%,0.0%,100.0%,2,236087,2026-09-22T10:55:17+09:00,https://job.mynavi.jp/28/pc/corpinfo/displayInternship/index?corpId=236087&optNo=Bx0jY
(株)土木技研,segawa@cedg.co.jp,019-638-8131,https://dobokugiken.jp/,その他 1件,0.0%,0.0%,100.0%,1,221840,2026-09-22T10:55:17+09:00,https://job.mynavi.jp/28/pc/corpinfo/displayInternship/index?corpId=221840&optNo=9-Wr1
(株)地域科学研究所,saiyou@chklab.com,097-536-0076,https://public-plus.jp/; https://www.chklab.com/; https://www.instagram.com/chklab_/?hl=ja,その他 1件,0.0%,0.0%,100.0%,1,86551,2026-09-22T10:55:17+09:00,https://job.mynavi.jp/28/pc/corpinfo/displayInternship/index?corpId=86551&optNo=yFS4H
"(株)大五【Daigo Co.,Ltd.】",saiyou@daigo-inc.co.jp,06-6531-2931,https://daigo-inc.co.jp/; https://saunastudio-osaka.com/; https://uniideo.com/works/interview/daigo,その他 2件,0.0%,0.0%,100.0%,2,201110,2026-09-22T10:55:17+09:00,https://job.mynavi.jp/28/pc/corpinfo/displayInternship/index?corpId=201110&optNo=Gi8i7
(株)大兼工務店,info@daikane.co.jp,0748-42-1151,https://www.daikane.co.jp/,"一部（3,000円） 1件 / その他 1件",0.0%,50.0%,50.0%,2,105886,2026-09-22T10:55:17+09:00,https://job.mynavi.jp/28/pc/corpinfo/displayInternship/index?corpId=105886&optNo=WM6Ba
(株)大和商会,yamato225@snow.ocn.ne.jp,,,その他 2件,0.0%,0.0%,100.0%,2,270263,2026-09-22T10:55:17+09:00,https://job.mynavi.jp/28/pc/corpinfo/displayInternship/index?corpId=270263&optNo=W09jB
(株)大善,recruit@taizen-jinji.com,0800-600-8047,http://www.taizen-co.jp/,その他 1件,0.0%,0.0%,100.0%,1,207255,2026-09-22T10:55:17+09:00,https://job.mynavi.jp/28/pc/corpinfo/displayInternship/index?corpId=207255&optNo=3REnU
(株)大垣ケーブルテレビ,soumu@ogaki-tv.co.jp,,,"一部（1,000円） 1件",0.0%,100.0%,0.0%,1,96861,2026-09-22T10:55:17+09:00,https://job.mynavi.jp/28/pc/corpinfo/displayInternship/index?corpId=96861&optNo=SS1jp
(株)大本組【東証スタンダード上場】,kishimotos@gw.ohmoto.co.jp,086-227-5150,https://www.ohmoto.co.jp/,全額 1件,100.0%,0.0%,0.0%,1,1193,2026-09-22T10:55:17+09:00,https://job.mynavi.jp/28/pc/corpinfo/displayInternship/index?corpId=1193&optNo=PL-A7
(株)大東銀行,jinji@daitobk.com,0120-14-3450,https://www.daitobank.co.jp/,"一部（10,000円） 1件",0.0%,100.0%,0.0%,1,52605,2026-09-22T10:55:17+09:00,https://job.mynavi.jp/28/pc/corpinfo/displayInternship/index?corpId=52605&optNo=Xg8O0
(株)大林組,kidensaiyo@ml.obayashi.co.jp; setsubi-career@ml.obayashi.co.jp,03-5769-1811,https://sub01.e2r.jp/fixurl/obayashi_28_data/id/3/1?user_id=f0028349; https://www.obayashi.co.jp/; https://www.obayashi.co.jp/makebeyond/,その他 2件,0.0%,0.0%,100.0%,2,112,2026-09-22T10:55:17+09:00,https://job.mynavi.jp/28/pc/corpinfo/displayInternship/index?corpId=112&optNo=5r3Ym
(株)大石工作所,E-mail/saiyo@ois.gr.jp,,http://ois.gr.jp/,"一部（15,000円） 2件",0.0%,100.0%,0.0%,2,203576,2026-09-22T10:55:17+09:00,https://job.mynavi.jp/28/pc/corpinfo/displayInternship/index?corpId=203576&optNo=SjMkW
(株)大石組,m-kasahara@ohishigumi.co.jp,0258-35-5511,https://www.ohishigumi.co.jp/,その他 1件,0.0%,0.0%,100.0%,1,101098,2026-09-22T10:55:17+09:00,https://job.mynavi.jp/28/pc/corpinfo/displayInternship/index?corpId=101098&optNo=5wRkI
(株)大谷山荘,saiyo@otanisanso.co.jp,0837-25-4802,https://otanisanso.co.jp/,その他 1件,0.0%,0.0%,100.0%,1,90757,2026-09-22T10:55:17+09:00,https://job.mynavi.jp/28/pc/corpinfo/displayInternship/index?corpId=90757&optNo=QV7-2
(株)大賀薬局,ohga-ph+28@recruit-mg.com,,https://www.ohga-ph.com/,その他 1件,0.0%,0.0%,100.0%,1,91182,2026-09-22T10:55:17+09:00,https://job.mynavi.jp/28/pc/corpinfo/displayInternship/index?corpId=91182&optNo=sq810
(株)大阪合成有機化学研究所【カネカグループ】,saiyo@tec-osc.co.jp,,,全額 1件,100.0%,0.0%,0.0%,1,223791,2026-09-22T10:55:17+09:00,https://job.mynavi.jp/28/pc/corpinfo/displayInternship/index?corpId=223791&optNo=ZSZzD
(株)大阪屋ショップ,saiyou@oosakaya-shop.co.jp,076-421-1500,http://www.ohsakaya-shop.jp,その他 1件,0.0%,0.0%,100.0%,1,80257,2026-09-22T10:55:17+09:00,https://job.mynavi.jp/28/pc/corpinfo/displayInternship/index?corpId=80257&optNo=819wa
(株)大阪祭典,jinji@lextkansai.co.jp,06-6633-8333,,"一部（1,000円） 1件",0.0%,100.0%,0.0%,1,282012,2026-09-22T10:55:17+09:00,https://job.mynavi.jp/28/pc/corpinfo/displayInternship/index?corpId=282012&optNo=e7jy1
(株)太平洋コンサルタント【太平洋セメントグループ】,saiyo1@taiheiyo-c.co.jp,,,その他 1件,0.0%,0.0%,100.0%,1,271992,2026-09-22T10:55:17+09:00,https://job.mynavi.jp/28/pc/corpinfo/displayInternship/index?corpId=271992&optNo=ODIj6
(株)太陽建設コンサルタント,matue@taiyocc.co.jp,0852-22-4654,https://www.taiyocc.co.jp/,"一部（10,000円） 2件",0.0%,100.0%,0.0%,2,232402,2026-09-22T10:55:17+09:00,https://job.mynavi.jp/28/pc/corpinfo/displayInternship/index?corpId=232402&optNo=gUg5W
(株)宇部建設コンサルタント,info@ukcnet.co.jp; y-sekitani@ukcnet.co.jp,0836-72-0392,https://www.ukcnet.co.jp,その他 2件,0.0%,0.0%,100.0%,2,233683,2026-09-22T10:55:17+09:00,https://job.mynavi.jp/28/pc/corpinfo/displayInternship/index?corpId=233683&optNo=8JgZ3
(株)守谷商会【東証スタンダード上場】,saiyo@moriya-s.co.jp,026-223-0702; 026-223-741,http://www.moriya-s.co.jp/,その他 1件,0.0%,0.0%,100.0%,1,91315,2026-09-22T10:55:17+09:00,https://job.mynavi.jp/28/pc/corpinfo/displayInternship/index?corpId=91315&optNo=mNRS4
(株)安井測量設計事務所,m.aoyanagi@yasui-survey.jp,0155-24-5451,https://www.yasui-survey.jp,その他 2件,0.0%,0.0%,100.0%,2,108546,2026-09-22T10:55:17+09:00,https://job.mynavi.jp/28/pc/corpinfo/displayInternship/index?corpId=108546&optNo=335I3
(株)宮本建設,takahide@dune.ocn.ne.jp,090-6580-9972,https://n-miyaken.com/,その他 2件,0.0%,0.0%,100.0%,2,294825,2026-09-22T10:55:17+09:00,https://job.mynavi.jp/28/pc/corpinfo/displayInternship/index?corpId=294825&optNo=DLrJI
(株)富士グリーンテック,imamura@fujigreentech.jp,055-236-1600,http://www.fujigreentech.jp/_userdata/miraikigyou2021.mp4; http://www.fujigreentech.jp/index.html; https://midaiminamikoen.com/,"一部（10,000円） 1件",0.0%,100.0%,0.0%,1,214349,2026-09-22T10:55:17+09:00,https://job.mynavi.jp/28/pc/corpinfo/displayInternship/index?corpId=214349&optNo=TKP9X
(株)富士屋,fujiya@triton.ocn.ne.jp,0778-51-6400,https://fujiya-honey.co.jp/,その他 1件,0.0%,0.0%,100.0%,1,295139,2026-09-22T10:55:17+09:00,https://job.mynavi.jp/28/pc/corpinfo/displayInternship/index?corpId=295139&optNo=Z3ZUl
(株)富洋組,info@fuyougumi.com,059-326-4321,https://fuyougumi.com/,"一部（2,000円） 2件",0.0%,100.0%,0.0%,2,257045,2026-09-22T10:55:17+09:00,https://job.mynavi.jp/28/pc/corpinfo/displayInternship/index?corpId=257045&optNo=8aULY
(株)小嶋屋総本店,e-ootsuki@kojimaya.co.jp,025-768-3311; 025-768-3456,https://kojimaya.co.jp/,"一部（5,000円） 1件",0.0%,100.0%,0.0%,1,71124,2026-09-22T10:55:17+09:00,https://job.mynavi.jp/28/pc/corpinfo/displayInternship/index?corpId=71124&optNo=izTRh
(株)小松精機工作所,naohiko@komatsuseiki.co.jp,0266-52-6100,https://www.komatsuseiki.co.jp/,その他 2件,0.0%,0.0%,100.0%,2,211264,2026-09-22T10:55:17+09:00,https://job.mynavi.jp/28/pc/corpinfo/displayInternship/index?corpId=211264&optNo=3c6Ca
(株)小林製作所,recruit@kobayashi-mfg.co.jp,076-277-7330; 080-8992-7078,https://team-kobayashi.com/,"一部（1,000円） 3件",0.0%,100.0%,0.0%,3,258463,2026-09-22T10:55:17+09:00,https://job.mynavi.jp/28/pc/corpinfo/displayInternship/index?corpId=258463&optNo=CJyMm
(株)小池組,chiaki@koikegumi.jp,0254-66-5015,http://www.koikegumi.jp/,その他 1件,0.0%,0.0%,100.0%,1,111602,2026-09-22T10:55:17+09:00,https://job.mynavi.jp/28/pc/corpinfo/displayInternship/index?corpId=111602&optNo=7l3I6
(株)小竹組,ogura@kotake-net.co.jp,080-9587-6630,,その他 1件,0.0%,0.0%,100.0%,1,83242,2026-09-22T10:55:17+09:00,https://job.mynavi.jp/28/pc/corpinfo/displayInternship/index?corpId=83242&optNo=6dMxo
(株)山九ロードエンジニアリング【山九グループ】,sre_n.takahashi@sankyu.co.jp,093-631-7339,https://sankyu-road.co.jp/,"一部（3,000円） 1件",0.0%,100.0%,0.0%,1,230168,2026-09-22T10:55:17+09:00,https://job.mynavi.jp/28/pc/corpinfo/displayInternship/index?corpId=230168&optNo=WqhJD
(株)山口フィナンシャルグループ [グループ募集],ymfg_saiyou@ymfg.co.jp,082-236-0148,http://www.ymfg.co.jp/,全額 1件,100.0%,0.0%,0.0%,1,408,2026-09-22T10:55:17+09:00,https://job.mynavi.jp/28/pc/corpinfo/displayInternship/index?corpId=408&optNo=svI9W
(株)山口技術コンサルタンツ,info@ygct.co.jp,083-233-1077,https://www.ygconsul.com,その他 1件,0.0%,0.0%,100.0%,1,277186,2026-09-22T10:55:17+09:00,https://job.mynavi.jp/28/pc/corpinfo/displayInternship/index?corpId=277186&optNo=Z66hO
(株)山口組,recruit@yamaguchigumi.jp,0956-23-1141; 0956-23-1144,https://www.yamaguchigumi.jp,その他 3件,0.0%,0.0%,100.0%,3,203529,2026-09-22T10:55:17+09:00,https://job.mynavi.jp/28/pc/corpinfo/displayInternship/index?corpId=203529&optNo=8gC9z
(株)山善【東証プライム市場上場】,saiyou2024@yamazen.co.jp,03-6712-1321; 06-6534-3027,,その他 1件,0.0%,0.0%,100.0%,1,1571,2026-09-22T10:55:17+09:00,https://job.mynavi.jp/28/pc/corpinfo/displayInternship/index?corpId=1571&optNo=ldqah
(株)山川 【やまかわ薬局】,yamakawa.y@outlook.com,086-239-8334,https://yamakawa-pharm.jp/,その他 1件,0.0%,0.0%,100.0%,1,203958,2026-09-22T10:55:17+09:00,https://job.mynavi.jp/28/pc/corpinfo/displayInternship/index?corpId=203958&optNo=CucEV
(株)山本製作所,jinji@yamamoto-ss.co.jp,0237-43-3411,http://www.yamamoto-ss.co.jp/,その他 1件,0.0%,0.0%,100.0%,1,91313,2026-09-22T10:55:17+09:00,https://job.mynavi.jp/28/pc/corpinfo/displayInternship/index?corpId=91313&optNo=5onoI
(株)山梨さえき(セルバ・おかじま),totani-atsumi@freshsaeki.co.jp,0555-24-6644,https://ym.freshsaeki.co.jp/,"一部（3,000円） 3件",0.0%,100.0%,0.0%,3,95958,2026-09-22T10:55:17+09:00,https://job.mynavi.jp/28/pc/corpinfo/displayInternship/index?corpId=95958&optNo=8USS3
(株)山田工務店,soumubu@yamada-komuten.co.jp,078-232-1800,https://www.yamada-komuten.co.jp/index.html,"一部（5,000円） 1件",0.0%,100.0%,0.0%,1,52820,2026-09-22T10:55:17+09:00,https://job.mynavi.jp/28/pc/corpinfo/displayInternship/index?corpId=52820&optNo=2r73o
(株)山田組,usui_haruno@yamadagumi.jp,052-301-6121; 052-303-2715,https://www.yamadagumi.jp/,その他 1件,0.0%,0.0%,100.0%,1,202431,2026-09-22T10:55:17+09:00,https://job.mynavi.jp/28/pc/corpinfo/displayInternship/index?corpId=202431&optNo=UXWgo
(株)岡島パイプ製作所,brighten@okajima-pipe.co.jp,0562-33-2135; 0562-33-2138,https://www.okajima-pipe.co.jp/,その他 1件,0.0%,0.0%,100.0%,1,225947,2026-09-22T10:55:17+09:00,https://job.mynavi.jp/28/pc/corpinfo/displayInternship/index?corpId=225947&optNo=xoej4
(株)岩崎,recruit@iwasakinet.co.jp,,https://www.iwasakinet.co.jp/; https://www.youtube.com/channel/UCiImT9zBqxm-aqBAxQfKQ4w,"一部（30,000円） 1件",0.0%,100.0%,0.0%,1,67839,2026-09-22T10:55:17+09:00,https://job.mynavi.jp/28/pc/corpinfo/displayInternship/index?corpId=67839&optNo=HYin7
(株)岩田組,ma-iwata@kk-iwatagumi.co.jp,099-257-6566,https://iwatagumi.jp/recruit/; https://kk-iwatagumi.co.jp/; https://www.youtube.com/@iwatagumi_kagoshima,"一部（2,000円） 1件",0.0%,100.0%,0.0%,1,250022,2026-09-22T10:55:17+09:00,https://job.mynavi.jp/28/pc/corpinfo/displayInternship/index?corpId=250022&optNo=87B2d
(株)島津製作所,saiyou@group.shimadzu.co.jp,075-823-1246,https://www.shimadzu.co.jp/aboutus/internship/index.html,その他 1件,0.0%,0.0%,100.0%,1,98918,2026-09-22T10:55:17+09:00,https://job.mynavi.jp/28/pc/corpinfo/displayInternship/index?corpId=98918&optNo=S-Iud
(株)島田組,kouno@shimadagumi-kobe.jp,078-881-1526,https://www.shimadagumi-kobe.jp,"一部（2,000円） 1件",0.0%,100.0%,0.0%,1,233187,2026-09-22T10:55:17+09:00,https://job.mynavi.jp/28/pc/corpinfo/displayInternship/index?corpId=233187&optNo=2Fub6
(株)島田組,simadagumi+28@recruit-mg.com,025-777-3121,https://note.com/shimada_urasa/; https://www.instagram.com/shimada.urasa/; https://www.simadagumi.co.jp/,その他 1件,0.0%,0.0%,100.0%,1,110235,2026-09-22T10:55:17+09:00,https://job.mynavi.jp/28/pc/corpinfo/displayInternship/index?corpId=110235&optNo=IMM8X
(株)川島組,matsushima@kawashimagumi.co.jp,0537-22-0505,https://www.kawashimagumi.co.jp/,その他 1件,0.0%,0.0%,100.0%,1,102352,2026-09-22T10:55:17+09:00,https://job.mynavi.jp/28/pc/corpinfo/displayInternship/index?corpId=102352&optNo=5Kjf4
(株)川嶋建設,k-jinji@kawashima.gr.jp,0796-22-4321,,その他 1件,0.0%,0.0%,100.0%,1,83504,2026-09-22T10:55:17+09:00,https://job.mynavi.jp/28/pc/corpinfo/displayInternship/index?corpId=83504&optNo=hgviH
(株)工房,koho-saiyo@khobho.co.jp,,https://www.khobho.co.jp/,全額 1件,100.0%,0.0%,0.0%,1,95236,2026-09-22T10:55:17+09:00,https://job.mynavi.jp/28/pc/corpinfo/displayInternship/index?corpId=95236&optNo=hxUhy
(株)市村工務店,ichimura-info01@ichicom.co.jp,023-644-6878,https://ichicom.co.jp/,その他 1件,0.0%,0.0%,100.0%,1,214895,2026-09-22T10:55:17+09:00,https://job.mynavi.jp/28/pc/corpinfo/displayInternship/index?corpId=214895&optNo=ZFbg1
(株)常口アトム,saiyo-n@jogatom.co.jp,011-272-3080,https://lin.ee/vXXGhv7; https://www.jogatom.co.jp/recruit/,"一部（1,000円） 1件",0.0%,100.0%,0.0%,1,68698,2026-09-22T10:55:17+09:00,https://job.mynavi.jp/28/pc/corpinfo/displayInternship/index?corpId=68698&optNo=BVqJU
(株)平野組,yuca@hiranogumi.co.jp,0191-26-3711,,その他 1件,0.0%,0.0%,100.0%,1,212258,2026-09-22T10:55:17+09:00,https://job.mynavi.jp/28/pc/corpinfo/displayInternship/index?corpId=212258&optNo=jApcp
(株)広島設備開発,saiyou-hsk@kk-hsk.com,,,その他 1件,0.0%,0.0%,100.0%,1,225368,2026-09-22T10:55:17+09:00,https://job.mynavi.jp/28/pc/corpinfo/displayInternship/index?corpId=225368&optNo=5PyHl
(株)広田製作所,nishihara@hirotass.co.jp,026-245-1212,https://www.hirotass.co.jp/; https://www.youtube.com/channel/UCNBhimlJ2wuMs789_ZS8Y2w; https://www.youtube.com/watch?v=keoVSt1NUls,その他 2件,0.0%,0.0%,100.0%,2,291342,2026-09-22T10:55:17+09:00,https://job.mynavi.jp/28/pc/corpinfo/displayInternship/index?corpId=291342&optNo=w-i9q
(株)廣澤精機製作所,honsya_jinji@hirosawaseiki.co.jp,029-869-1111,,その他 4件,0.0%,0.0%,100.0%,4,231568,2026-09-22T10:55:17+09:00,https://job.mynavi.jp/28/pc/corpinfo/displayInternship/index?corpId=231568&optNo=51uIt
(株)後藤組,recruit510@gto-con.co.jp,0238-23-3210,https://www.gto-con.co.jp; https://www.instagram.com/gotogumi_official,"一部（10,000円） 2件",0.0%,100.0%,0.0%,2,82626,2026-09-22T10:55:17+09:00,https://job.mynavi.jp/28/pc/corpinfo/displayInternship/index?corpId=82626&optNo=a2ZXV
(株)御池鐵工所,mayumi.t@miike.co.jp,,https://www.instagram.com/miiketekkousyo/; https://www.miike.co.jp/,その他 1件,0.0%,0.0%,100.0%,1,215017,2026-09-22T10:55:17+09:00,https://job.mynavi.jp/28/pc/corpinfo/displayInternship/index?corpId=215017&optNo=G5Dka
(株)戸高鉱業社,t-ueki@todaka.co.jp,0972-82-6131,https://www.todaka.co.jp/,その他 1件,0.0%,0.0%,100.0%,1,91458,2026-09-22T10:55:17+09:00,https://job.mynavi.jp/28/pc/corpinfo/displayInternship/index?corpId=91458&optNo=QRUhX
(株)手原産業倉庫,kazuyuki-adachi@tehara.co.jp,077-587-0554,https://www.tiktok.com/@tehara_tiktok; https://www.youtube.com/channel/UCz7NSIyn-EegrzAF7as96xw,"一部（1,000円） 2件",0.0%,100.0%,0.0%,2,220897,2026-09-22T10:55:17+09:00,https://job.mynavi.jp/28/pc/corpinfo/displayInternship/index?corpId=220897&optNo=R-YQO
(株)才津政男商店【リフォームのタマオ】,shibuya@saitsumasao.com,0120-557-802,,その他 1件,0.0%,0.0%,100.0%,1,200751,2026-09-22T10:55:17+09:00,https://job.mynavi.jp/28/pc/corpinfo/displayInternship/index?corpId=200751&optNo=tisBv
(株)指宿白水館,so-mu@hakusuikan.co.jp,0993-22-3138,https://www.hakusuikan.co.jp/,"一部（2,000円） 1件 / その他 1件",0.0%,50.0%,50.0%,2,252929,2026-09-22T10:55:17+09:00,https://job.mynavi.jp/28/pc/corpinfo/displayInternship/index?corpId=252929&optNo=7OHoy
(株)放電精密加工研究所【東証スタンダード上場】,support@hsk.co.jp,,https://www.hsk.co.jp,その他 2件,0.0%,0.0%,100.0%,2,51661,2026-09-22T10:55:17+09:00,https://job.mynavi.jp/28/pc/corpinfo/displayInternship/index?corpId=51661&optNo=4sEU4
(株)新愛知電機製作所【日東工業グループ】,saiyo@aichidnk.com,0568-68-8301,https://www.aichidnk.com/,その他 2件,0.0%,0.0%,100.0%,2,104320,2026-09-22T10:55:17+09:00,https://job.mynavi.jp/28/pc/corpinfo/displayInternship/index?corpId=104320&optNo=H5240
(株)新来島サノヤス造船,rina_kato@sanoyas.skdy.co.jp,06-6734-6109,https://www.sanoyas.skdy.co.jp/,その他 3件,0.0%,0.0%,100.0%,3,106958,2026-09-22T10:55:17+09:00,https://job.mynavi.jp/28/pc/corpinfo/displayInternship/index?corpId=106958&optNo=-zQGB
(株)新来島豊橋造船,ryusei_tatematsu@toyozo.jp,0532-25-4111,,その他 1件,0.0%,0.0%,100.0%,1,85471,2026-09-22T10:55:17+09:00,https://job.mynavi.jp/28/pc/corpinfo/displayInternship/index?corpId=85471&optNo=FZONn
(株)日さく,jinji@nissaku.co.jp,048-644-3912; 048-644-3958,https://www.nissaku.co.jp/,全額 2件,100.0%,0.0%,0.0%,2,210309,2026-09-22T10:55:17+09:00,https://job.mynavi.jp/28/pc/corpinfo/displayInternship/index?corpId=210309&optNo=TAc7y
(株)日建,soumu@nikken-shiga.com,077-583-7400; 077-583-7412,https://www.nikken-shiga.com,"一部（3,000円） 2件",0.0%,100.0%,0.0%,2,275688,2026-09-22T10:55:17+09:00,https://job.mynavi.jp/28/pc/corpinfo/displayInternship/index?corpId=275688&optNo=cz-Rs
(株)日成電機製作所,adopt@nis-ele.co.jp,0569-49-0200,https://www.nis-ele.co.jp,"一部（10,000円） 2件",0.0%,100.0%,0.0%,2,217675,2026-09-22T10:55:17+09:00,https://job.mynavi.jp/28/pc/corpinfo/displayInternship/index?corpId=217675&optNo=Mf4hI
(株)日新工営,nissin-shinsotsu@nissinkoei.co.jp,06-6342-5151,https://www.youtube.com/watch?v=BXi3ti3mh0E; https://www.youtube.com/watch?v=WVgroZrIPoY,その他 2件,0.0%,0.0%,100.0%,2,89687,2026-09-22T10:55:17+09:00,https://job.mynavi.jp/28/pc/corpinfo/displayInternship/index?corpId=89687&optNo=Y2Bda
(株)日本デキシー【大和製罐グループ】【日本製紙グループ】,tsoumu@dixie.co.jp,03-3201-8722,https://www.dixie.co.jp/; https://www.dixie.co.jp/recruit/newgraduates/development/,"一部（2,000円） 1件",0.0%,100.0%,0.0%,1,211293,2026-09-22T10:55:17+09:00,https://job.mynavi.jp/28/pc/corpinfo/displayInternship/index?corpId=211293&optNo=iTaWQ
(株)日本ネットワークサポート【関西電力グループ】,saiyou@nnets.co.jp,06-7506-9621,http://www.nnets.co.jp/,"一部（2,000円） 3件",0.0%,100.0%,0.0%,3,84863,2026-09-22T10:55:17+09:00,https://job.mynavi.jp/28/pc/corpinfo/displayInternship/index?corpId=84863&optNo=2zHnI
(株)日本ビジネスデータープロセシングセンター【日本データー】,shinsotsu@nihon-data.jp,0120-05-0871; 078-332-0871,http://www.nihon-data.jp/; https://ssl.nihon-data.jp/,その他 2件,0.0%,0.0%,100.0%,2,205432,2026-09-22T10:55:17+09:00,https://job.mynavi.jp/28/pc/corpinfo/displayInternship/index?corpId=205432&optNo=btTCh
(株)日本ピスコ,saiyou@pisco.co.jp,,https://www.pisco.co.jp,その他 1件,0.0%,0.0%,100.0%,1,80952,2026-09-22T10:55:17+09:00,https://job.mynavi.jp/28/pc/corpinfo/displayInternship/index?corpId=80952&optNo=BXZvt
(株)日本ピーエス,jinzai@nipponps.co.jp,0770-22-6300,https://nipponps.co.jp/; https://www.instagram.com/nipponps1952/; https://x.com/nippon_ps?s=11&t=ekHDBn7LEg3blJ6BOYiVkw,全額 2件,100.0%,0.0%,0.0%,2,103480,2026-09-22T10:55:17+09:00,https://job.mynavi.jp/28/pc/corpinfo/displayInternship/index?corpId=103480&optNo=ObzrO
(株)日本制御エンジニアリング【カナデングループ】,saiyou01@jce-1987.co.jp,078-371-1280,https://www.jce-1987.co.jp,全額 1件,100.0%,0.0%,0.0%,1,112591,2026-09-22T10:55:17+09:00,https://job.mynavi.jp/28/pc/corpinfo/displayInternship/index?corpId=112591&optNo=7VSm1
(株)日本空調北陸,hariki.hanako@hokuriku.nikku.co.jp; inoue.yusuke@hokuriku.nikku.co.jp,076-433-6171,https://www.nikku-hokuriku.co.jp/; https://www.nikku-hokuriku.co.jp/recruit/index.html,全額 1件,100.0%,0.0%,0.0%,1,210568,2026-09-22T10:55:17+09:00,https://job.mynavi.jp/28/pc/corpinfo/displayInternship/index?corpId=210568&optNo=ykYUd
(株)日立建機カミーノ,camino-recruitmemt@hitachi-kenki.com,0237-48-2612,https://camino.hitachi-kenki.co.jp/,"一部（5,000円） 1件",0.0%,100.0%,0.0%,1,219347,2026-09-22T10:55:17+09:00,https://job.mynavi.jp/28/pc/corpinfo/displayInternship/index?corpId=219347&optNo=BaAVo
(株)日総,recruit@nisso.gr.jp,011-789-1120,https://www.nisso.gr.jp/,"一部（20,000円） 1件",0.0%,100.0%,0.0%,1,217803,2026-09-22T10:55:17+09:00,https://job.mynavi.jp/28/pc/corpinfo/displayInternship/index?corpId=217803&optNo=L-hZz
(株)明治堂,recruit@meijido.co.jp,055-235-2551,https://meijido.co.jp,"一部（2,000円） 1件",0.0%,100.0%,0.0%,1,202084,2026-09-22T10:55:17+09:00,https://job.mynavi.jp/28/pc/corpinfo/displayInternship/index?corpId=202084&optNo=Sh0hl
(株)明電舎【東証プライム市場上場】,saiyou@mb.meidensha.co.jp,03-6420-8504,https://www.meidensha.co.jp/; https://www.meidensha.co.jp/knowledge/; https://www.meidensha.co.jp/knowledge/takingaction/anatanotonari/,その他 1件,0.0%,0.0%,100.0%,1,313,2026-09-22T10:55:17+09:00,https://job.mynavi.jp/28/pc/corpinfo/displayInternship/index?corpId=313&optNo=S1VAa
(株)昴（受験ラサール・すばる個別指導・即解ゼミ）【東証スタンダード上場】,saiyou@subaru-net.com,099-227-9504,https://www.subaru-net.com/,一部（800円） 1件,0.0%,100.0%,0.0%,1,63927,2026-09-22T10:55:17+09:00,https://job.mynavi.jp/28/pc/corpinfo/displayInternship/index?corpId=63927&optNo=Ebd6t
(株)服部工務店,info@hattori-koumuten.net,0568-51-2681,https://www.hattori-koumuten.net/,その他 1件,0.0%,0.0%,100.0%,1,250462,2026-09-22T10:55:17+09:00,https://job.mynavi.jp/28/pc/corpinfo/displayInternship/index?corpId=250462&optNo=Xh99-
(株)朝日ラバー【東証スタンダード市場上場】,recruit@asahi-rubber.co.jp,0248-54-1618,https://www.asahi-rubber.co.jp/,その他 1件,0.0%,0.0%,100.0%,1,65229,2026-09-22T10:55:17+09:00,https://job.mynavi.jp/28/pc/corpinfo/displayInternship/index?corpId=65229&optNo=6bPGt
(株)朝日工業社【東証プライム上場】,jinji@asahikogyosha.co.jp,0120-314-880; 03-6452-8183,https://www.asahikogyosha.co.jp/,"一部（10,000円） 1件",0.0%,100.0%,0.0%,1,67222,2026-09-22T10:55:17+09:00,https://job.mynavi.jp/28/pc/corpinfo/displayInternship/index?corpId=67222&optNo=E-lud
(株)朝本組,saiyo@asamoto.co.jp,0567-26-0611,https://asamoto.co.jp/,全額 2件,100.0%,0.0%,0.0%,2,273152,2026-09-22T10:55:17+09:00,https://job.mynavi.jp/28/pc/corpinfo/displayInternship/index?corpId=273152&optNo=A7r5V
(株)木村鋳造所,t-terada@kimuragrp.co.jp,,https://twitter.com/KimuraFoundry; https://www.kimuragrp.co.jp/; https://x.com/KimuraFoundry,全額 3件,100.0%,0.0%,0.0%,3,77809,2026-09-22T10:55:17+09:00,https://job.mynavi.jp/28/pc/corpinfo/displayInternship/index?corpId=77809&optNo=LOF4I
(株)本久,saiyou@motoq.co.jp,026-241-1151,https://motoq.co.jp/,"一部（30,000円） 3件",0.0%,100.0%,0.0%,3,264299,2026-09-22T10:55:17+09:00,https://job.mynavi.jp/28/pc/corpinfo/displayInternship/index?corpId=264299&optNo=DIJFh
(株)本宮会計センター,saiyou@motomiya-mcs.jp,0243-33-5535,,その他 1件,0.0%,0.0%,100.0%,1,92392,2026-09-22T10:55:17+09:00,https://job.mynavi.jp/28/pc/corpinfo/displayInternship/index?corpId=92392&optNo=FdQvX
(株)本川牧場,t-oowaki@honkawa.jp,0973-22-6509,,その他 2件,0.0%,0.0%,100.0%,2,252543,2026-09-22T10:55:17+09:00,https://job.mynavi.jp/28/pc/corpinfo/displayInternship/index?corpId=252543&optNo=TIeUY
(株)村井工業,yk-murai@murai-craft.co.jp,076-483-3207,https://saiyou.murai-craft.co.jp/; https://www.youtube.com/watch?v=v9yjAX8ZwzA&t=1s; https://x.com/murai_CRAFT,その他 3件,0.0%,0.0%,100.0%,3,264631,2026-09-22T10:55:17+09:00,https://job.mynavi.jp/28/pc/corpinfo/displayInternship/index?corpId=264631&optNo=9TFtX
(株)村岡組,syokos@glifeakita.com,018-874-8907,http://www.muraokagumi.jp/; https://muraokagumi-d.com/,全額 2件,100.0%,0.0%,0.0%,2,242888,2026-09-22T10:55:17+09:00,https://job.mynavi.jp/28/pc/corpinfo/displayInternship/index?corpId=242888&optNo=5Hl2t
(株)東京ウエルズ,d-miura@tokyoweld.com,080-3548-9940,https://www.tokyoweld.com/,その他 1件,0.0%,0.0%,100.0%,1,112454,2026-09-22T10:55:17+09:00,https://job.mynavi.jp/28/pc/corpinfo/displayInternship/index?corpId=112454&optNo=Hk9Mm
(株)東京コンサルティングファーム,tcg-s.saiyo@tokyoconsultinggroup.com,03-5369-2930,https://kuno-cpa.co.jp/overseas-internship/; https://www.tiktok.com/@goglobal2025?_t=ZS-8znDRqdYDqL&_r=1,全額 1件,100.0%,0.0%,0.0%,1,111300,2026-09-22T10:55:17+09:00,https://job.mynavi.jp/28/pc/corpinfo/displayInternship/index?corpId=111300&optNo=lAMap
(株)東光クリエート【セコムグループ】,jinzai@tokocreate.co.jp,025-524-1418,https://www.instagram.com/tokocreate_official?igsh=MXBpemRucjZjOGszdA==; https://www.tokocreate.co.jp/index.html; https://youtube.com/@tokocreate?si=AM1iKXc9QFW8SrpU,その他 2件,0.0%,0.0%,100.0%,2,258299,2026-09-22T10:55:17+09:00,https://job.mynavi.jp/28/pc/corpinfo/displayInternship/index?corpId=258299&optNo=8xZVf
(株)東光コンサルタンツ,naoya_hashimoto@tokoc.co.jp,,https://www.tokoc.co.jp/2021/recruit/advice/,"一部（3,000円） 2件",0.0%,100.0%,0.0%,2,17958,2026-09-22T10:55:17+09:00,https://job.mynavi.jp/28/pc/corpinfo/displayInternship/index?corpId=17958&optNo=44Ixt
(株)東流社,H-Iino-000046@toryusha.co.jp,022-287-7555,http://www.toryusha.co.jp/,"一部（1,000円） 1件",0.0%,100.0%,0.0%,1,221822,2026-09-22T10:55:17+09:00,https://job.mynavi.jp/28/pc/corpinfo/displayInternship/index?corpId=221822&optNo=18GbX
(株)東海サンユーテクノス,tst-recruit@tokai-st.com,052-932-0721; 06-6263-3977,https://www.tokai-st.com/,その他 4件,0.0%,0.0%,100.0%,4,221174,2026-09-22T10:55:17+09:00,https://job.mynavi.jp/28/pc/corpinfo/displayInternship/index?corpId=221174&optNo=BSg6O
(株)東海理化電機製作所,jks@exc.tokai-rika.co.jp,0587-95-5217,http://www.tokai-rika.co.jp/,その他 1件,0.0%,0.0%,100.0%,1,54620,2026-09-22T10:55:17+09:00,https://job.mynavi.jp/28/pc/corpinfo/displayInternship/index?corpId=54620&optNo=1Dz9t
(株)東産業,jinji-saiyou@azuma-mie.co.jp,059-332-2323,https://www.azuma-mie.co.jp/,"一部（3,000円） 1件",0.0%,100.0%,0.0%,1,65873,2026-09-22T10:55:17+09:00,https://job.mynavi.jp/28/pc/corpinfo/displayInternship/index?corpId=65873&optNo=p6hbn
(株)松屋フーズ,saiyou@matsuyafoods.co.jp,,https://www.matsuyafoods.co.jp/recruit/new/,全額 2件,100.0%,0.0%,0.0%,2,72623,2026-09-22T10:55:17+09:00,https://job.mynavi.jp/28/pc/corpinfo/displayInternship/index?corpId=72623&optNo=5My96
(株)松本鐵工所,saiyou@matsumoto-tekkosho.co.jp,0144-55-1155,https://www.matsumoto-tekkosho.co.jp/,"一部（30,000円） 3件",0.0%,100.0%,0.0%,3,224987,2026-09-22T10:55:17+09:00,https://job.mynavi.jp/28/pc/corpinfo/displayInternship/index?corpId=224987&optNo=Kgs0Y
(株)林イマニティ,soum@imanity.co.jp,0596-39-7140; 0596-39-7141,https://www.imanity.co.jp/,"一部（3,000円） 2件",0.0%,100.0%,0.0%,2,244325,2026-09-22T10:55:17+09:00,https://job.mynavi.jp/28/pc/corpinfo/displayInternship/index?corpId=244325&optNo=-oxpo
(株)林土木,company@hayashi-dbk.co.jp,076-444-1012,https://www.hayashi-dbk.co.jp/,その他 1件,0.0%,0.0%,100.0%,1,101887,2026-09-22T10:55:17+09:00,https://job.mynavi.jp/28/pc/corpinfo/displayInternship/index?corpId=101887&optNo=uZiWX
(株)桑原組【KGグループ】,kuwahara.recruit926@gmail.com,0740-32-2345,http://kuwahara-group.com/,その他 2件,0.0%,0.0%,100.0%,2,208565,2026-09-22T10:55:17+09:00,https://job.mynavi.jp/28/pc/corpinfo/displayInternship/index?corpId=208565&optNo=1uRT-
(株)森下組,soumu@morishita-net.co.jp,025-784-2357,http://www.morishita-net.co.jp/; http://www.morishita-net.co.jp/index.html,その他 3件,0.0%,0.0%,100.0%,3,233566,2026-09-22T10:55:17+09:00,https://job.mynavi.jp/28/pc/corpinfo/displayInternship/index?corpId=233566&optNo=evFAm
(株)森本組,saiyo@morimotogumi.co.jp,06-7711-8803,https://www.morimotogumi.co.jp/,その他 1件,0.0%,0.0%,100.0%,1,58054,2026-09-22T10:55:17+09:00,https://job.mynavi.jp/28/pc/corpinfo/displayInternship/index?corpId=58054&optNo=MiqeI
(株)椿本バルクシステム【つばきグループ】,ayaka.shite@gr.tsubakimoto.co.jp,06-6862-2331,,その他 1件,0.0%,0.0%,100.0%,1,71012,2026-09-22T10:55:17+09:00,https://job.mynavi.jp/28/pc/corpinfo/displayInternship/index?corpId=71012&optNo=hVKcQ
(株)橋本組,shashimoto@hashimotogumi.co.jp,054-627-3276,https://www.hashimotogumi.co.jp/; https://www.instagram.com/hashimotogumi/; https://www.instagram.com/hashimotogumijutaku/,"一部（20,000円） 3件",0.0%,100.0%,0.0%,3,200625,2026-09-22T10:55:17+09:00,https://job.mynavi.jp/28/pc/corpinfo/displayInternship/index?corpId=200625&optNo=DT554
(株)正光,t.kimino@masamiz.com,079-336-1011,https://www.masamiz.com/,"一部（5,000円） 1件",0.0%,100.0%,0.0%,1,211386,2026-09-22T10:55:17+09:00,https://job.mynavi.jp/28/pc/corpinfo/displayInternship/index?corpId=211386&optNo=S7Tip
(株)正栄プロジェクト【正栄プロジェクトグループ】,recruitment@eaglegroup.co.jp,011-280-1562,https://www.eaglegroup.co.jp/,その他 1件,0.0%,0.0%,100.0%,1,65698,2026-09-22T10:55:17+09:00,https://job.mynavi.jp/28/pc/corpinfo/displayInternship/index?corpId=65698&optNo=EWAya
(株)水倉組,a1100@mizukura.co.jp,0256-72-2371,https://www.mizukura.co.jp/,その他 3件,0.0%,0.0%,100.0%,3,250926,2026-09-22T10:55:17+09:00,https://job.mynavi.jp/28/pc/corpinfo/displayInternship/index?corpId=250926&optNo=07Kd7
(株)水機テクノス,skt-saiyo.skk.ug@suiki-g.com,03-3426-2632,https://www.suiki-tec.co.jp/,"一部（20,000円） 1件",0.0%,100.0%,0.0%,1,109111,2026-09-22T10:55:17+09:00,https://job.mynavi.jp/28/pc/corpinfo/displayInternship/index?corpId=109111&optNo=4ULyh
(株)永田屋,100nen-sougi.recruit@e-nagataya.com,0120-177-166,https://nagataya-recruit.com/event,"一部（1,000円） 1件",0.0%,100.0%,0.0%,1,214562,2026-09-22T10:55:17+09:00,https://job.mynavi.jp/28/pc/corpinfo/displayInternship/index?corpId=214562&optNo=5BrkH
(株)江沼チヱン製作所,recruit@enuma.co.jp,,,"一部（20,000円） 2件",0.0%,100.0%,0.0%,2,222798,2026-09-22T10:55:17+09:00,https://job.mynavi.jp/28/pc/corpinfo/displayInternship/index?corpId=222798&optNo=VKfDz
(株)池の平ホテル&リゾーツ,c-miura@ikenotaira-resort.co.jp; jinji-saiyo@ikenotaira-resort.co.jp,0266-68-2211,http://hotel.ikenotaira-resort.co.jp/,"一部（15,000円） 1件",0.0%,100.0%,0.0%,1,204800,2026-09-22T10:55:17+09:00,https://job.mynavi.jp/28/pc/corpinfo/displayInternship/index?corpId=204800&optNo=OjgH3
(株)沖縄ソフトウェアセンター,osc-recruit@osc-corp.co.jp,098-989-1551,https://www.osc-corp.co.jp/,"一部（1,000円） 3件",0.0%,100.0%,0.0%,3,220712,2026-09-22T10:55:17+09:00,https://job.mynavi.jp/28/pc/corpinfo/displayInternship/index?corpId=220712&optNo=Bs0PB
(株)淺沼組【東証プライム上場】,os-saiyo3@asanuma.co.jp; tk-saiyo@asanuma.co.jp,03-5232-5820; 06-6585-5505,https://www.asanuma.co.jp/; https://www.asanuma.co.jp/saiyo/,"一部（10,000円） 1件",0.0%,100.0%,0.0%,1,52762,2026-09-22T10:55:17+09:00,https://job.mynavi.jp/28/pc/corpinfo/displayInternship/index?corpId=52762&optNo=RYIAa
(株)清水建設,kai@shimiken.jp,0152-76-2672,https://shimizuconstr.co.jp/; https://www.instagram.com/shimizukensetsu/,全額 2件,100.0%,0.0%,0.0%,2,272795,2026-09-22T10:55:17+09:00,https://job.mynavi.jp/28/pc/corpinfo/displayInternship/index?corpId=272795&optNo=Tffpq
(株)渡辺商店,-yoshizawa@watanabeshouten.com,055-273-5513,http://www.watanabeshoten.net,"一部（1,000円） 2件",0.0%,100.0%,0.0%,2,247445,2026-09-22T10:55:17+09:00,https://job.mynavi.jp/28/pc/corpinfo/displayInternship/index?corpId=247445&optNo=OUSEn
(株)渡辺組,saiyo@wacon21.co.jp,0246-43-2981,https://www.instagram.com/watanabegumi_iwaki/; https://www.wacon21.co.jp/,その他 1件,0.0%,0.0%,100.0%,1,248057,2026-09-22T10:55:17+09:00,https://job.mynavi.jp/28/pc/corpinfo/displayInternship/index?corpId=248057&optNo=HFGBt
(株)渡辺組,hashimoto@watanabe-gumi.com,0158-42-3171,https://watanabe-gumi.com/; https://watanabegumi-trailerhouse.com/; https://www.youtube.com/channel/UC23LjSJqB5BHdCx7coXzxXA,全額 4件,100.0%,0.0%,0.0%,4,237168,2026-09-22T10:55:17+09:00,https://job.mynavi.jp/28/pc/corpinfo/displayInternship/index?corpId=237168&optNo=49Vs2
(株)渥美工業所,info@atsumi-k.jp,0532-26-3400,,その他 1件,0.0%,0.0%,100.0%,1,224270,2026-09-22T10:55:17+09:00,https://job.mynavi.jp/28/pc/corpinfo/displayInternship/index?corpId=224270&optNo=p7T2s
(株)源麹研究所,bunseiy@genkoji.com; tomoko.n@genkoji.com,,https://genkoji.com/,"一部（30,000円） 1件",0.0%,100.0%,0.0%,1,282725,2026-09-22T10:55:17+09:00,https://job.mynavi.jp/28/pc/corpinfo/displayInternship/index?corpId=282725&optNo=qAoK7
(株)滋賀山下,soumu@ciga.jp,0748-23-5671,https://ciga.jp/,"一部（10,000円） 1件",0.0%,100.0%,0.0%,1,226900,2026-09-22T10:55:17+09:00,https://job.mynavi.jp/28/pc/corpinfo/displayInternship/index?corpId=226900&optNo=nit63
(株)環境総合リサーチ,c-rakuman@ctiers.co.jp,0774-41-0236,https://www.ctiers.co.jp/,全額 1件,100.0%,0.0%,0.0%,1,283416,2026-09-22T10:55:17+09:00,https://job.mynavi.jp/28/pc/corpinfo/displayInternship/index?corpId=283416&optNo=TZ9s7
(株)生活の木,shinsotsu-saiyo@treeoflife.co.jp,,http://www.treeoflife.co.jp/; https://www.instagram.com/treeoflife_official/; https://www.youtube.com/c/TreeoflifeOfficialYouTube,その他 1件,0.0%,0.0%,100.0%,1,96773,2026-09-22T10:55:17+09:00,https://job.mynavi.jp/28/pc/corpinfo/displayInternship/index?corpId=96773&optNo=EHgVt
(株)田中工務店,yamaguchi@tanaka-toba.co.jp,075-681-9556,http://www.tanaka-toba.co.jp/,"一部（10,000円） 1件",0.0%,100.0%,0.0%,1,202606,2026-09-22T10:55:17+09:00,https://job.mynavi.jp/28/pc/corpinfo/displayInternship/index?corpId=202606&optNo=qOXBV
(株)田中組,soumubu2@tanakagumi.co.jp,011-611-3333,http://www.tanakagumi.co.jp/,全額 1件 / その他 1件,50.0%,0.0%,50.0%,2,109770,2026-09-22T10:55:17+09:00,https://job.mynavi.jp/28/pc/corpinfo/displayInternship/index?corpId=109770&optNo=FE1jW
(株)田中組,soumu13@tnk-net.co.jp,0176-23-3536,https://tnk-net.co.jp/,"一部（2,000円） 2件",0.0%,100.0%,0.0%,2,254334,2026-09-22T10:55:17+09:00,https://job.mynavi.jp/28/pc/corpinfo/displayInternship/index?corpId=254334&optNo=PQ3l2
(株)田中衡機工業所,tanaka.kyuujin@tanaka-scale.co.jp,0256-45-1251,https://www.tanaka-scale.co.jp/,"一部（20,000円） 1件",0.0%,100.0%,0.0%,1,241270,2026-09-22T10:55:17+09:00,https://job.mynavi.jp/28/pc/corpinfo/displayInternship/index?corpId=241270&optNo=9hAB0
(株)田村ビルズグループ【東証TOKYO PRO Market 上場】 [グループ募集],saiyo1911@tmrkz.com,092-400-1232,https://lit.link/88fae382-ebd0-4343-847c-94f481040294; https://tamura-builds.co.jp/; https://tamura-builds.co.jp/recruit/lp-organic/,"一部（10,000円） 1件",0.0%,100.0%,0.0%,1,214319,2026-09-22T10:55:17+09:00,https://job.mynavi.jp/28/pc/corpinfo/displayInternship/index?corpId=214319&optNo=G5AHl
(株)田村建設,soumu@tamura-co.jp,082-870-3191,http://tamura-co.jp; https://tamura-co.jp; https://www.instagram.com/tamurakensetsu3191,"一部（3,000円） 2件",0.0%,100.0%,0.0%,2,265599,2026-09-22T10:55:17+09:00,https://job.mynavi.jp/28/pc/corpinfo/displayInternship/index?corpId=265599&optNo=0TyqX
(株)登米村田製作所,tomejinji@murata.com,0220-22-3625,https://corporate.murata.com/ja-jp/group/tomemurata; https://www.murata.com/ja-jp,その他 1件,0.0%,0.0%,100.0%,1,82693,2026-09-22T10:55:17+09:00,https://job.mynavi.jp/28/pc/corpinfo/displayInternship/index?corpId=82693&optNo=1nqEn
(株)白鳥建設,info@shiratori-const.co.jp,054-246-7767,https://shiratori-const.co.jp/; https://www.youtube.com/@user-np6re5un1j/videos,"一部（3,000円） 1件",0.0%,100.0%,0.0%,1,257963,2026-09-22T10:55:17+09:00,https://job.mynavi.jp/28/pc/corpinfo/displayInternship/index?corpId=257963&optNo=n4cg2
(株)相模組,soumubu@sagamigumi.co.jp; y-sagami@sagamigumi.co.jp,0261-22-1800,http://www.sagamigumi.co.jp/; https://www.sagamigumi.co.jp/,"一部（3,000円） 1件 / その他 1件",0.0%,50.0%,50.0%,2,107750,2026-09-22T10:55:17+09:00,https://job.mynavi.jp/28/pc/corpinfo/displayInternship/index?corpId=107750&optNo=8Ojg1
(株)真城ホールディングス【プレイランドキャッスル】,mashiro-castle@e-pachinko.org,0120-102-466,http://www.p-castle.co.jp/,その他 2件,0.0%,0.0%,100.0%,2,72128,2026-09-22T10:55:17+09:00,https://job.mynavi.jp/28/pc/corpinfo/displayInternship/index?corpId=72128&optNo=5Mwsq
(株)矢野特殊自動車,recruit@yano-body.co.jp,080-8827-7897; 092-963-2007,https://www.yano-body.co.jp/; https://youtu.be/-abSzjeNToo?start=325&enablejsapi,"一部（5,000円） 2件",0.0%,100.0%,0.0%,2,95768,2026-09-22T10:55:17+09:00,https://job.mynavi.jp/28/pc/corpinfo/displayInternship/index?corpId=95768&optNo=5W1kB
(株)石井表記【東証スタンダード市場上場】,shomu@ishiihyoki.co.jp,084-960-1230,https://www.ishiihyoki.co.jp/,その他 2件,0.0%,0.0%,100.0%,2,294463,2026-09-22T10:55:17+09:00,https://job.mynavi.jp/28/pc/corpinfo/displayInternship/index?corpId=294463&optNo=JCHbm
(株)石川県農協電算センター,jinji@cnt.is-ja.jp,076-240-5851,,"一部（2,000円） 1件",0.0%,100.0%,0.0%,1,112301,2026-09-22T10:55:17+09:00,https://job.mynavi.jp/28/pc/corpinfo/displayInternship/index?corpId=112301&optNo=fPMHD
(株)神戸工業試験場,yu-nakamura@kmtl.co.jp,070-7817-9163; 079-435-5009,https://recruit.kmtl.co.jp/; https://www.kmtl.co.jp/,その他 1件,0.0%,0.0%,100.0%,1,233636,2026-09-22T10:55:17+09:00,https://job.mynavi.jp/28/pc/corpinfo/displayInternship/index?corpId=233636&optNo=g8cpV
(株)神鋼環境ソリューション【神戸製鋼グループ】,SKS-saiyo@kobelco.com,078-232-8019,https://www.kobelco-eco.co.jp/; https://www.youtube.com/user/KobelcoEcoSolutions,その他 3件,0.0%,0.0%,100.0%,3,40580,2026-09-22T10:55:17+09:00,https://job.mynavi.jp/28/pc/corpinfo/displayInternship/index?corpId=40580&optNo=THYcI
(株)福島中央テレビ,saiyo@fct.jp,,https://youtu.be/7i8AM_stLfk?si=hBH8O-L2EOBfxKsS; https://youtu.be/qNDYgB1GKGY?si=QMh0E4T8UqOyavZ0,その他 1件,0.0%,0.0%,100.0%,1,93235,2026-09-22T10:55:17+09:00,https://job.mynavi.jp/28/pc/corpinfo/displayInternship/index?corpId=93235&optNo=rgzB7
(株)秀英予備校,jinji@shuei-yobiko.co.jp,054-252-1510,http://www.shuei-yobiko.co.jp/; https://www.shuei-yobiko.co.jp/corporate/recruit/,"一部（10,000円） 2件",0.0%,100.0%,0.0%,2,55051,2026-09-22T10:55:17+09:00,https://job.mynavi.jp/28/pc/corpinfo/displayInternship/index?corpId=55051&optNo=jecFW
(株)秋田新電元,yuki_s@asd.shindengen.co.jp,,http://asd.shindengen.co.jp/; https://www.instagram.com/akitashindengen/; https://www.youtube.com/@akitashindengenofficial,その他 1件,0.0%,0.0%,100.0%,1,271847,2026-09-22T10:55:17+09:00,https://job.mynavi.jp/28/pc/corpinfo/displayInternship/index?corpId=271847&optNo=oqg1H
(株)穴吹工務店,anabuki-saiyo@grp.daikyo.co.jp,,https://www.anabuki.co.jp/,その他 1件,0.0%,0.0%,100.0%,1,57213,2026-09-22T10:55:17+09:00,https://job.mynavi.jp/28/pc/corpinfo/displayInternship/index?corpId=57213&optNo=wx41p
(株)竹中製作所,a-yamamoto@takenaka-mfg.co.jp,06-6789-1555,https://www.takenaka-mfg.co.jp/,"一部（30,000円） 1件",0.0%,100.0%,0.0%,1,95681,2026-09-22T10:55:17+09:00,https://job.mynavi.jp/28/pc/corpinfo/displayInternship/index?corpId=95681&optNo=ypyAp
(株)竹中道路【竹中工務店グループ】,saiyo@takenaka-douro.co.jp,03-6458-6850,https://www.takenaka-douro.co.jp/,"一部（10,000円） 1件",0.0%,100.0%,0.0%,1,56413,2026-09-22T10:55:17+09:00,https://job.mynavi.jp/28/pc/corpinfo/displayInternship/index?corpId=56413&optNo=y9g5m
(株)笠原建設,recruit@kasacon.co.jp,025-566-3181; 025-566-4852,https://www.kasacon.co.jp/,"一部（10,000円） 2件",0.0%,100.0%,0.0%,2,243244,2026-09-22T10:55:17+09:00,https://job.mynavi.jp/28/pc/corpinfo/displayInternship/index?corpId=243244&optNo=19mc1
(株)第三木材,saiyou@dai3wood.co.jp,0268-62-1202,,その他 1件,0.0%,0.0%,100.0%,1,110508,2026-09-22T10:55:17+09:00,https://job.mynavi.jp/28/pc/corpinfo/displayInternship/index?corpId=110508&optNo=Q9pU0
(株)綿半ホームエイド,ha_honbukyujin@watahan.co.jp,00265-38-2235; 0265-38-2235,https://watahan.co.jp/; https://watahan.jp/,"一部（10,000円） 2件",0.0%,100.0%,0.0%,2,80724,2026-09-22T10:55:17+09:00,https://job.mynavi.jp/28/pc/corpinfo/displayInternship/index?corpId=80724&optNo=nyT7s
(株)臼杵造船所,usukishi@.co.jp,0972-63-1011,,その他 1件,0.0%,0.0%,100.0%,1,273779,2026-09-22T10:55:17+09:00,https://job.mynavi.jp/28/pc/corpinfo/displayInternship/index?corpId=273779&optNo=6LpPY
(株)興新設計,n.fujita@koshin-n.co.jp,0897-33-4063,http://koshin-n.co.jp/,"一部（20,000円） 1件",0.0%,100.0%,0.0%,1,98741,2026-09-22T10:55:17+09:00,https://job.mynavi.jp/28/pc/corpinfo/displayInternship/index?corpId=98741&optNo=eY8-U
(株)花駒,biz@hanakoma.com,0774-34-1320,,その他 2件,0.0%,0.0%,100.0%,2,251398,2026-09-22T10:55:17+09:00,https://job.mynavi.jp/28/pc/corpinfo/displayInternship/index?corpId=251398&optNo=NUuuh
(株)菅組,saiyou@suga-ac.co.jp,,http://www.suga-ac.co.jp/,その他 1件,0.0%,0.0%,100.0%,1,99482,2026-09-22T10:55:17+09:00,https://job.mynavi.jp/28/pc/corpinfo/displayInternship/index?corpId=99482&optNo=TkEu1
(株)葵商店【メタルワングループ】,saiyo@aoi-syoten.co.jp,0564-82-3432,https://www.aoi-syoten.co.jp/,その他 1件,0.0%,0.0%,100.0%,1,234281,2026-09-22T10:55:17+09:00,https://job.mynavi.jp/28/pc/corpinfo/displayInternship/index?corpId=234281&optNo=4PXLW
(株)蓮池設計,yamauchi@hasuike-s.com,053-471-3138,https://www.hasuike-s.com/,その他 1件,0.0%,0.0%,100.0%,1,204433,2026-09-22T10:55:17+09:00,https://job.mynavi.jp/28/pc/corpinfo/displayInternship/index?corpId=204433&optNo=HTFIY
(株)藤田鐵工所,kazu.suzuki@fujita-c.co.jp,0537-22-5111,https://www.fujita-c.co.jp; https://www.fujita-c.co.jp/,その他 2件,0.0%,0.0%,100.0%,2,267859,2026-09-22T10:55:17+09:00,https://job.mynavi.jp/28/pc/corpinfo/displayInternship/index?corpId=267859&optNo=J4Ccs
(株)西原衛生工業所,jinji_saiyou@nishihara-eng.co.jp,03-4218-3960; 03-5427-2710,https://www.nishihara-eng.co.jp/,全額 1件,100.0%,0.0%,0.0%,1,270925,2026-09-22T10:55:17+09:00,https://job.mynavi.jp/28/pc/corpinfo/displayInternship/index?corpId=270925&optNo=RAzjI
(株)西村組,saiyou@nishimura.co.jp,01586-5-2111,https://www.nishimura.co.jp/; https://www.youtube.com/channel/UCgbztH8xI5NL950zwj7yzzQ; https://x.com/Nishimuragumi_O,全額 1件,100.0%,0.0%,0.0%,1,111820,2026-09-22T10:55:17+09:00,https://job.mynavi.jp/28/pc/corpinfo/displayInternship/index?corpId=111820&optNo=16QaU
(株)西條設計コンサルタント,ssc@saijo-sc.co.jp,0225-76-4658,https://www.saijo-sc.co.jp/; https://www.saijo-sc.co.jp/company/; https://www.saijo-sc.co.jp/guide/,その他 1件,0.0%,0.0%,100.0%,1,252104,2026-09-22T10:55:17+09:00,https://job.mynavi.jp/28/pc/corpinfo/displayInternship/index?corpId=252104&optNo=Uy1TY
(株)西部技研【東証スタンダード上場】,saiyo@seibu-giken.co.jp,092-942-3511,,"一部（3,000円） 1件",0.0%,100.0%,0.0%,1,276287,2026-09-22T10:55:17+09:00,https://job.mynavi.jp/28/pc/corpinfo/displayInternship/index?corpId=276287&optNo=68DvD
(株)角館芝浦電子,saiyo@k-shibaura.co.jp,0187-54-3210,https://www.k-shibaura.co.jp/,"一部（30,000円） 2件",0.0%,100.0%,0.0%,2,105000,2026-09-22T10:55:17+09:00,https://job.mynavi.jp/28/pc/corpinfo/displayInternship/index?corpId=105000&optNo=A4GPt
(株)豊和【パルスイミング/スポーツクラブ6・3】,howagroup_recruit@culture-park.co.jp,0563-57-8072,https://www.culture-park.co.jp/,"一部（3,000円） 1件",0.0%,100.0%,0.0%,1,103364,2026-09-22T10:55:17+09:00,https://job.mynavi.jp/28/pc/corpinfo/displayInternship/index?corpId=103364&optNo=QLFpI
(株)豊田自動織機ITソリューションズ,recruit@tiis.global,0566-89-2100,http://www.tiis.global/,"一部（1,000円） 2件",0.0%,100.0%,0.0%,2,81816,2026-09-22T10:55:17+09:00,https://job.mynavi.jp/28/pc/corpinfo/displayInternship/index?corpId=81816&optNo=4BdR7
(株)豊通テック【豊田通商グループ】,recruit@toyotsu-tec.jp,0565-53-3676; 090-3721-0993,https://www.toyotsu-tec.net/graduates/,その他 1件,0.0%,0.0%,100.0%,1,235381,2026-09-22T10:55:17+09:00,https://job.mynavi.jp/28/pc/corpinfo/displayInternship/index?corpId=235381&optNo=IToPU
(株)資さん,akiko.taya@sukesan.co.jp,090-8402-8494,https://www.sukesanudon.com/,"一部（40,000円） 1件",0.0%,100.0%,0.0%,1,203760,2026-09-22T10:55:17+09:00,https://job.mynavi.jp/28/pc/corpinfo/displayInternship/index?corpId=203760&optNo=CasVQ
(株)赤福,jinji@akafuku.co.jp,0596-23-7566,,その他 1件,0.0%,0.0%,100.0%,1,74010,2026-09-22T10:55:17+09:00,https://job.mynavi.jp/28/pc/corpinfo/displayInternship/index?corpId=74010&optNo=VI5pa
(株)辰巳商会,saiyou@tatsumi-cs.co.jp,06-6576-1821,https://www.tatsumi-cs.co.jp/,その他 1件,0.0%,0.0%,100.0%,1,1619,2026-09-22T10:55:17+09:00,https://job.mynavi.jp/28/pc/corpinfo/displayInternship/index?corpId=1619&optNo=S1hWI
(株)近畿予防医学研究所,saiyo@kinkiyoken.co.jp,077-522-7601,http://www.fureai-yakkyoku.jp/,"一部（20,000円） 1件 / その他 1件",0.0%,50.0%,50.0%,2,276011,2026-09-22T10:55:17+09:00,https://job.mynavi.jp/28/pc/corpinfo/displayInternship/index?corpId=276011&optNo=9InY2
(株)近藤組,saiyou@kondo.co.jp,0566-36-8550,https://www.kondo.co.jp/,"一部（3,000円） 1件",0.0%,100.0%,0.0%,1,50125,2026-09-22T10:55:17+09:00,https://job.mynavi.jp/28/pc/corpinfo/displayInternship/index?corpId=50125&optNo=pcZuv
(株)近藤製作所,jinji@konsei.co.jp; m-makihara@konsei.co.jp,0564-62-0428; 080-7039-2962,,"一部（5,000円） 1件",0.0%,100.0%,0.0%,1,293480,2026-09-22T10:55:17+09:00,https://job.mynavi.jp/28/pc/corpinfo/displayInternship/index?corpId=293480&optNo=v94Xq
(株)道下工務店,eiji@michishita1956.co.jp,0847-45-4430,http://www.michishita1956.co.jp/; https://www.michishitakoumuten.jp/,"一部（1,000円） 1件",0.0%,100.0%,0.0%,1,228568,2026-09-22T10:55:17+09:00,https://job.mynavi.jp/28/pc/corpinfo/displayInternship/index?corpId=228568&optNo=kErwY
(株)都築産業,TS-Recruit@tsuduki-ind.com,058-397-1001,https://www.tsuduki-ind.com/,その他 2件,0.0%,0.0%,100.0%,2,273135,2026-09-22T10:55:17+09:00,https://job.mynavi.jp/28/pc/corpinfo/displayInternship/index?corpId=273135&optNo=AQ2b3
(株)金澤工務店,saiyo@kanazawa-c.co.jp,06-6925-2567,"http://www.kanazawa-c.co.jp/index.html; https://kanazawa-recruit.com/internship/#:~:text=1DAY%E4%BB%95%E4%BA%8B,%E3%82%89%E3%82%8C%E3%82%8B%E3%83%97%E3%83%AD%E3%82%B0%E3%83%A9%E3%83%A0%E3%81%A7%E3%81%99%E3%80%82; https://www.kanazawa-c.co.jp/","一部（1,000円） 1件",0.0%,100.0%,0.0%,1,234532,2026-09-22T10:55:17+09:00,https://job.mynavi.jp/28/pc/corpinfo/displayInternship/index?corpId=234532&optNo=tbBII
(株)鈴木化学工業所,suzukikagkaupr@gol.com,0564-64-1058,http://www.suzukikagaku.co.jp/,"一部（2,000円） 2件",0.0%,100.0%,0.0%,2,205515,2026-09-22T10:55:17+09:00,https://job.mynavi.jp/28/pc/corpinfo/displayInternship/index?corpId=205515&optNo=18xdf
(株)鈴木商会,saiyou@suzuki-shokai.co.jp,090-4167-4484,https://www.suzuki-shokai.co.jp/,その他 1件,0.0%,0.0%,100.0%,1,88004,2026-09-22T10:55:17+09:00,https://job.mynavi.jp/28/pc/corpinfo/displayInternship/index?corpId=88004&optNo=i6sZf
(株)錢高組【東証スタンダード上場】,jinji@zenitaka.co.jp,03-5210-2364; 06-6538-7805,https://www.zenitaka.co.jp,その他 3件,0.0%,0.0%,100.0%,3,53281,2026-09-22T10:55:17+09:00,https://job.mynavi.jp/28/pc/corpinfo/displayInternship/index?corpId=53281&optNo=0EfO6
(株)長峰製作所,m_uehara@nagamine-manu.co.jp,0877-73-3555,https://nagamine-manu.co.jp; https://nagamine-manu.co.jp/,"一部（15,000円） 1件 / 一部（32,400円） 2件 / 一部（5,000円） 1件",0.0%,100.0%,0.0%,4,95954,2026-09-22T10:55:17+09:00,https://job.mynavi.jp/28/pc/corpinfo/displayInternship/index?corpId=95954&optNo=PVDDo
(株)長野県協同電算【JA長野県グループ】,internship2028@nkd.nn-ja.or.jp,026-225-8154,https://www.naganoken-kyododensan.jp/,その他 1件,0.0%,0.0%,100.0%,1,91523,2026-09-22T10:55:17+09:00,https://job.mynavi.jp/28/pc/corpinfo/displayInternship/index?corpId=91523&optNo=eHGIn
(株)関ケ原製作所,saiyou@sekigahara.co.jp,,,"一部（2,000円） 1件",0.0%,100.0%,0.0%,1,80537,2026-09-22T10:55:17+09:00,https://job.mynavi.jp/28/pc/corpinfo/displayInternship/index?corpId=80537&optNo=BaiVQ
(株)関口組,hiroki-t@sekiguchigumi.co.jp,0765-22-0016,https://sekiguchigumi.co.jp/; https://www.instagram.com/sekiguchi.gumi/; https://www.youtube.com/@sekiguchigumi,"一部（5,000円） 2件 / その他 3件",0.0%,40.0%,60.0%,5,258884,2026-09-22T10:55:17+09:00,https://job.mynavi.jp/28/pc/corpinfo/displayInternship/index?corpId=258884&optNo=6dhsq
(株)関家具,jinji@sekikagu.co.jp,0944-88-3346,https://www.crashgate.jp/shop/; https://www.sekikagu.co.jp/,"一部（5,000円） 1件",0.0%,100.0%,0.0%,1,81033,2026-09-22T10:55:17+09:00,https://job.mynavi.jp/28/pc/corpinfo/displayInternship/index?corpId=81033&optNo=dbMNp
(株)関電パワーテック【関西電力グループ】,saiyou@kanden-pt.co.jp,06-4705-8670,http://www.kanden-pt.co.jp/,"一部（10,000円） 1件",0.0%,100.0%,0.0%,1,228736,2026-09-22T10:55:17+09:00,https://job.mynavi.jp/28/pc/corpinfo/displayInternship/index?corpId=228736&optNo=JxYzm
(株)阪神住建,hanshin@hanshinjuken.com,06-6447-0143,https://hanshinjuken.com/,"一部（5,000円） 1件",0.0%,100.0%,0.0%,1,65807,2026-09-22T10:55:17+09:00,https://job.mynavi.jp/28/pc/corpinfo/displayInternship/index?corpId=65807&optNo=WvH1y
(株)青葉堂印刷,info@aobado.co.jp,0238-29-1234,https://www.aobado.co.jp/,"一部（5,000円） 1件",0.0%,100.0%,0.0%,1,269813,2026-09-22T10:55:17+09:00,https://job.mynavi.jp/28/pc/corpinfo/displayInternship/index?corpId=269813&optNo=OCuM7
(株)香山組,kym-jinji@kayama-corp.jp,06-6483-6100,https://kayama-corp.co.jp/; https://www.instagram.com/kayamagumi/; https://x.com/kayama_corp,"一部（10,000円） 1件",0.0%,100.0%,0.0%,1,294604,2026-09-22T10:55:17+09:00,https://job.mynavi.jp/28/pc/corpinfo/displayInternship/index?corpId=294604&optNo=dyk7Y
(株)高木化学研究所,hirotaka.ito@takagi-kagaku.co.jp,0564-48-3016,http://www.takagi-kagaku.co.jp/,全額 2件,100.0%,0.0%,0.0%,2,283273,2026-09-22T10:55:17+09:00,https://job.mynavi.jp/28/pc/corpinfo/displayInternship/index?corpId=283273&optNo=AcNbW
(株)高木製作所,natsumi.yamamoto@takagi-mfg.co.jp,0564-82-2121; 0564-82-3600,https://www.youtube.com/@%E6%A0%AA%E5%BC%8F%E4%BC%9A%E7%A4%BE%E9%AB%98%E6%9C%A8%E8%A3%BD%E4%BD%9C%E6%89%80,全額 1件,100.0%,0.0%,0.0%,1,83501,2026-09-22T10:55:17+09:00,https://job.mynavi.jp/28/pc/corpinfo/displayInternship/index?corpId=83501&optNo=UKwL3
(株)高田鉄工所,oy-takatetsu@mail.wbs.ne.jp,055-939-6000,https://www.takadatekkojyo.com/profile/,"一部（30,000円） 2件",0.0%,100.0%,0.0%,2,288706,2026-09-22T10:55:17+09:00,https://job.mynavi.jp/28/pc/corpinfo/displayInternship/index?corpId=288706&optNo=MzFX0
(株)鳥取スター電機,recruit@tottoristar.co.jp,0857-24-1620,,その他 1件,0.0%,0.0%,100.0%,1,250021,2026-09-22T10:55:17+09:00,https://job.mynavi.jp/28/pc/corpinfo/displayInternship/index?corpId=250021&optNo=5jhZv
(株)鴻池組,E-Mail/saiyou@konoike.co.jp,,http://www.konoike.co.jp/,その他 3件,0.0%,0.0%,100.0%,3,50087,2026-09-22T10:55:17+09:00,https://job.mynavi.jp/28/pc/corpinfo/displayInternship/index?corpId=50087&optNo=4oBEI
(株)鷲見製材【ひだまりほーむ】,saiyou@hidamari-home.jp,058-278-7783,https://hidamari-home.jp/; https://www.youtube.com/channel/UCli1quqojh9E8zToNP91bRw,"一部（3,000円） 2件",0.0%,100.0%,0.0%,2,260907,2026-09-22T10:55:17+09:00,https://job.mynavi.jp/28/pc/corpinfo/displayInternship/index?corpId=260907&optNo=8hNKV
(株)鹿熊組,saiyo@kakumagumi.com,026-235-3311; 080-9385-3311,https://kakumagumi.com/,その他 2件,0.0%,0.0%,100.0%,2,86403,2026-09-22T10:55:17+09:00,https://job.mynavi.jp/28/pc/corpinfo/displayInternship/index?corpId=86403&optNo=0Jy1z
(株)麻生,aso-saiyo001@aso-group.co.jp,093-833-7757,,"一部（30,000円） 1件",0.0%,100.0%,0.0%,1,66781,2026-09-22T10:55:17+09:00,https://job.mynavi.jp/28/pc/corpinfo/displayInternship/index?corpId=66781&optNo=zrjt2
(株)ＧＰ鹿児島【ジーライオングループ】,info@kagoshima.porsche.jp,099-269-2235; 099-269-2236,https://www.porsche.co.jp/dealers/kagoshima/,その他 1件,0.0%,0.0%,100.0%,1,294060,2026-09-22T10:55:17+09:00,https://job.mynavi.jp/28/pc/corpinfo/displayInternship/index?corpId=294060&optNo=mXm9l
(株)ＴＥＩＫＯＫＵ【東証プライム市場上場】(旧社名：(株)帝国電機製作所),m_mega@teikokucp.co.jp,0791-75-0411,http://www.teikokucp.co.jp/,その他 1件,0.0%,0.0%,100.0%,1,74744,2026-09-22T10:55:17+09:00,https://job.mynavi.jp/28/pc/corpinfo/displayInternship/index?corpId=74744&optNo=qOiFm
117グループ [グループ募集],recruit-w@117.co.jp; recruit@117.co.jp,073-424-0117; 079-289-0117,https://www.117.co.jp/,"一部（3,000円） 4件",0.0%,100.0%,0.0%,4,70156,2026-09-22T10:55:17+09:00,https://job.mynavi.jp/28/pc/corpinfo/displayInternship/index?corpId=70156&optNo=RmBDo
AGC若狭化学(株),saiyou.wakasa@agc.com,0770-62-0200; 0770-62-0201,http://www.agcwakasa.co.jp/,その他 1件,0.0%,0.0%,100.0%,1,230428,2026-09-22T10:55:17+09:00,https://job.mynavi.jp/28/pc/corpinfo/displayInternship/index?corpId=230428&optNo=wvGoX
ASTI(株)【東証スタンダード上場】,saiyou@asti.co.jp,053-444-5111,https://www.asti.co.jp/,その他 4件,0.0%,0.0%,100.0%,4,201616,2026-09-22T10:55:17+09:00,https://job.mynavi.jp/28/pc/corpinfo/displayInternship/index?corpId=201616&optNo=6wWNs
ASUE(株),recruit@asue.jp,052-212-7917,,"一部（2,000円） 1件",0.0%,100.0%,0.0%,1,260118,2026-09-22T10:55:17+09:00,https://job.mynavi.jp/28/pc/corpinfo/displayInternship/index?corpId=260118&optNo=lT2CI
DOWAホールディングス(株) [グループ募集],saiyou@dowa.co.jp,,https://hd.dowa.co.jp/ja/index.html; https://www.dowa.co.jp/dtc/; https://www.dowa.co.jp/jp/dowa_rd/; https://www.dowa.co.jp/saiyou/people/,その他 2件,0.0%,0.0%,100.0%,2,1403,2026-09-22T10:55:17+09:00,https://job.mynavi.jp/28/pc/corpinfo/displayInternship/index?corpId=1403&optNo=1yVC6
FDK(株)【東証スタンダート上場】,saiyou@fdk.co.jp,03-5715-3574,,全額 1件,100.0%,0.0%,0.0%,1,70088,2026-09-22T10:55:17+09:00,https://job.mynavi.jp/28/pc/corpinfo/displayInternship/index?corpId=70088&optNo=U7ie3
FRCグループ（ファーレン東岐阜(株)、アールジェイ東岐阜(株)、中京クライスラー(株)、愛知クライスラー(株)） [グループ募集],jinji@frcgroup.jp,052-325-5517; 052-408-5711,,"一部（10,000円） 1件",0.0%,100.0%,0.0%,1,273629,2026-09-22T10:55:17+09:00,https://job.mynavi.jp/28/pc/corpinfo/displayInternship/index?corpId=273629&optNo=Nk6rn
JNC(株),saiyo@jnc-corp.co.jp,03-3243-6380; 03-3243-6398,https://www.jnc-corp.co.jp/,その他 1件,0.0%,0.0%,100.0%,1,70477,2026-09-22T10:55:17+09:00,https://job.mynavi.jp/28/pc/corpinfo/displayInternship/index?corpId=70477&optNo=5siXd
JR西日本山陰開発(株)【シャミネ】,saiyou@jrsd.jp,0852-43-6516,https://www.wjrsd.co.jp/,その他 1件,0.0%,0.0%,100.0%,1,227702,2026-09-22T10:55:17+09:00,https://job.mynavi.jp/28/pc/corpinfo/displayInternship/index?corpId=227702&optNo=WgDZn
JSR(株),Jsr_jinjisr@jsr.co.jp,03-6218-3522,http://www.jsr.co.jp/; https://www.jsr.co.jp/,その他 1件,0.0%,0.0%,100.0%,1,583,2026-09-22T10:55:17+09:00,https://job.mynavi.jp/28/pc/corpinfo/displayInternship/index?corpId=583&optNo=oZvB7
KMアルミニウム(株),y-takaoka@kmac-web.com,0944-53-3590,https://www.kmac-web.com,全額 1件,100.0%,0.0%,0.0%,1,258904,2026-09-22T10:55:17+09:00,https://job.mynavi.jp/28/pc/corpinfo/displayInternship/index?corpId=258904&optNo=Pgu-Q
MMCテクニカルサービス(株)【三菱自動車グループ】,sota.tsuchiya@mitsubishi-motors.com,075-864-8196,https://www.mmc-mtecs.co.jp/,全額 1件,100.0%,0.0%,0.0%,1,211959,2026-09-22T10:55:17+09:00,https://job.mynavi.jp/28/pc/corpinfo/displayInternship/index?corpId=211959&optNo=u4kch
NGKキルンテック(株)【NGKグループ】,ohseko-h@ngk.co.jp; yuki-nshr@ngk.co.jp,,https://www.ngkkiln-tech.com/,その他 2件,0.0%,0.0%,100.0%,2,284464,2026-09-22T10:55:17+09:00,https://job.mynavi.jp/28/pc/corpinfo/displayInternship/index?corpId=284464&optNo=jSZm-
"NICグループ【日本インフォメーション(株)／NIC Global Solutions(株)／(株)ホロニクス／NIC VIETNAM CO., LTD.】 [グループ募集]",hol-recruit@holonics.jp,055-952-0171,https://www.holonics.jp/,その他 1件,0.0%,0.0%,100.0%,1,78567,2026-09-22T10:55:17+09:00,https://job.mynavi.jp/28/pc/corpinfo/displayInternship/index?corpId=78567&optNo=yUMLH
NOVAホールディングス(株),jinji@nova.co.jp,03-4405-7075,https://nova-holdings.jp/; https://www.gaba.co.jp/; https://www.nova.co.jp/,"一部（1,000円） 2件",0.0%,100.0%,0.0%,2,218120,2026-09-22T10:55:17+09:00,https://job.mynavi.jp/28/pc/corpinfo/displayInternship/index?corpId=218120&optNo=E0dOs
NPO法人出雲スポーツ振興21,h.yamada@sports21.jp; saiyou@sports21.jp,,https://sports21.jp/,その他 2件,0.0%,0.0%,100.0%,2,100859,2026-09-22T10:55:17+09:00,https://job.mynavi.jp/28/pc/corpinfo/displayInternship/index?corpId=100859&optNo=eARm4
NSKワーナー(株),nwc-e-jinzai@nsk.com,0538-43-1121,https://www.nsk.com/nsk-warner/; https://www.nsk.com/nsk-warner/jp/,その他 4件,0.0%,0.0%,100.0%,4,76888,2026-09-22T10:55:17+09:00,https://job.mynavi.jp/28/pc/corpinfo/displayInternship/index?corpId=76888&optNo=E06-h
NX・NPロジスティクス(株)【NXグループ】,recruit@nplc.co.jp,06-6349-5020,https://www.nplc.co.jp/,"一部（5,000円） 1件",0.0%,100.0%,0.0%,1,212045,2026-09-22T10:55:17+09:00,https://job.mynavi.jp/28/pc/corpinfo/displayInternship/index?corpId=212045&optNo=ECnZm
SATO社会保険労務士法人(SATO INTERNATIONAL GROUP),ssr-saiyou@sato-group.com,011-3510-3010,https://www.sato-group-sr.jp/,"一部（1,700円） 1件",0.0%,100.0%,0.0%,1,111931,2026-09-22T10:55:17+09:00,https://job.mynavi.jp/28/pc/corpinfo/displayInternship/index?corpId=111931&optNo=-aa81
SGホールディングスグループ [グループ募集],recruit@sagawa-logi.co.jp,03-3768-8502,,その他 1件,0.0%,0.0%,100.0%,1,200030,2026-09-22T10:55:17+09:00,https://job.mynavi.jp/28/pc/corpinfo/displayInternship/index?corpId=200030&optNo=c9npv
SHOWA GROUP(株)【旧社名：昭和住宅(株)】,saiyou@showa-jutaku.co.jp,079-423-0094,https://www.showa-jutaku.co.jp/,"一部（10,000円） 1件",0.0%,100.0%,0.0%,1,66750,2026-09-22T10:55:17+09:00,https://job.mynavi.jp/28/pc/corpinfo/displayInternship/index?corpId=66750&optNo=nfxFh
SHプレシジョン(株),mika.tanabe@shpj.co.jp,0238-38-2921,https://shpj.co.jp/,その他 1件,0.0%,0.0%,100.0%,1,273072,2026-09-22T10:55:17+09:00,https://job.mynavi.jp/28/pc/corpinfo/displayInternship/index?corpId=273072&optNo=0mTzX
Sky(株),jinji2@skygroup.jp,03-5860-6122; 052-446-8922; 06-6453-0221,https://www.skygroup.jp/,その他 1件,0.0%,0.0%,100.0%,1,75894,2026-09-22T10:55:17+09:00,https://job.mynavi.jp/28/pc/corpinfo/displayInternship/index?corpId=75894&optNo=GrBDX
TDCソフト(株)【東証プライム市場上場】,saiyou@tdc.co.jp,0120-341-922; 06-6208-7177,https://www.tdc.co.jp,"一部（2,000円） 1件",0.0%,100.0%,0.0%,1,73340,2026-09-22T10:55:17+09:00,https://job.mynavi.jp/28/pc/corpinfo/displayInternship/index?corpId=73340&optNo=XZsF6
TISI(株)【TISインテックグループ】,tisi2028@s-hr.jp,03-6704-9268,https://www.tisi.jp/,その他 1件,0.0%,0.0%,100.0%,1,1143,2026-09-22T10:55:17+09:00,https://job.mynavi.jp/28/pc/corpinfo/displayInternship/index?corpId=1143&optNo=g5wH-
TIS北海道(株),ml_saiyou@tis-h.co.jp,011-251-5514,https://www.tis-h.co.jp/,"一部（10,000円） 2件",0.0%,100.0%,0.0%,2,79463,2026-09-22T10:55:17+09:00,https://job.mynavi.jp/28/pc/corpinfo/displayInternship/index?corpId=79463&optNo=0PQeD
TONE(株)【東証スタンダード上場】,recruit@tonetool.co.jp,0721-51-1386,https://www.tonetool.co.jp/,その他 3件,0.0%,0.0%,100.0%,3,233156,2026-09-22T10:55:17+09:00,https://job.mynavi.jp/28/pc/corpinfo/displayInternship/index?corpId=233156&optNo=4uK9l
TOYO TIRE(株),TOYOTIRE@ssen.co.jp,0120-934-677,http://www.toyotires.co.jp/; https://www.toyotires.co.jp/rd/,全額 1件,100.0%,0.0%,0.0%,1,74256,2026-09-22T10:55:17+09:00,https://job.mynavi.jp/28/pc/corpinfo/displayInternship/index?corpId=74256&optNo=YH-co
TPR工業(株),kg_recruit@tpr-global.com,0237-86-4131,https://tpkk.jp/,その他 1件,0.0%,0.0%,100.0%,1,99501,2026-09-22T10:55:17+09:00,https://job.mynavi.jp/28/pc/corpinfo/displayInternship/index?corpId=99501&optNo=Uc9x7
UMC・Hエレクトロニクス(株),k-ogino@umc.co.jp; osamu.kitamura.tw@umc.co.jp; yuta.sugiyama.zz@umc.co.jp,,,その他 1件,0.0%,0.0%,100.0%,1,277797,2026-09-22T10:55:17+09:00,https://job.mynavi.jp/28/pc/corpinfo/displayInternship/index?corpId=277797&optNo=d8pqW
YUSHIN(株)(旧：(株)ユーシン精機) 【東証スタンダード上場】,jinjisaiyo@yushincompany.jp,,https://www.yushincompany.jp/; https://ype.brandmedia.i-myrefer.jp/media,その他 1件,0.0%,0.0%,100.0%,1,58244,2026-09-22T10:55:17+09:00,https://job.mynavi.jp/28/pc/corpinfo/displayInternship/index?corpId=58244&optNo=ZmN5l
あいえす造船(株)【今治造船グループ】,ochi.kota@imazo.com,0897-84-2311,https://is-shipyard.co.jp/,全額 1件,100.0%,0.0%,0.0%,1,109579,2026-09-22T10:55:17+09:00,https://job.mynavi.jp/28/pc/corpinfo/displayInternship/index?corpId=109579&optNo=frjQf
あいち海部農業協同組合【JAあいち海部】,jinzaiikusei@ja-aichiama.com,0567-28-6633,https://www.ja-aichiama.com/,その他 1件,0.0%,0.0%,100.0%,1,218935,2026-09-22T10:55:17+09:00,https://job.mynavi.jp/28/pc/corpinfo/displayInternship/index?corpId=218935&optNo=shdL4
あわじ島農業協同組合【JAあわじ島】,awj.soumu1@jamail.hyogo.jp,,,その他 1件,0.0%,0.0%,100.0%,1,89432,2026-09-22T10:55:17+09:00,https://job.mynavi.jp/28/pc/corpinfo/displayInternship/index?corpId=89432&optNo=AOFKY
いばらきコープ生活協同組合,saiyou_ibaraki@coopdeli.coop,0299-35-7283,https://ibaraki.coopnet.or.jp/,"一部（2,000円） 1件",0.0%,100.0%,0.0%,1,51269,2026-09-22T10:55:17+09:00,https://job.mynavi.jp/28/pc/corpinfo/displayInternship/index?corpId=51269&optNo=CqJx1
いわき魚類(株),hiroatsu-s@iwaki-gyorui.co.jp,,,"一部（10,000円） 1件",0.0%,100.0%,0.0%,1,240691,2026-09-22T10:55:17+09:00,https://job.mynavi.jp/28/pc/corpinfo/displayInternship/index?corpId=240691&optNo=8T3Z6
いわて生活協同組合,sn.i05541mh@todock.coop,019-687-1441; 019-687-3690,https://www.iwate.coop/,"一部（30,000円） 1件",0.0%,100.0%,0.0%,1,53139,2026-09-22T10:55:17+09:00,https://job.mynavi.jp/28/pc/corpinfo/displayInternship/index?corpId=53139&optNo=FB9FW
きのこの森(有),kinokonomori_nakanooffice@nifty.com,0269-22-7207,https://kinokonomori.net/,全額 1件,100.0%,0.0%,0.0%,1,261999,2026-09-22T10:55:17+09:00,https://job.mynavi.jp/28/pc/corpinfo/displayInternship/index?corpId=261999&optNo=PRRv0
きょうわ農業協同組合【JAきょうわ】,kyouwa@kyouwa.ja-hokkaido.gr.jp,,https://www.ja-kyouwa.jp/,"一部（5,000円） 1件",0.0%,100.0%,0.0%,1,220975,2026-09-22T10:55:17+09:00,https://job.mynavi.jp/28/pc/corpinfo/displayInternship/index?corpId=220975&optNo=-lv3h
さえきセルバホールディングスグループ【フーズマーケットさえき／セルバ／おかじま／フーズマーケットホック】 [グループ募集],totani-atsumi@freshsaeki.co.jp,0555-24-6644,https://ym.freshsaeki.co.jp/,"一部（3,000円） 1件 / 一部（5,000円） 2件",0.0%,100.0%,0.0%,3,273113,2026-09-22T10:55:17+09:00,https://job.mynavi.jp/28/pc/corpinfo/displayInternship/index?corpId=273113&optNo=9FEg-
しずてつジャストライン(株)【静鉄バス】,sjl.recruit@justline.co.jp,054-267-5150,https://www.justline.co.jp/; https://www.justline.co.jp/safety/,その他 1件,0.0%,0.0%,100.0%,1,104413,2026-09-22T10:55:17+09:00,https://job.mynavi.jp/28/pc/corpinfo/displayInternship/index?corpId=104413&optNo=Tya1O
ふたば税理士法人,info@futaba-tax.co.jp,0166-27-8000,https://futaba-tax.co.jp/,その他 1件,0.0%,0.0%,100.0%,1,269818,2026-09-22T10:55:17+09:00,https://job.mynavi.jp/28/pc/corpinfo/displayInternship/index?corpId=269818&optNo=Tx3F3
みちのくコンサルタント(株),s_takahasi@michicon.co.jp,022-398-8760; 022-398-8761,https://www.michicon.co.jp/,その他 1件,0.0%,0.0%,100.0%,1,276937,2026-09-22T10:55:17+09:00,https://job.mynavi.jp/28/pc/corpinfo/displayInternship/index?corpId=276937&optNo=Gt81p
むつ小川原石油備蓄(株),t.sano@moos.co.jp,,,その他 1件,0.0%,0.0%,100.0%,1,110904,2026-09-22T10:55:17+09:00,https://job.mynavi.jp/28/pc/corpinfo/displayInternship/index?corpId=110904&optNo=zk-D1
ようてい農業協同組合【JAようてい】,info@youtei.ja-hokkaido.gr.jp,0136-21-2311,http://www.ja-youtei.or.jp/,その他 1件,0.0%,0.0%,100.0%,1,87574,2026-09-22T10:55:17+09:00,https://job.mynavi.jp/28/pc/corpinfo/displayInternship/index?corpId=87574&optNo=rZ0Ny
よつ葉乳業(株),saiyou@yotsuba.co.jp,011-221-0812; 011-222-1312,http://www.yotsuba.co.jp/,その他 1件,0.0%,0.0%,100.0%,1,3852,2026-09-22T10:55:17+09:00,https://job.mynavi.jp/28/pc/corpinfo/displayInternship/index?corpId=3852&optNo=Qy684
アイグラングループ [グループ募集],recruit_aigran@aigran.co.jp,050-3665-8056,https://aigran-holdings.jp/,その他 1件,0.0%,0.0%,100.0%,1,97728,2026-09-22T10:55:17+09:00,https://job.mynavi.jp/28/pc/corpinfo/displayInternship/index?corpId=97728&optNo=lFLfg
アイコニア・ホスピタリティ(株)【旧社名：(株)マイステイズ・ホテル・マネジメント】,new-grad@iconia.co.jp,03-6857-2529,,その他 1件,0.0%,0.0%,100.0%,1,252156,2026-09-22T10:55:17+09:00,https://job.mynavi.jp/28/pc/corpinfo/displayInternship/index?corpId=252156&optNo=Zrpa-
アイサワ工業(株),recruit@aisawa.co.jp,0120-252-153,https://www.aisawa.co.jp/,その他 2件,0.0%,0.0%,100.0%,2,59480,2026-09-22T10:55:17+09:00,https://job.mynavi.jp/28/pc/corpinfo/displayInternship/index?corpId=59480&optNo=5A5UD
アイシンシロキ(株),noriyo-k@shiroki.co.jp,0533-93-1233,https://www.shiroki.co.jp/,"一部（3,000円） 1件",0.0%,100.0%,0.0%,1,88956,2026-09-22T10:55:17+09:00,https://job.mynavi.jp/28/pc/corpinfo/displayInternship/index?corpId=88956&optNo=YXxcD
アイシン軽金属(株)(アイシングループ),recruit@aisin-ak.co.jp,0766-82-8812,https://www.aisin.com/jp/group/aisin-ak/jp/,その他 1件,0.0%,0.0%,100.0%,1,84896,2026-09-22T10:55:17+09:00,https://job.mynavi.jp/28/pc/corpinfo/displayInternship/index?corpId=84896&optNo=Q9gWl
アイジーエヴァース(株),info@ig-e.co.jp,0566-21-3287,https://ig-e.co.jp/; https://twitter.com/ig_evearth; https://www.instagram.com/ig_evearth/; https://www.nc-net.or.jp/company/94393/,その他 2件,0.0%,0.0%,100.0%,2,275395,2026-09-22T10:55:17+09:00,https://job.mynavi.jp/28/pc/corpinfo/displayInternship/index?corpId=275395&optNo=CnEF4
アイワビルド(株)【クレバリーホーム】,recruit@aiwabuild.co.jp,080-2813-0151,https://aiwabuild.com/; https://cleverlyhome.shop/,"一部（3,000円） 1件",0.0%,100.0%,0.0%,1,212310,2026-09-22T10:55:17+09:00,https://job.mynavi.jp/28/pc/corpinfo/displayInternship/index?corpId=212310&optNo=MG8tB
アイ・エイチ・ジェイ(株),saiyo@ih-j.co.jp,099-214-3901,https://ih-j.jp/,"一部（5,000円） 3件",0.0%,100.0%,0.0%,3,93450,2026-09-22T10:55:17+09:00,https://job.mynavi.jp/28/pc/corpinfo/displayInternship/index?corpId=93450&optNo=Fh-g7
アキラ工業(株)【アキラグループ】,recruit@akira-k.co.jp,025-260-2221,https://www.akira-k.co.jp/,その他 1件,0.0%,0.0%,100.0%,1,100495,2026-09-22T10:55:17+09:00,https://job.mynavi.jp/28/pc/corpinfo/displayInternship/index?corpId=100495&optNo=cMnDm
アクアグループ【(株)アクア美保/(株)アクアスマート】 [グループ募集],toyota@aquamiho.co.jp,0865-67-3555,https://www.aquamiho.co.jp/,その他 1件,0.0%,0.0%,100.0%,1,252884,2026-09-22T10:55:17+09:00,https://job.mynavi.jp/28/pc/corpinfo/displayInternship/index?corpId=252884&optNo=da72z
アサヒハウス工業(株),jinji-saiyou@asahi-hk.co.jp,053-458-1280,https://www.asahigroup-hk.co.jp/,"一部（10,000円） 2件",0.0%,100.0%,0.0%,2,54852,2026-09-22T10:55:17+09:00,https://job.mynavi.jp/28/pc/corpinfo/displayInternship/index?corpId=54852&optNo=4XotO
アサヒレジャー(株)【フィッシング遊】,h_tachibana@fishing-you.com,0598-53-0091,https://fishing-you.com/,"一部（15,000円） 2件 / その他 1件",0.0%,66.7%,33.3%,3,87642,2026-09-22T10:55:17+09:00,https://job.mynavi.jp/28/pc/corpinfo/displayInternship/index?corpId=87642&optNo=BV5G1
アサヒ電子(株),ad_saiyou@asahi-gp.com,024-584-2111,https://asahi-gp.co.jp/denshi/,その他 1件,0.0%,0.0%,100.0%,1,112166,2026-09-22T10:55:17+09:00,https://job.mynavi.jp/28/pc/corpinfo/displayInternship/index?corpId=112166&optNo=XzHcf
アジア航測(株)【東証スタンダード上場】,tk.jinji@ajiko.co.jp,044-969-7250,http://www.ajiko.co.jp/; https://www.ajiko.co.jp/recruit/recruitement/intern/,その他 1件,0.0%,0.0%,100.0%,1,92593,2026-09-22T10:55:17+09:00,https://job.mynavi.jp/28/pc/corpinfo/displayInternship/index?corpId=92593&optNo=UUi77
アスコネックス(株)【旧:京滋ユアサ電機(株)】,recruit@asconnex.com,075-352-7433,,"一部（3,000円） 2件",0.0%,100.0%,0.0%,2,88348,2026-09-22T10:55:17+09:00,https://job.mynavi.jp/28/pc/corpinfo/displayInternship/index?corpId=88348&optNo=M9X0y
アズビル太信(株),t-yamada@taishin.co.jp,0269-26-3320,https://ats.azbil.com/,その他 1件,0.0%,0.0%,100.0%,1,109050,2026-09-22T10:55:17+09:00,https://job.mynavi.jp/28/pc/corpinfo/displayInternship/index?corpId=109050&optNo=GBsn6
アナログ・デバイセズ(株),recruit.japan@analog.com,,https://www.analog.com/jp/index.html#,全額 1件,100.0%,0.0%,0.0%,1,13106,2026-09-22T10:55:17+09:00,https://job.mynavi.jp/28/pc/corpinfo/displayInternship/index?corpId=13106&optNo=kIOt2
アビリティーセンター(株),saiyo@abi.co.jp,0897-34-2590,https://abilitycenter-working-life.studio.site/; https://www.abi.co.jp/; https://www.instagram.com/abisaiyo/,その他 1件,0.0%,0.0%,100.0%,1,77252,2026-09-22T10:55:17+09:00,https://job.mynavi.jp/28/pc/corpinfo/displayInternship/index?corpId=77252&optNo=VEt6U
アビームシステムズ(株),jpabshrsaiyo@abeam.com,052-446-7775,http://www.abeam-s.com/; http://www.abeam-s.com/recruit/internship/,その他 1件,0.0%,0.0%,100.0%,1,67251,2026-09-22T10:55:17+09:00,https://job.mynavi.jp/28/pc/corpinfo/displayInternship/index?corpId=67251&optNo=LgY3B
アプライドグループ＜アプライド(株)【東証スタンダード市場上場】他＞ [グループ募集],recruit@applied-g.com,0120-313-767,https://www.applied-g.jp/,"一部（3,000円） 1件",0.0%,100.0%,0.0%,1,59040,2026-09-22T10:55:17+09:00,https://job.mynavi.jp/28/pc/corpinfo/displayInternship/index?corpId=59040&optNo=fQhZp
アルカディアシステムズ(株),personnel@arcadia-systems.jp,025-278-8758,https://www.arcadia-systems.jp/,"一部（2,000円） 1件",0.0%,100.0%,0.0%,1,220965,2026-09-22T10:55:17+09:00,https://job.mynavi.jp/28/pc/corpinfo/displayInternship/index?corpId=220965&optNo=D5-eH
アルピコ交通(株)【アルピコグループ】,nakayama.yuuri@alpico.co.jp,0263-28-4728,https://job-gear.net/alpicotraffic/; https://www.instagram.com/alpico_saiyo/; https://x.com/alpico_saiyo,その他 2件,0.0%,0.0%,100.0%,2,102932,2026-09-22T10:55:17+09:00,https://job.mynavi.jp/28/pc/corpinfo/displayInternship/index?corpId=102932&optNo=a12N4
アルファクラブ静岡(株),s-jinjika@alphaclub-s.com,054-344-3333,https://www.alphaclub-s.com/,"一部（3,000円） 1件",0.0%,100.0%,0.0%,1,213389,2026-09-22T10:55:17+09:00,https://job.mynavi.jp/28/pc/corpinfo/displayInternship/index?corpId=213389&optNo=4mq2-
アルフレッサファーマ(株),recruit@alfresa-pharma.co.jp,06-6941-0278,http://www.alfresa-pharma.co.jp/,"一部（30,000円） 1件",0.0%,100.0%,0.0%,1,287722,2026-09-22T10:55:17+09:00,https://job.mynavi.jp/28/pc/corpinfo/displayInternship/index?corpId=287722&optNo=l5CDW
アンダーツリー(株)＜KICONA（キコーナ）＞,recruit@undertree.co.jp,0120-157-177; 0120-66-3140; 0120-663-140; 070-1442-2549; 080-2015-3257,http://www.undertree.co.jp/; https://www.undertree.co.jp/ut/index.html,"一部（1,000円） 5件",0.0%,100.0%,0.0%,5,79159,2026-09-22T10:55:17+09:00,https://job.mynavi.jp/28/pc/corpinfo/displayInternship/index?corpId=79159&optNo=2Fix3
アークレイグループ [グループ募集],recruit@arkray.co.jp,050-3197-1661,,全額 1件,100.0%,0.0%,0.0%,1,60436,2026-09-22T10:55:17+09:00,https://job.mynavi.jp/28/pc/corpinfo/displayInternship/index?corpId=60436&optNo=RQkam
アート金属工業(株)【 AISINグループ 】,recruiting@art-piston.co.jp,0268-25-8115,https://www.aisin.com/jp/group/art-piston/,その他 1件,0.0%,0.0%,100.0%,1,65844,2026-09-22T10:55:17+09:00,https://job.mynavi.jp/28/pc/corpinfo/displayInternship/index?corpId=65844&optNo=JiQ8B
アーリアグループ [グループ募集],recruit-saiyou@kizuna-group.co.jp,,https://www.instagram.com/aria_1949/; https://www.kizuna-group.com/; https://www.youtube.com/@%E6%A0%AA%E5%BC%8F%E4%BC%9A%E7%A4%BE%E3%82%A2%E3%83%BC%E3%83%AA%E3%82%A2-p5y,その他 1件,0.0%,0.0%,100.0%,1,264780,2026-09-22T10:55:17+09:00,https://job.mynavi.jp/28/pc/corpinfo/displayInternship/index?corpId=264780&optNo=gzNU1
アール・エスホーム(株)【アイフルホーム徳島松茂店・徳島沖浜店】,rshome.recruit@gmail.com,088-699-8030,,"一部（5,000円） 1件",0.0%,100.0%,0.0%,1,102311,2026-09-22T10:55:17+09:00,https://job.mynavi.jp/28/pc/corpinfo/displayInternship/index?corpId=102311&optNo=fSgf0
イセット(株)(ISET),kodai-i@iset.co.jp,059-227-2000,https://www.iset.co.jp/,"一部（10,000円） 1件",0.0%,100.0%,0.0%,1,89556,2026-09-22T10:55:17+09:00,https://job.mynavi.jp/28/pc/corpinfo/displayInternship/index?corpId=89556&optNo=vdNvl
イノチオグループ [グループ募集],saiyou@inochio.co.jp,0532-48-5729; 0532485729,https://www.inochio.co.jp; https://www.inochio.co.jp/,その他 3件,0.0%,0.0%,100.0%,3,207044,2026-09-22T10:55:17+09:00,https://job.mynavi.jp/28/pc/corpinfo/displayInternship/index?corpId=207044&optNo=C498D
インフォコムテクノロジーズ(株)【旧：(株)インフォコム西日本】,it-saiyou@infocom-tech.co.jp,089-971-5575,https://www.infocom-tech.co.jp/,全額 1件,100.0%,0.0%,0.0%,1,79692,2026-09-22T10:55:17+09:00,https://job.mynavi.jp/28/pc/corpinfo/displayInternship/index?corpId=79692&optNo=9mbul
ウエル・ユーカン(株),wel-saiyou@welu-kan.co.jp,03-5818-6900; 0829-40-5151,https://www.welu-kan.co.jp/,その他 1件,0.0%,0.0%,100.0%,1,100874,2026-09-22T10:55:17+09:00,https://job.mynavi.jp/28/pc/corpinfo/displayInternship/index?corpId=100874&optNo=pQGGW
ウチダ(株),uchidarecruit@uchida-kk.jp,052-331-2190,https://www.uchida-kk.jp/; https://www.youtube.com/watch?v=S3cYI6_Mesg,"一部（2,000円） 1件",0.0%,100.0%,0.0%,1,205536,2026-09-22T10:55:17+09:00,https://job.mynavi.jp/28/pc/corpinfo/displayInternship/index?corpId=205536&optNo=aIrpd
ウメトク(株),mina_komaki@umetoku.co.jp,06-6374-3352,https://www.umetoku.co.jp/; https://www.umetoku.co.jp/recruitingsite/,全額 1件,100.0%,0.0%,0.0%,1,103537,2026-09-22T10:55:17+09:00,https://job.mynavi.jp/28/pc/corpinfo/displayInternship/index?corpId=103537&optNo=Toce1
エスツーアイ(株),recruit@s2-i.co.jp,,https://s2-i.co.jp/,その他 1件,0.0%,0.0%,100.0%,1,91369,2026-09-22T10:55:17+09:00,https://job.mynavi.jp/28/pc/corpinfo/displayInternship/index?corpId=91369&optNo=PMla7
エスビー食品(株),sb_saiyou@sbfoods.co.jp,,https://www.sbfoods.co.jp/,その他 1件,0.0%,0.0%,100.0%,1,1431,2026-09-22T10:55:17+09:00,https://job.mynavi.jp/28/pc/corpinfo/displayInternship/index?corpId=1431&optNo=yIet0
エヌケー建設(株),h-kita@nkk-cm.com,,,"一部（5,000円） 1件",0.0%,100.0%,0.0%,1,250645,2026-09-22T10:55:17+09:00,https://job.mynavi.jp/28/pc/corpinfo/displayInternship/index?corpId=250645&optNo=eiGLm
エヌシーイー(株),H-Yamamura@nceinc.co.jp; K-Dobashi@nceinc.co.jp,025-285-8540,https://corp.nceinc.co.jp/,その他 1件,0.0%,0.0%,100.0%,1,100724,2026-09-22T10:55:17+09:00,https://job.mynavi.jp/28/pc/corpinfo/displayInternship/index?corpId=100724&optNo=DUFUl
エネサーブ(株)【大和ハウスグループ】,hiroko.samejima_a@eneserve.co.jp,03-6261-6393,https://www.eneserve.co.jp/,全額 3件,100.0%,0.0%,0.0%,3,214873,2026-09-22T10:55:17+09:00,https://job.mynavi.jp/28/pc/corpinfo/displayInternship/index?corpId=214873&optNo=WCErB
エフティテクノ(株)【アイシングループ】,FTTjinji@fttechno.aisin.co.jp,050-3138-0335,https://www.aisin.com/jp/group/fttechno/,その他 2件,0.0%,0.0%,100.0%,2,241730,2026-09-22T10:55:17+09:00,https://job.mynavi.jp/28/pc/corpinfo/displayInternship/index?corpId=241730&optNo=IgSZD
エレコム(株)【東証プライム上場】,saiyou@elecom.co.jp,0120-17-8056,http://www.elecom.co.jp/; https://www.elecom.co.jp/,全額 1件 / その他 1件,50.0%,0.0%,50.0%,2,72695,2026-09-22T10:55:17+09:00,https://job.mynavi.jp/28/pc/corpinfo/displayInternship/index?corpId=72695&optNo=5R6Cz
オダケホーム(株),kanribu@odakehome.co.jp,0766-55-4100,https://www.odakehome.co.jp/,その他 1件,0.0%,0.0%,100.0%,1,104237,2026-09-22T10:55:17+09:00,https://job.mynavi.jp/28/pc/corpinfo/displayInternship/index?corpId=104237&optNo=Zzays
オホーツク網走農業協同組合【JAオホーツク網走】,info@okhotskabashiri.ja-hokkaido.gr.jp,0152-43-2311,https://ja-okhotskabashiri.or.jp/,"一部（30,000円） 1件",0.0%,100.0%,0.0%,1,227667,2026-09-22T10:55:17+09:00,https://job.mynavi.jp/28/pc/corpinfo/displayInternship/index?corpId=227667&optNo=03Jps
オムニ技研(株),omni-jinji@omnigiken.co.jp,0258-21-0016,https://omnigiken.co.jp/,その他 1件,0.0%,0.0%,100.0%,1,86768,2026-09-22T10:55:17+09:00,https://job.mynavi.jp/28/pc/corpinfo/displayInternship/index?corpId=86768&optNo=wGPYY
オリジナル設計(株)【東証スタンダード上場】,shin_saiyou@oec-solution.co.jp,03-6757-8801,https://www.oec-solution.co.jp/,"一部（10,000円） 1件",0.0%,100.0%,0.0%,1,241982,2026-09-22T10:55:17+09:00,https://job.mynavi.jp/28/pc/corpinfo/displayInternship/index?corpId=241982&optNo=YvpyH
オーガスタラボ(株),recruit@augusta-lab.co.jp,052-485-8933,https://www.augusta-lab.co.jp/,"一部（3,000円） 2件 / その他 1件",0.0%,66.7%,33.3%,3,275819,2026-09-22T10:55:17+09:00,https://job.mynavi.jp/28/pc/corpinfo/displayInternship/index?corpId=275819&optNo=FbC1z
オークラサービス(株),okuraservice+27@recruit-mg.com,078-230-1086,https://okrs.co.jp/,全額 1件,100.0%,0.0%,0.0%,1,66749,2026-09-22T10:55:17+09:00,https://job.mynavi.jp/28/pc/corpinfo/displayInternship/index?corpId=66749&optNo=wV7xH
オークラ輸送機(株),okr-saiyo@okurayusoki.com,079-426-1108,https://www.okurayusoki.co.jp/,"一部（5,000円） 2件",0.0%,100.0%,0.0%,2,51280,2026-09-22T10:55:17+09:00,https://job.mynavi.jp/28/pc/corpinfo/displayInternship/index?corpId=51280&optNo=0zlTt
オールケア・グループ [グループ募集],recruit@allcare.co.jp,06-4397-7277,https://allcare.co.jp,その他 1件,0.0%,0.0%,100.0%,1,90022,2026-09-22T10:55:17+09:00,https://job.mynavi.jp/28/pc/corpinfo/displayInternship/index?corpId=90022&optNo=qvjyo
カイシン工業(株),ma-tanaka@kaisin-g.jp,026-296-1551; 026-296-1631,,その他 4件,0.0%,0.0%,100.0%,4,95135,2026-09-22T10:55:17+09:00,https://job.mynavi.jp/28/pc/corpinfo/displayInternship/index?corpId=95135&optNo=4CmUD
カイズ電気(株),rec@052.co.jp,052-442-2221,https://demo.setubee.jp/; https://kaizu-denki.jp/,その他 2件,0.0%,0.0%,100.0%,2,255037,2026-09-22T10:55:17+09:00,https://job.mynavi.jp/28/pc/corpinfo/displayInternship/index?corpId=255037&optNo=G2fE7
カケフグループ【(株)カケフホールディングス、他4社】 [グループ募集],zinzi-saiyou@kakefu.co.jp,,http://kakefu.co.jp/,その他 1件,0.0%,0.0%,100.0%,1,235928,2026-09-22T10:55:17+09:00,https://job.mynavi.jp/28/pc/corpinfo/displayInternship/index?corpId=235928&optNo=H4MFz
カナデビア(株),hq-saiyo@kanadevia.com,06-6569-0019; 06-6569-0021,https://www.kanadevia.com/,その他 1件,0.0%,0.0%,100.0%,1,303,2026-09-22T10:55:17+09:00,https://job.mynavi.jp/28/pc/corpinfo/displayInternship/index?corpId=303&optNo=lmgD7
カネテツデリカフーズ(株),recruit@kanetetsu.co.jp,078-857-3872,https://www.kanetetsu.com/,"一部（1,000円） 1件",0.0%,100.0%,0.0%,1,80447,2026-09-22T10:55:17+09:00,https://job.mynavi.jp/28/pc/corpinfo/displayInternship/index?corpId=80447&optNo=TznXV
カワサキ機工(株),saiyou@kawasaki-kiko.co.jp,0537-27-1725,,その他 1件,0.0%,0.0%,100.0%,1,101529,2026-09-22T10:55:17+09:00,https://job.mynavi.jp/28/pc/corpinfo/displayInternship/index?corpId=101529&optNo=hQxph
キオクシア岩手(株),KIW-recruit@kioxia.com,,https://www.kioxia-iwate.co.jp/,その他 2件,0.0%,0.0%,100.0%,2,286187,2026-09-22T10:55:17+09:00,https://job.mynavi.jp/28/pc/corpinfo/displayInternship/index?corpId=286187&optNo=1gGR1
キッセイコムテック(株),comtec.kicnet+28@recruit-mg.com,0120-156-109; 0120-856-109,,その他 1件,0.0%,0.0%,100.0%,1,67765,2026-09-22T10:55:17+09:00,https://job.mynavi.jp/28/pc/corpinfo/displayInternship/index?corpId=67765&optNo=YCmzd
キングパーツ(株),awamura@kingparts.co.jp,084-972-7100,https://www.kingparts.co.jp,"一部（30,000円） 1件 / その他 1件",0.0%,50.0%,50.0%,2,224386,2026-09-22T10:55:17+09:00,https://job.mynavi.jp/28/pc/corpinfo/displayInternship/index?corpId=224386&optNo=OYpVf
キーエンスソフトウェア(株),recruit@keyence-soft.co.jp,06-6306-3711,,"一部（2,000円） 1件",0.0%,100.0%,0.0%,1,214434,2026-09-22T10:55:17+09:00,https://job.mynavi.jp/28/pc/corpinfo/displayInternship/index?corpId=214434&optNo=Ab-FU
クックマート(株),recruit@cookmart.co.jp,0532-69-1505; 080-4543-9901,https://www.cookmart.co.jp/; https://www.cookmart.co.jp/shop; https://www.youtube.com/@cookmart_official,"一部（20,000円） 6件",0.0%,100.0%,0.0%,6,99334,2026-09-22T10:55:17+09:00,https://job.mynavi.jp/28/pc/corpinfo/displayInternship/index?corpId=99334&optNo=7Ei1D
クリタ西日本(株),m.takeda34@kurita-water.com,0586-43-0333,https://west-japan.kurita.co.jp/; https://www.kurita-water.com/,"一部（20,000円） 1件",0.0%,100.0%,0.0%,1,269264,2026-09-22T10:55:17+09:00,https://job.mynavi.jp/28/pc/corpinfo/displayInternship/index?corpId=269264&optNo=xIqK7
クロレラ工業(株),yusuke_koba@chlorella.co.jp,0942-52-2191,https://www.chlorella.co.jp/,"一部（5,000円） 1件",0.0%,100.0%,0.0%,1,296242,2026-09-22T10:55:17+09:00,https://job.mynavi.jp/28/pc/corpinfo/displayInternship/index?corpId=296242&optNo=d0huz
グリコマニュファクチャリングジャパン（株）【Glicoグループ】,saiyo-gmj@glico.com,050-1744-7869,https://glico-recruit-gmj.com/; https://www.city.okegawa.lg.jp; https://www.city.okegawa.lg.jp/mate; https://www.city.okegawa.lg.jp/material/files/group/16/bushigashi10.jpg; https://www.glico.com/jp/; https://www.glico.com/jp/video/pockyfactorytour/,"一部（20,000円） 1件",0.0%,100.0%,0.0%,1,214526,2026-09-22T10:55:17+09:00,https://job.mynavi.jp/28/pc/corpinfo/displayInternship/index?corpId=214526&optNo=uyVz1
グリーンシティコム(株)【旧社名：グリーンシティケーブルテレビ】,saiyou@gctv.co.jp,0561-57-0192,https://gctv.co.jp/; https://gctv.co.jp/company/; https://youtu.be/aYJFGL2Ys_c,"一部（1,000円） 1件",0.0%,100.0%,0.0%,1,104821,2026-09-22T10:55:17+09:00,https://job.mynavi.jp/28/pc/corpinfo/displayInternship/index?corpId=104821&optNo=6sKsa
グローリーテクニカルソリューションズ(株),gsc_recruit@ml.glory.co.jp,079-297-3170,https://www.glory.co.jp/glory-technicalsolutions/,その他 5件,0.0%,0.0%,100.0%,5,289869,2026-09-22T10:55:17+09:00,https://job.mynavi.jp/28/pc/corpinfo/displayInternship/index?corpId=289869&optNo=4zuvh
コイト電工(株),saiyo@koito-ind.co.jp,055-955-5685,,全額 1件,100.0%,0.0%,0.0%,1,235946,2026-09-22T10:55:17+09:00,https://job.mynavi.jp/28/pc/corpinfo/displayInternship/index?corpId=235946&optNo=nvINO
コカ・コーラ ボトラーズジャパン(株),saiyo@ccbji.co.jp,,https://www.ccbji.co.jp/,その他 1件,0.0%,0.0%,100.0%,1,106326,2026-09-22T10:55:17+09:00,https://job.mynavi.jp/28/pc/corpinfo/displayInternship/index?corpId=106326&optNo=JGamd
コクヨマーケティング(株),jinzai-km@kokuyo.com,,https://www.kokuyo-marketing.co.jp/,その他 1件,0.0%,0.0%,100.0%,1,289435,2026-09-22T10:55:17+09:00,https://job.mynavi.jp/28/pc/corpinfo/displayInternship/index?corpId=289435&optNo=CPbT-
コストコホールセールジャパン(株),graduates-jp@costco.co.jp,,,その他 1件,0.0%,0.0%,100.0%,1,105354,2026-09-22T10:55:17+09:00,https://job.mynavi.jp/28/pc/corpinfo/displayInternship/index?corpId=105354&optNo=q0KjB
コベルコ建機(株),kcm_recruit@kobelco.com,03-5789-2316,https://www.kobelcocm-global.com/jp/; https://www.youtube.com/channel/UC2O7NBuDRlyXeK2IdfE6poQ,その他 1件,0.0%,0.0%,100.0%,1,3862,2026-09-22T10:55:17+09:00,https://job.mynavi.jp/28/pc/corpinfo/displayInternship/index?corpId=3862&optNo=Rl79W
コマツ岩手(株),saiyou@komatsu-iwate.jp,019-638-1101,https://komatsu-iwate.jp/; https://www.instagram.com/komatsu_iwate/,その他 3件,0.0%,0.0%,100.0%,3,204039,2026-09-22T10:55:17+09:00,https://job.mynavi.jp/28/pc/corpinfo/displayInternship/index?corpId=204039&optNo=C7bM4
コンピュータスペック(株),recruit@c-spec.net,052-982-6763,https://c-spec.net/,"一部（2,000円） 1件",0.0%,100.0%,0.0%,1,245611,2026-09-22T10:55:17+09:00,https://job.mynavi.jp/28/pc/corpinfo/displayInternship/index?corpId=245611&optNo=Qnp5Y
コンピューターマネージメント(株)【東証スタンダード市場上場】,saiyo@cmknet.co.jp,,https://www.cmknet.co.jp/; https://youtu.be/PLT93SqT1cY?si=xTVIz175jZqJWJI5,"一部（2,000円） 1件",0.0%,100.0%,0.0%,1,64744,2026-09-22T10:55:17+09:00,https://job.mynavi.jp/28/pc/corpinfo/displayInternship/index?corpId=64744&optNo=P8ZjB
コーケン工業(株),sayumi-deguchi@koken-kogyo.co.jp,0538-66-4157,https://www.instagram.com/team_koken2020/; https://www.koken.jpn.com/,その他 1件,0.0%,0.0%,100.0%,1,215166,2026-09-22T10:55:17+09:00,https://job.mynavi.jp/28/pc/corpinfo/displayInternship/index?corpId=215166&optNo=VSUtn
コープさっぽろグループ【生活協同組合コープさっぽろ／(株)エネコープ／(株)トドック電力／コープフーズ(株)／北海道ロジサービス(株)／(株)コープトラベル】 [グループ募集],csap.saiyou-kouhou@sapporo.coop,,,一部（500円） 1件,0.0%,100.0%,0.0%,1,223915,2026-09-22T10:55:17+09:00,https://job.mynavi.jp/28/pc/corpinfo/displayInternship/index?corpId=223915&optNo=aS5YB
ゴコー電工(株),goko@goko-denko.co.jp,,https://www.goko-denko.co.jp/,"一部（5,000円） 4件",0.0%,100.0%,0.0%,4,275487,2026-09-22T10:55:17+09:00,https://job.mynavi.jp/28/pc/corpinfo/displayInternship/index?corpId=275487&optNo=G2PQI
サカイ創建(株)【サカイ創建グループ】,jinji@sakai.co.jp,0568-71-6666,https://www.sakai.co.jp/,"一部（1,000円） 1件",0.0%,100.0%,0.0%,1,200735,2026-09-22T10:55:17+09:00,https://job.mynavi.jp/28/pc/corpinfo/displayInternship/index?corpId=200735&optNo=kL48I
サトフードサービス(株)(和食さと)【SRSグループ】,n-tomita@sato-rs.jp,080-7068-1435,,"一部（1,000円） 1件",0.0%,100.0%,0.0%,1,2366,2026-09-22T10:55:17+09:00,https://job.mynavi.jp/28/pc/corpinfo/displayInternship/index?corpId=2366&optNo=9ULEp
サントリー知多蒸溜所(株)【サントリーグループ】,ay.banno@suntorychita.co.jp; torii@suntorychita.co.jp,070-4428-4914; 080-8100-1197,https://www.suntory.co.jp/chitadistillery/,その他 1件,0.0%,0.0%,100.0%,1,213713,2026-09-22T10:55:17+09:00,https://job.mynavi.jp/28/pc/corpinfo/displayInternship/index?corpId=213713&optNo=yUz93
シグマ電子工業(株),d.hotta@jp-sigma.com,0865-42-6055,,"一部（5,000円） 1件",0.0%,100.0%,0.0%,1,286009,2026-09-22T10:55:17+09:00,https://job.mynavi.jp/28/pc/corpinfo/displayInternship/index?corpId=286009&optNo=6KLuv
システムギア(株),new-graduate@systemgear.com; systemgear+28@recruit-mg.com,06-6225-2211,https://www.systemgear.com/; https://www.systemgear.com/50th/top.html,"一部（3,000円） 2件",0.0%,100.0%,0.0%,2,241076,2026-09-22T10:55:17+09:00,https://job.mynavi.jp/28/pc/corpinfo/displayInternship/index?corpId=241076&optNo=X2xm1
シスメックスRA(株),jinji@sysmex-ra.co.jp,0263-51-5110,https://www.sysmex-ra.co.jp/index.html,"一部（10,000円） 1件",0.0%,100.0%,0.0%,1,79360,2026-09-22T10:55:17+09:00,https://job.mynavi.jp/28/pc/corpinfo/displayInternship/index?corpId=79360&optNo=HlgB6
シナノケンシ(株)【ASPINA】,jinji@aspina-group.com,0268-41-1877,https://jp.aspina-group.com/ja/,その他 1件,0.0%,0.0%,100.0%,1,65159,2026-09-22T10:55:17+09:00,https://job.mynavi.jp/28/pc/corpinfo/displayInternship/index?corpId=65159&optNo=4gVAv
シマツ(株),t_shibata@shimatsu.co.jp,,,その他 1件,0.0%,0.0%,100.0%,1,54838,2026-09-22T10:55:17+09:00,https://job.mynavi.jp/28/pc/corpinfo/displayInternship/index?corpId=54838&optNo=sIk-O
シントク(株),tanaka@shintoku.co.jp,0266-70-1040,https://shintoku.co.jp/; https://shintoku.co.jp/recruit/; https://www.instagram.com/shintoku_saiyo/,その他 2件,0.0%,0.0%,100.0%,2,90188,2026-09-22T10:55:17+09:00,https://job.mynavi.jp/28/pc/corpinfo/displayInternship/index?corpId=90188&optNo=IUnjf
シンニチ工業(株),recruit@shinnichikogyo.co.jp,0533-88-4155,https://www.shinnichikogyo.co.jp; https://youtu.be/pyZm7Lh51Rw,"一部（1,000円） 1件",0.0%,100.0%,0.0%,1,251321,2026-09-22T10:55:17+09:00,https://job.mynavi.jp/28/pc/corpinfo/displayInternship/index?corpId=251321&optNo=662V2
ジェイアール西日本コンサルタンツ(株)【JR西日本グループ】,kikaku@jrnc.co.jp,06-6303-6971,,その他 1件,0.0%,0.0%,100.0%,1,207104,2026-09-22T10:55:17+09:00,https://job.mynavi.jp/28/pc/corpinfo/displayInternship/index?corpId=207104&optNo=RVqUU
ジェイ・バス(株),k.saiyo@jbus.co.jp,,https://www.jbus.co.jp/,その他 1件,0.0%,0.0%,100.0%,1,98984,2026-09-22T10:55:17+09:00,https://job.mynavi.jp/28/pc/corpinfo/displayInternship/index?corpId=98984&optNo=J5aNa
ジェイ商事(株),saiyou-jinji@ju-group-recruit.jp,022-236-3561; 070-1345-7625,https://ju-group.jp/; https://www.instagram.com/ju_group_recruit/?next=%2Fju_group_recruit%2F,"一部（5,000円） 1件 / その他 3件",0.0%,25.0%,75.0%,4,206938,2026-09-22T10:55:17+09:00,https://job.mynavi.jp/28/pc/corpinfo/displayInternship/index?corpId=206938&optNo=UhkfQ
ジャパン マリンユナイテッド(株),recruit@jmuc.co.jp,,,全額 1件,100.0%,0.0%,0.0%,1,84365,2026-09-22T10:55:17+09:00,https://job.mynavi.jp/28/pc/corpinfo/displayInternship/index?corpId=84365&optNo=7gwQa
ジョンソンコントロールズ(株),jp.hr@jci.com,,https://www.johnsoncontrols.co.jp/; https://www.youtube.com/user/JohnsonControlsInc/JohnsonControls,"一部（3,500円） 1件",0.0%,100.0%,0.0%,1,211208,2026-09-22T10:55:17+09:00,https://job.mynavi.jp/28/pc/corpinfo/displayInternship/index?corpId=211208&optNo=P0EsX
ステラケミファ(株)【東証プライム市場上場】,saiyo@stella-chemifa.co.jp,06-4707-1520,http://www.stella-chemifa.co.jp/; https://recruit.stella-chemifa.co.jp/,全額 1件,100.0%,0.0%,0.0%,1,63159,2026-09-22T10:55:17+09:00,https://job.mynavi.jp/28/pc/corpinfo/displayInternship/index?corpId=63159&optNo=VYIvd
スバル東北(株),jinzai.grp@tohoku.subaru.co.jp,022-235-9113,https://dealer.subaru.jp/tohoku/,"一部（5,000円） 1件",0.0%,100.0%,0.0%,1,55647,2026-09-22T10:55:17+09:00,https://job.mynavi.jp/28/pc/corpinfo/displayInternship/index?corpId=55647&optNo=6JmRX
セイカ(株),jinji@waseika.com,073-433-2191,,その他 2件,0.0%,0.0%,100.0%,2,207153,2026-09-22T10:55:17+09:00,https://job.mynavi.jp/28/pc/corpinfo/displayInternship/index?corpId=207153&optNo=gxDn2
セイムグループ [グループ募集],saiyou@seim.co.jp,0848-63-4455; 0848-67-7211,http://www.seim-konpo.co.jp/; http://www.seim.co.jp,"一部（10,000円） 2件",0.0%,100.0%,0.0%,2,206923,2026-09-22T10:55:17+09:00,https://job.mynavi.jp/28/pc/corpinfo/displayInternship/index?corpId=206923&optNo=0GL11
セキスイハイムグループ [グループ募集],saiyo816t@sekisui.com,0120-100-816,,その他 1件,0.0%,0.0%,100.0%,1,66408,2026-09-22T10:55:17+09:00,https://job.mynavi.jp/28/pc/corpinfo/displayInternship/index?corpId=66408&optNo=ZUpxl
セキ技研(株),nagumo@sekigiken.co.jp,025-782-3411,https://www.sekigiken.co.jp/,"一部（30,000円） 1件",0.0%,100.0%,0.0%,1,108277,2026-09-22T10:55:17+09:00,https://job.mynavi.jp/28/pc/corpinfo/displayInternship/index?corpId=108277&optNo=muPd6
セブン工業(株)【東証スタンダード上場/名証メイン上場】,s1130200@seven-gr.co.jp,0574-28-7800,https://www.seven-gr.co.jp/,全額 1件,100.0%,0.0%,0.0%,1,57456,2026-09-22T10:55:17+09:00,https://job.mynavi.jp/28/pc/corpinfo/displayInternship/index?corpId=57456&optNo=KXZH3
センターランドグループ【(株)アイチケン・(株)いちい・中島左官(株)・中商(株)・(株)センターランド】 [グループ募集],job@centerland.co.jp; shomu@centerland.co.jp,0587-55-1000,https://aichiken-jsk.com/; https://centerland.co.jp/,"一部（1,000円） 2件",0.0%,100.0%,0.0%,2,203999,2026-09-22T10:55:17+09:00,https://job.mynavi.jp/28/pc/corpinfo/displayInternship/index?corpId=203999&optNo=JCEOh
ソフラ(株),jinji@sofla.co.jp,,https://brand.sofla.co.jp/; https://www.sofla.co.jp,"一部（5,000円） 1件",0.0%,100.0%,0.0%,1,111669,2026-09-22T10:55:17+09:00,https://job.mynavi.jp/28/pc/corpinfo/displayInternship/index?corpId=111669&optNo=sf35a
タカセ不動産(株),saiyou@takase.ne.jp,06-6766-2955,,"一部（3,000円） 1件",0.0%,100.0%,0.0%,1,271474,2026-09-22T10:55:17+09:00,https://job.mynavi.jp/28/pc/corpinfo/displayInternship/index?corpId=271474&optNo=8wFm7
タカノブ食品(株),yu-arima@takanobu.jp,0847-45-7500,https://takanobu.jp,その他 1件,0.0%,0.0%,100.0%,1,88702,2026-09-22T10:55:17+09:00,https://job.mynavi.jp/28/pc/corpinfo/displayInternship/index?corpId=88702&optNo=mIfid
タカハタ建設(株),y.endo@takahata-kk.co.jp,,http://www.takahata-kk.co.jp/,その他 1件,0.0%,0.0%,100.0%,1,216952,2026-09-22T10:55:17+09:00,https://job.mynavi.jp/28/pc/corpinfo/displayInternship/index?corpId=216952&optNo=mj-SW
タグチ工業(株),r.kawasaki@taguchi-kogyo.com,,https://taguchi-kogyo.com/; https://www.youtube.com/@taguchi-kogyo/shorts,"一部（5,000円） 4件",0.0%,100.0%,0.0%,4,225737,2026-09-22T10:55:17+09:00,https://job.mynavi.jp/28/pc/corpinfo/displayInternship/index?corpId=225737&optNo=JGjZ3
タンスのゲン(株),kyuujin@tansu-gen.co.jp,0944-85-7142,https://tansu-gen.co.jp/,その他 1件,0.0%,0.0%,100.0%,1,98885,2026-09-22T10:55:17+09:00,https://job.mynavi.jp/28/pc/corpinfo/displayInternship/index?corpId=98885&optNo=9YTtU
ダイアモンドヘッド(株),recruiting@diamondhead.tech,,https://g.diamondhead.info/; https://recruit.diamondhead.jp/,"一部（5,000円） 1件",0.0%,100.0%,0.0%,1,112080,2026-09-22T10:55:17+09:00,https://job.mynavi.jp/28/pc/corpinfo/displayInternship/index?corpId=112080&optNo=1GuWt
ダイキンHVACソリューション北陸(株),yuuta.miyajima@grp.daikin.co.jp,076-237-3366,,"一部（5,000円） 1件",0.0%,100.0%,0.0%,1,250495,2026-09-22T10:55:17+09:00,https://job.mynavi.jp/28/pc/corpinfo/displayInternship/index?corpId=250495&optNo=yYubO
ダイシン設計(株),s-yamanaka@dacc.co.jp,,http://www.dacc.co.jp/; https://www.instagram.com/daishinsekkei.co.ltd/,その他 1件,0.0%,0.0%,100.0%,1,212639,2026-09-22T10:55:17+09:00,https://job.mynavi.jp/28/pc/corpinfo/displayInternship/index?corpId=212639&optNo=qv-vY
ダイジェット工業(株) 【東証スタンダード市場上場】,saiyou@dijet.co.jp,06-6791-6781; 06-6793-1221,https://www.dijet.co.jp/,"一部（5,000円） 1件",0.0%,100.0%,0.0%,1,53267,2026-09-22T10:55:17+09:00,https://job.mynavi.jp/28/pc/corpinfo/displayInternship/index?corpId=53267&optNo=5yHXV
ダイセル・セイフティ・システムズ(株)【ダイセルグループ】,Suzuki.Miyuka@jp.daicel.com; sh_ookawa@jp.daicel.com,090-6982-5175,https://www.daicel.com/dss/,その他 1件,0.0%,0.0%,100.0%,1,259753,2026-09-22T10:55:17+09:00,https://job.mynavi.jp/28/pc/corpinfo/displayInternship/index?corpId=259753&optNo=GrqK1
ダイハツ九州(株),s-kinoshita@daihatsu-kyushu.co.jp,090-1138-9957; 0979-33-1232,,"一部（40,000円） 1件",0.0%,100.0%,0.0%,1,215903,2026-09-22T10:55:17+09:00,https://job.mynavi.jp/28/pc/corpinfo/displayInternship/index?corpId=215903&optNo=IjhvB
ダイヤモンドエンジニアリング(株)【日本カーバイド工業グループ】,tkojima@diamond-eng.co.jp,0765-24-5670,https://www.diamond-eng.co.jp/,その他 1件,0.0%,0.0%,100.0%,1,205327,2026-09-22T10:55:17+09:00,https://job.mynavi.jp/28/pc/corpinfo/displayInternship/index?corpId=205327&optNo=WtPFl
ツネイシカムテックス東広島(株),hanako.yamaguchi@tsuneishi.com,082-426-3465,https://kamtecs-higashihiroshima.com/,その他 2件,0.0%,0.0%,100.0%,2,260771,2026-09-22T10:55:17+09:00,https://job.mynavi.jp/28/pc/corpinfo/displayInternship/index?corpId=260771&optNo=PnI3q
ティ・アイ・エス(株),tis_jinji-somu@tislook.com,076-256-5633,https://www.facebook.com/tislook; https://www.instagram.com/tis_official2022/; https://www.tislook.com,"一部（2,000円） 1件",0.0%,100.0%,0.0%,1,206546,2026-09-22T10:55:17+09:00,https://job.mynavi.jp/28/pc/corpinfo/displayInternship/index?corpId=206546&optNo=vLPc2
テイヨー(株)【帝人グループ】,saiyo@teiyo.co.jp,0823-73-5555,https://www.teiyo.co.jp/,"一部（1,000円） 1件",0.0%,100.0%,0.0%,1,284795,2026-09-22T10:55:17+09:00,https://job.mynavi.jp/28/pc/corpinfo/displayInternship/index?corpId=284795&optNo=X0sOz
テラマエ設備工業(株),k-nabeshima@teramae.co.jp,079-225-7171,https://teramae.co.jp/,全額 3件,100.0%,0.0%,0.0%,3,203412,2026-09-22T10:55:17+09:00,https://job.mynavi.jp/28/pc/corpinfo/displayInternship/index?corpId=203412&optNo=5gyE0
テルモ山口(株)【テルモグループ】,saiyou_tyc@terumo.co.jp,083-988-3210; 083-988-3212,https://www.terumoyamaguchi.co.jp/,その他 2件,0.0%,0.0%,100.0%,2,259175,2026-09-22T10:55:17+09:00,https://job.mynavi.jp/28/pc/corpinfo/displayInternship/index?corpId=259175&optNo=6i6k-
トヨタL＆F西四国(株),namikawa.tomoko@lf-w-shikoku.jp,089-967-6555,https://www.instagram.com/toyota_lf_nishishikoku/; https://www.lf-w-shikoku.jp/,"一部（1,000円） 1件",0.0%,100.0%,0.0%,1,213240,2026-09-22T10:55:17+09:00,https://job.mynavi.jp/28/pc/corpinfo/displayInternship/index?corpId=213240&optNo=kZ3Nl
トヨタエルアンドエフ山口(株),a.takasaka@lf-yamaguchi.jp,0835-24-2646; 0835-38-3111; 090-3631-6651,https://lf-yamaguchi.com/,"一部（20,000円） 1件",0.0%,100.0%,0.0%,1,256160,2026-09-22T10:55:17+09:00,https://job.mynavi.jp/28/pc/corpinfo/displayInternship/index?corpId=256160&optNo=kUImV
トヨタカローラ山口(株),cysaiyou@c-yama.jp,0834-22-2000,,その他 1件,0.0%,0.0%,100.0%,1,70541,2026-09-22T10:55:17+09:00,https://job.mynavi.jp/28/pc/corpinfo/displayInternship/index?corpId=70541&optNo=AaQGa
トヨタカローラ苫小牧(株),s-takamatsu@st-g.co.jp,0144-55-7211,https://www.corolla-tomakomai.co.jp/,"一部（10,000円） 1件",0.0%,100.0%,0.0%,1,62332,2026-09-22T10:55:17+09:00,https://job.mynavi.jp/28/pc/corpinfo/displayInternship/index?corpId=62332&optNo=JRkR7
トヨタカローラ鳥取(株)【島根トヨタグループ】,fuku@c-ttr.co.jp,0859-34-8482,https://www.c-ttr.co.jp/,その他 1件,0.0%,0.0%,100.0%,1,60759,2026-09-22T10:55:17+09:00,https://job.mynavi.jp/28/pc/corpinfo/displayInternship/index?corpId=60759&optNo=Asp2Q
トヨタネ(株),saiyou@toyotane.co.jp,090-6332-4130,https://www.toyotane.co.jp/,"一部（10,000円） 1件",0.0%,100.0%,0.0%,1,73503,2026-09-22T10:55:17+09:00,https://job.mynavi.jp/28/pc/corpinfo/displayInternship/index?corpId=73503&optNo=S4qYa
トヨタホーム(株),thcg-saiyo@toyotahome.co.jp,,,その他 2件,0.0%,0.0%,100.0%,2,91295,2026-09-22T10:55:17+09:00,https://job.mynavi.jp/28/pc/corpinfo/displayInternship/index?corpId=91295&optNo=Igoqn
トヨタモビリティパーツ(株) 九州北部統括支社・熊本支社・宮崎支社・鹿児島支社,85861-soumu@toyota-mp.co.jp; 85871-soumu@toyota-mp.co.jp; oi-miki@toyota-mp.co.jp,092-927-2902; 096-235-6000; 0985-39-0696; 0995-71-2201,https://kagoshima-kyohan.jp/; https://toyota-mp.co.jp/; https://www.miyazaki-kyohan.jp/,"一部（3,000円） 2件 / その他 2件",0.0%,50.0%,50.0%,4,71898,2026-09-22T10:55:17+09:00,https://job.mynavi.jp/28/pc/corpinfo/displayInternship/index?corpId=71898&optNo=E8nf6
トヨタモビリティパーツ(株) 大阪支社・和歌山支社,kanazawa-tais@toyota-mp.co.jp,,https://www.toyota-osaka-parts.jp/company/outline/,"一部（2,000円） 1件 / その他 1件",0.0%,50.0%,50.0%,2,70999,2026-09-22T10:55:17+09:00,https://job.mynavi.jp/28/pc/corpinfo/displayInternship/index?corpId=70999&optNo=00TI2
トヨタモビリティパーツ(株) 山口支社,imada-rie@toyota-mp.co.jp,,https://yamaguchi-kyohan.com/,その他 1件,0.0%,0.0%,100.0%,1,253434,2026-09-22T10:55:17+09:00,https://job.mynavi.jp/28/pc/corpinfo/displayInternship/index?corpId=253434&optNo=C1SoU
トヨタモビリティパーツ(株) 愛知・岐阜・三重・静岡支社,saiyou@toyota-mp.co.jp,,https://toyota-mp.co.jp/,その他 3件,0.0%,0.0%,100.0%,3,72794,2026-09-22T10:55:17+09:00,https://job.mynavi.jp/28/pc/corpinfo/displayInternship/index?corpId=72794&optNo=TuSml
トヨタモビリティパーツ(株) 福島支社,85261-saiyou@toyota-mp.co.jp,024-958-5115,https://tmp-fukushima.jp/,"一部（20,000円） 1件",0.0%,100.0%,0.0%,1,55486,2026-09-22T10:55:17+09:00,https://job.mynavi.jp/28/pc/corpinfo/displayInternship/index?corpId=55486&optNo=jBZKp
トヨタ情報システム愛知(株),recruit@tisa.co.jp,052-806-8100,https://www.tisa.co.jp/recruit/,"一部（5,000円） 1件",0.0%,100.0%,0.0%,1,52964,2026-09-22T10:55:17+09:00,https://job.mynavi.jp/28/pc/corpinfo/displayInternship/index?corpId=52964&optNo=1WMct
トヨタ自動車東日本(株),saiyou@toyota-ej.co.jp,022-765-6185,http://www.toyota-ej.co.jp/,その他 1件,0.0%,0.0%,100.0%,1,100195,2026-09-22T10:55:17+09:00,https://job.mynavi.jp/28/pc/corpinfo/displayInternship/index?corpId=100195&optNo=0k9Xt
トーカロイグループ 【(株)トーカロイ・(株)トーカロイMTG・(株)トーカロイTGK・(株)トーカロイホールディングス】 [グループ募集],saiyo-a@tokaloy.co.jp; saiyo-o@tokaloy.co.jp,,https://www.tokaloy.co.jp/wp-content/themes/tokaloy/tokaloy/book/index.html#page=1,全額 2件,100.0%,0.0%,0.0%,2,213218,2026-09-22T10:55:17+09:00,https://job.mynavi.jp/28/pc/corpinfo/displayInternship/index?corpId=213218&optNo=GnhOU
ドゥウェル(株),recruit@dowell.co.jp,,https://www.dowell.co.jp/,"一部（1,000円） 1件",0.0%,100.0%,0.0%,1,95266,2026-09-22T10:55:17+09:00,https://job.mynavi.jp/28/pc/corpinfo/displayInternship/index?corpId=95266&optNo=CtapY
ナカシマヘルスフォース(株),nhf-saiyo@nhf.co.jp,086-279-6278,https://www.nhf.co.jp/,"一部（30,000円） 1件",0.0%,100.0%,0.0%,1,270086,2026-09-22T10:55:17+09:00,https://job.mynavi.jp/28/pc/corpinfo/displayInternship/index?corpId=270086&optNo=hBzrW
ナラサキスタックス(株)【ナラサキグループ】,employ@narasaki-stax.co.jp,0144-30-9173,http://www.narasaki-stax.co.jp/,その他 1件,0.0%,0.0%,100.0%,1,87844,2026-09-22T10:55:17+09:00,https://job.mynavi.jp/28/pc/corpinfo/displayInternship/index?corpId=87844&optNo=pz9XX
ナリコマグループ [グループ募集],saiyou@narikoma-enterprise.com,06-4965-5697,https://www.narikoma-group.co.jp/,その他 1件,0.0%,0.0%,100.0%,1,200804,2026-09-22T10:55:17+09:00,https://job.mynavi.jp/28/pc/corpinfo/displayInternship/index?corpId=200804&optNo=q-uhm
ニプロファーマ(株),recruit@nipro-pharma.co.jp,06-7639-3191,https://www.np.nipro-pharma.co.jp/,その他 1件,0.0%,0.0%,100.0%,1,93173,2026-09-22T10:55:17+09:00,https://job.mynavi.jp/28/pc/corpinfo/displayInternship/index?corpId=93173&optNo=7nFhY
ヌヴォトン テクノロジージャパン(株),NTCJ_saiyou@nuvoton.com,,https://www.nuvoton.co.jp/,その他 1件,0.0%,0.0%,100.0%,1,267693,2026-09-22T10:55:17+09:00,https://job.mynavi.jp/28/pc/corpinfo/displayInternship/index?corpId=267693&optNo=j6BOv
ネオ工業(株),info@neokogyo.jp,076-238-4311,https://www.neokogyo.jp/,"一部（3,000円） 1件",0.0%,100.0%,0.0%,1,284727,2026-09-22T10:55:17+09:00,https://job.mynavi.jp/28/pc/corpinfo/displayInternship/index?corpId=284727&optNo=4RfoB
ネスレ日本(株),Newgrad@jp.nestle.com,,https://www.nestle.co.jp/,その他 1件,0.0%,0.0%,100.0%,1,52384,2026-09-22T10:55:17+09:00,https://job.mynavi.jp/28/pc/corpinfo/displayInternship/index?corpId=52384&optNo=2TaCy
ネッツトヨタ三重(株),matsumoto@netzmie.co.jp,059-223-1015,,その他 1件,0.0%,0.0%,100.0%,1,63351,2026-09-22T10:55:17+09:00,https://job.mynavi.jp/28/pc/corpinfo/displayInternship/index?corpId=63351&optNo=hBu4l
ネッツトヨタ苫小牧(株),human@netz-tomakomai.co.jp,0144-34-2125,,その他 3件,0.0%,0.0%,100.0%,3,53261,2026-09-22T10:55:17+09:00,https://job.mynavi.jp/28/pc/corpinfo/displayInternship/index?corpId=53261&optNo=4FtHo
ノーザンファーム,saiyo@northernfarm.co.jp,,https://www.northernfarm.jp/,その他 1件,0.0%,0.0%,100.0%,1,91221,2026-09-22T10:55:17+09:00,https://job.mynavi.jp/28/pc/corpinfo/displayInternship/index?corpId=91221&optNo=puP2m
ノースジャパングループ [グループ募集],jinjinj@freaks.ne.jp,0172-29-6222; 070-1144-6222,,その他 1件,0.0%,0.0%,100.0%,1,234892,2026-09-22T10:55:17+09:00,https://job.mynavi.jp/28/pc/corpinfo/displayInternship/index?corpId=234892&optNo=y91dt
ハイコムグループ [グループ募集],a.taido@8156.jp,080-5414-6869,https://8156.jp/; https://8156.jp/internship/; https://hicommobile.jp/,その他 3件,0.0%,0.0%,100.0%,3,212818,2026-09-22T10:55:17+09:00,https://job.mynavi.jp/28/pc/corpinfo/displayInternship/index?corpId=212818&optNo=RADjQ
バクマ工業(株),saiyou@bakuma.co.jp,0256-46-3164,https://www.bakuma.co.jp/,"一部（2,000円） 1件",0.0%,100.0%,0.0%,1,105261,2026-09-22T10:55:17+09:00,https://job.mynavi.jp/28/pc/corpinfo/displayInternship/index?corpId=105261&optNo=hkPwO
ヒノマル(株)【にしてつグループ】,hmr-recruit@hinomaru-kk.com,,https://hinomaru-agri.com/; https://www.youtube.com/@Hinomaru-Agri/featured,その他 1件,0.0%,0.0%,100.0%,1,52798,2026-09-22T10:55:17+09:00,https://job.mynavi.jp/28/pc/corpinfo/displayInternship/index?corpId=52798&optNo=7CjSH
ビジネスレンタリース(株),h-soumu@bijiren.co.jp,06-6453-6333,https://www.bijiren.co.jp/,一部（500円） 1件,0.0%,100.0%,0.0%,1,212512,2026-09-22T10:55:17+09:00,https://job.mynavi.jp/28/pc/corpinfo/displayInternship/index?corpId=212512&optNo=6x4Y0
ビニフレーム工業(株)【日本カーバイド工業グループ】,ntakemoto@carbide.co.jp,0765-24-1032; 080-6369-1086,https://www.vinyframe.co.jp/,その他 1件,0.0%,0.0%,100.0%,1,112001,2026-09-22T10:55:17+09:00,https://job.mynavi.jp/28/pc/corpinfo/displayInternship/index?corpId=112001&optNo=x5lev
ビューテックグループ [グループ募集],saiyo-hr@vuteq.co.jp,0565-31-5521; 0565-33-5526,https://www.vuteq.co.jp; https://www.vuteq.co.jp/index.html,"一部（20,000円） 2件",0.0%,100.0%,0.0%,2,99367,2026-09-22T10:55:17+09:00,https://job.mynavi.jp/28/pc/corpinfo/displayInternship/index?corpId=99367&optNo=Dw56Q
ファナック(株),recruit@fanuc.co.jp,0555-84-5600,https://www.youtube.com/channel/UCXVh5TLX7nGTHBFFnW_gU3A,その他 1件,0.0%,0.0%,100.0%,1,1024,2026-09-22T10:55:17+09:00,https://job.mynavi.jp/28/pc/corpinfo/displayInternship/index?corpId=1024&optNo=Np2Q-
ファナックパートロニクス(株),recruit@fpl.co.jp,0266-79-5650,http://www.fpl.co.jp,その他 1件,0.0%,0.0%,100.0%,1,228956,2026-09-22T10:55:17+09:00,https://job.mynavi.jp/28/pc/corpinfo/displayInternship/index?corpId=228956&optNo=9eKov
ファロスファーム(株),jinji@pharosfarm.jp,072-879-4581,http://www.pharosfarm.jp/,全額 1件,100.0%,0.0%,0.0%,1,77391,2026-09-22T10:55:17+09:00,https://job.mynavi.jp/28/pc/corpinfo/displayInternship/index?corpId=77391&optNo=ItpiY
フジクラ電装(株)【フジクラグループ】,fjd.somu@jp.fujikura.com,0238-28-9211; 0238-28-9500,https://fujikuradenso.fujikura.com/,全額 1件,100.0%,0.0%,0.0%,1,91112,2026-09-22T10:55:17+09:00,https://job.mynavi.jp/28/pc/corpinfo/displayInternship/index?corpId=91112&optNo=XP-Rm
ブラザー工業(株),saiyo@brother.co.jp,,,その他 1件,0.0%,0.0%,100.0%,1,262,2026-09-22T10:55:17+09:00,https://job.mynavi.jp/28/pc/corpinfo/displayInternship/index?corpId=262&optNo=UTgEH
ブリヂストンタイヤソリューションジャパン(株),saiyou.yhb.btj@bridgestone.com,042-342-5953,https://www.bridgestone.co.jp/group/btsj/,"一部（5,000円） 2件",0.0%,100.0%,0.0%,2,207493,2026-09-22T10:55:17+09:00,https://job.mynavi.jp/28/pc/corpinfo/displayInternship/index?corpId=207493&optNo=kHbw0
プロテリアルグループ [グループ募集],saiyo.sa@proterial.com,,,その他 1件,0.0%,0.0%,100.0%,1,134,2026-09-22T10:55:17+09:00,https://job.mynavi.jp/28/pc/corpinfo/displayInternship/index?corpId=134&optNo=325Uo
ベストファーム(株),recruit@bestfirm.co.jp,024-937-3073,https://www.bestfirmgroup.jp/; https://youtube.com/channel/UC27Nt0R8OSwaVyEv1GLLSSQ?si=qIeJkMOT-sFQpiPQ,全額 1件,100.0%,0.0%,0.0%,1,212189,2026-09-22T10:55:17+09:00,https://job.mynavi.jp/28/pc/corpinfo/displayInternship/index?corpId=212189&optNo=IQpZt
ベスト学院(株),jinji@bestgakuin.co.jp,024-953-3933; 080-5842-2091,https://www.bestgakuin.co.jp/; https://www.bestgakuin.co.jp/company/,"一部（10,000円） 2件",0.0%,100.0%,0.0%,2,98591,2026-09-22T10:55:17+09:00,https://job.mynavi.jp/28/pc/corpinfo/displayInternship/index?corpId=98591&optNo=Vx7gI
ホクレンくみあい飼料(株) [グループ募集],fresh-recruit@kumiai-siryo.co.jp,011-222-3301,https://kumiai-siryo.jp/,その他 1件,0.0%,0.0%,100.0%,1,87847,2026-09-22T10:55:17+09:00,https://job.mynavi.jp/28/pc/corpinfo/displayInternship/index?corpId=87847&optNo=pii16
ホシザキ中国(株),chugoku-saiyou@hoshizaki.co.jp,082-293-9451,,"一部（15,000円） 1件",0.0%,100.0%,0.0%,1,53025,2026-09-22T10:55:17+09:00,https://job.mynavi.jp/28/pc/corpinfo/displayInternship/index?corpId=53025&optNo=7X9q-
ホシザキ四国(株),shikoku-000@hoshizaki.co.jp,,http://hoshizaki-shikoku.co.jp/,"一部（10,000円） 1件",0.0%,100.0%,0.0%,1,107953,2026-09-22T10:55:17+09:00,https://job.mynavi.jp/28/pc/corpinfo/displayInternship/index?corpId=107953&optNo=CdeQh
ホシザキ東海(株),hirai-nanami@hoshizaki.co.jp,052-563-5581,http://www.hoshizaki-tokai.co.jp/,その他 4件,0.0%,0.0%,100.0%,4,40058,2026-09-22T10:55:17+09:00,https://job.mynavi.jp/28/pc/corpinfo/displayInternship/index?corpId=40058&optNo=0udS4
ホシデン(株)【東証プライム市場上場】,saiyo@hosiden.com,072-924-1191,https://www.hosiden.com/,"一部（30,000円） 2件",0.0%,100.0%,0.0%,2,57138,2026-09-22T10:55:17+09:00,https://job.mynavi.jp/28/pc/corpinfo/displayInternship/index?corpId=57138&optNo=WsrXU
マクセルクレハ(株),yuki.hayashi.zb@maxell.co.jp,059-226-4161,https://www.kurehae.maxell.co.jp/,全額 3件,100.0%,0.0%,0.0%,3,234369,2026-09-22T10:55:17+09:00,https://job.mynavi.jp/28/pc/corpinfo/displayInternship/index?corpId=234369&optNo=18TWz
マルヤス工業(株),saiyo@maruyasu.co.jp,0564-34-1501,https://www.maruyasu.co.jp/,その他 1件,0.0%,0.0%,100.0%,1,1333,2026-09-22T10:55:17+09:00,https://job.mynavi.jp/28/pc/corpinfo/displayInternship/index?corpId=1333&optNo=k5O1q
マルヤス機械(株),mako-mukaiyama@maruyasukikai.co.jp; t-itayama@maruyasukikai.co.jp,0266-23-5630,https://www.maruyasukikai.co.jp/; https://www.youtube.com/user/MARUYASUKIKAI/videos?view=0&sort=dd&shelf_id=0,全額 4件,100.0%,0.0%,0.0%,4,77953,2026-09-22T10:55:17+09:00,https://job.mynavi.jp/28/pc/corpinfo/displayInternship/index?corpId=77953&optNo=2TlsV
ミクナスファインエンジニアリング(株),info_saiyo@mixnus.jp,0266-23-5611,https://mixnus.jp/,その他 2件,0.0%,0.0%,100.0%,2,284518,2026-09-22T10:55:17+09:00,https://job.mynavi.jp/28/pc/corpinfo/displayInternship/index?corpId=284518&optNo=Lfe8l
ミサワホームグループ [グループ募集],nambu.s36@home.misawa.co.jp; shinsotsu_saiyou@home.misawa.co.jp,090-3912-9068,https://www.misawa.co.jp/,"一部（30,000円） 1件",0.0%,100.0%,0.0%,1,1479,2026-09-22T10:55:17+09:00,https://job.mynavi.jp/28/pc/corpinfo/displayInternship/index?corpId=1479&optNo=dInIO
ミヨシグループ [グループ募集],recruit@miyoshi-group.co.jp,0551-36-5915,,"一部（5,000円） 1件",0.0%,100.0%,0.0%,1,99729,2026-09-22T10:55:17+09:00,https://job.mynavi.jp/28/pc/corpinfo/displayInternship/index?corpId=99729&optNo=0WQ--
ムラタシステム(株)【村田機械グループ】,murasys-kyt-kyujin28@xch.muratec.co.jp,075-672-8320,https://www.murata-system.co.jp/,その他 1件,0.0%,0.0%,100.0%,1,52476,2026-09-22T10:55:17+09:00,https://job.mynavi.jp/28/pc/corpinfo/displayInternship/index?corpId=52476&optNo=I1kXH
メフレ(株),mitsuki-ishiwata@mefure.co.jp,0197-41-9118,https://www.mefure.co.jp,"一部（3,000円） 1件",0.0%,100.0%,0.0%,1,204629,2026-09-22T10:55:17+09:00,https://job.mynavi.jp/28/pc/corpinfo/displayInternship/index?corpId=204629&optNo=qc12p
メルコパワーデバイス(株)【三菱電機グループ】,Hirai.Atsuki@yn.MitsubishiElectric.co.jp; Ohashi.Kazuyuki@zx.MitsubishiElectric.co.jp,0795-82-6855; 0795-82-6896; 0856-27-2005; 0856-27-2098,https://www.melcopowerdevice.co.jp/,その他 2件,0.0%,0.0%,100.0%,2,295213,2026-09-22T10:55:17+09:00,https://job.mynavi.jp/28/pc/corpinfo/displayInternship/index?corpId=295213&optNo=4-KQV
モリテックスチール(株)【東証スタンダード市場上場】,jinji@mb.molitec.co.jp,06-6762-3130; 06-7660-0594,https://www.molitec.co.jp/; https://www.youtube.com/watch?v=n4Qd4sq65Xc&t=3s,"一部（5,000円） 1件",0.0%,100.0%,0.0%,1,8322,2026-09-22T10:55:17+09:00,https://job.mynavi.jp/28/pc/corpinfo/displayInternship/index?corpId=8322&optNo=9UPrD
ヤマザキマザック(株),saiyou@mazak.co.jp,0587-95-6352; 0587-95-6422,https://www.mazak.com/jp-ja/,その他 1件,0.0%,0.0%,100.0%,1,55259,2026-09-22T10:55:17+09:00,https://job.mynavi.jp/28/pc/corpinfo/displayInternship/index?corpId=55259&optNo=pZw1-
ヤマダインフラテクノス(株),saiyou@eco-yamadapeint.co.jp,052-604-1017,https://eco-yamadapeint.co.jp/; https://new-graduate.eco-yamadapeint.co.jp/,全額 1件,100.0%,0.0%,0.0%,1,295995,2026-09-22T10:55:17+09:00,https://job.mynavi.jp/28/pc/corpinfo/displayInternship/index?corpId=295995&optNo=6yrqI
ヤンマー建機(株),ykjinji_shinsotsu@yanmar.com,,,全額 2件,100.0%,0.0%,0.0%,2,92333,2026-09-22T10:55:17+09:00,https://job.mynavi.jp/28/pc/corpinfo/displayInternship/index?corpId=92333&optNo=GOWFQ
ユタカサービスグループ [グループ募集],t-sano1136@yutaka-sg.jp,0532-45-1132,https://yutaka-sg.jp/,"一部（2,000円） 1件",0.0%,100.0%,0.0%,1,105039,2026-09-22T10:55:17+09:00,https://job.mynavi.jp/28/pc/corpinfo/displayInternship/index?corpId=105039&optNo=YP1P3
ユニオンシステム(株),saiyo@unions.co.jp,06-4399-9290,https://www.unions.co.jp/?gad_source=1&gclid=Cj0KCQiAhbi8BhDIARIsAJLOludaG7EFyU_0-qZUtNNp6EP83EaPq7B7_14PuJa-qXGX2MBWOoPvmZ0aAlNAEALw_wcB; https://www.youtube.com/watch?v=76c6wCUPAwo,その他 1件,0.0%,0.0%,100.0%,1,92969,2026-09-22T10:55:17+09:00,https://job.mynavi.jp/28/pc/corpinfo/displayInternship/index?corpId=92969&optNo=hshNI
ユニオンツール(株)【東証プライム上場】,onoj@uniontool.co.jp,0258-22-2620,https://www.uniontool.co.jp/,その他 1件,0.0%,0.0%,100.0%,1,89766,2026-09-22T10:55:17+09:00,https://job.mynavi.jp/28/pc/corpinfo/displayInternship/index?corpId=89766&optNo=SHCSh
ユニオン建設(株)【JR東日本グループ】,saiyou@union-k.co.jp,03-3719-0732,https://www.union-k.co.jp/,その他 1件,0.0%,0.0%,100.0%,1,108054,2026-09-22T10:55:17+09:00,https://job.mynavi.jp/28/pc/corpinfo/displayInternship/index?corpId=108054&optNo=0FCS4
ユニプレス九州(株),t-yamaguchi@unipres.com,0930-32-4051,https://www.upk.co.jp/,"一部（5,000円） 1件",0.0%,100.0%,0.0%,1,267708,2026-09-22T10:55:17+09:00,https://job.mynavi.jp/28/pc/corpinfo/displayInternship/index?corpId=267708&optNo=HLrWH
ユーグループ[長野トヨタ自動車(株)/(株)Uホールディングス他] [グループ募集],saiyo@u-group.co.jp,,https://www.toyota-ugroup.com,"一部（1,000円） 1件",0.0%,100.0%,0.0%,1,76390,2026-09-22T10:55:17+09:00,https://job.mynavi.jp/28/pc/corpinfo/displayInternship/index?corpId=76390&optNo=jy7xB
ヨシワ工業(株),recruit@yoshiwa.co.jp,082-823-2171,https://www.yoshiwa.co.jp/,"一部（20,000円） 1件",0.0%,100.0%,0.0%,1,4467,2026-09-22T10:55:17+09:00,https://job.mynavi.jp/28/pc/corpinfo/displayInternship/index?corpId=4467&optNo=LQtlo
ヨドプレ(株),mik@yodop.jp,0790-38-0759,http://www.yodop.jp; https://www.instagram.com/yodop_kasai/?hl=ja; https://www.tiktok.com/@yodop_channl?lang=ja-JP,"一部（1,000円） 1件",0.0%,100.0%,0.0%,1,97738,2026-09-22T10:55:17+09:00,https://job.mynavi.jp/28/pc/corpinfo/displayInternship/index?corpId=97738&optNo=2xkey
ラッフルズホーム(株),casablanca@611-1515.jp,088-677-9900,https://www.raffles-home.jp/,"一部（5,000円） 3件",0.0%,100.0%,0.0%,3,210156,2026-09-22T10:55:17+09:00,https://job.mynavi.jp/28/pc/corpinfo/displayInternship/index?corpId=210156&optNo=4H49B
リズム・オートモーティブ・ジャパン(株),saiyou@rhythm-mp.co.jp,053-462-2146; 090-3446-1702,http://www.rhythm-mp.co.jp/; https://youtu.be/ffhWCBpD_Ew,その他 2件,0.0%,0.0%,100.0%,2,55358,2026-09-22T10:55:17+09:00,https://job.mynavi.jp/28/pc/corpinfo/displayInternship/index?corpId=55358&optNo=8QwdV
ルビコン(株)【Rubycon】,saiyou-jinji@rubycon.co.jp,0120-171-955; 0265-72-7111,,その他 2件,0.0%,0.0%,100.0%,2,65762,2026-09-22T10:55:17+09:00,https://job.mynavi.jp/28/pc/corpinfo/displayInternship/index?corpId=65762&optNo=ZDuQp
ロザイ工業(株),recruit@rozai.co.jp,06-6534-3611,https://www.rozai.co.jp/,"一部（1,000円） 1件",0.0%,100.0%,0.0%,1,288192,2026-09-22T10:55:17+09:00,https://job.mynavi.jp/28/pc/corpinfo/displayInternship/index?corpId=288192&optNo=c2Mhz
一二三北路(株),iwase@hifukita.co.jp,011-772-8778,https://www.hifukita.co.jp/,その他 1件,0.0%,0.0%,100.0%,1,273231,2026-09-22T10:55:17+09:00,https://job.mynavi.jp/28/pc/corpinfo/displayInternship/index?corpId=273231&optNo=Pv077
一般社団法人秋田県林業コンサルタント,r_satou@akita-forest-con.or.jp,018-865-1133,https://www.akita-forest-con.or.jp; https://www.akita-forest-con.or.jp/recruit/; https://www.youtube.com/watch?v=79rPk4QIRJM,"一部（1,000円） 1件",0.0%,100.0%,0.0%,1,241285,2026-09-22T10:55:17+09:00,https://job.mynavi.jp/28/pc/corpinfo/displayInternship/index?corpId=241285&optNo=aNrSh
一般財団法人 日本老人福祉財団〈ゆうゆうの里〉,saiyo-fukushi@yuyunosato.or.jp,03-3662-3611,https://recruit.yuyunosato.or.jp/; https://www.instagram.com/yuyunosato_recruit/; https://www.youtube.com/watch?v=y7QUOtuM-jw&t=13s,"一部（5,000円） 2件",0.0%,100.0%,0.0%,2,77691,2026-09-22T10:55:17+09:00,https://job.mynavi.jp/28/pc/corpinfo/displayInternship/index?corpId=77691&optNo=27sF-
一般財団法人京都工場保健会,miku-asai@hokenaki.jp,075-802-0131,https://www.kyotokojohokenkai.jp/,全額 1件,100.0%,0.0%,0.0%,1,211718,2026-09-22T10:55:17+09:00,https://job.mynavi.jp/28/pc/corpinfo/displayInternship/index?corpId=211718&optNo=AYJlI
三井情報(株)(三井物産グループ),recruit-dg@mki.co.jp,,https://www.facebook.com/mki.jp/; https://www.mki.co.jp/,その他 1件,0.0%,0.0%,100.0%,1,50041,2026-09-22T10:55:17+09:00,https://job.mynavi.jp/28/pc/corpinfo/displayInternship/index?corpId=50041&optNo=Ows6X
三井造船特機エンジニアリング(株),mestokki@mes.co.jp; mtesaiyou@mes.co.jp,0863-23-2613,https://www.mes.co.jp/tokki/,"一部（30,000円） 1件",0.0%,100.0%,0.0%,1,227727,2026-09-22T10:55:17+09:00,https://job.mynavi.jp/28/pc/corpinfo/displayInternship/index?corpId=227727&optNo=HLf42
三信建設工業(株),recruitment@sanshin-corp.co.jp,03-5825-3701,https://www.sanshin-corp.co.jp/,全額 1件,100.0%,0.0%,0.0%,1,97015,2026-09-22T10:55:17+09:00,https://job.mynavi.jp/28/pc/corpinfo/displayInternship/index?corpId=97015&optNo=fhsVd
三友工業(株),m.yabuta@sanyukogyo.co.jp,073-455-3116,https://www.sanyukogyo.co.jp/,その他 1件,0.0%,0.0%,100.0%,1,231751,2026-09-22T10:55:17+09:00,https://job.mynavi.jp/28/pc/corpinfo/displayInternship/index?corpId=231751&optNo=9MfFY
三同建設(株),h.morimoto@sandoh.co.jp,,https://sandoh.co.jp/,全額 1件,100.0%,0.0%,0.0%,1,293299,2026-09-22T10:55:17+09:00,https://job.mynavi.jp/28/pc/corpinfo/displayInternship/index?corpId=293299&optNo=JDJR1
三宅産業(株),a-morikawa@miyakesan.jp,0875-25-4747,https://www.miyakesan.co.jp/#,"一部（5,000円） 1件",0.0%,100.0%,0.0%,1,92898,2026-09-22T10:55:17+09:00,https://job.mynavi.jp/28/pc/corpinfo/displayInternship/index?corpId=92898&optNo=uO663
三島産業(株),kawasaki@mishima-sg.co.jp,084-976-1531,http://www.mishima-sg.com/,"一部（10,000円） 2件",0.0%,100.0%,0.0%,2,244970,2026-09-22T10:55:17+09:00,https://job.mynavi.jp/28/pc/corpinfo/displayInternship/index?corpId=244970&optNo=XjtLa
三建設備工業(株),saiyou@skk.jp,03-6280-2562,https://skk.jp/; https://skk.jp/corporate/group/,その他 1件,0.0%,0.0%,100.0%,1,50626,2026-09-22T10:55:17+09:00,https://job.mynavi.jp/28/pc/corpinfo/displayInternship/index?corpId=50626&optNo=wEP74
三徳化学工業(株),sk-jinji@santoku-chem.com,,https://santoku-chem.jp/,"一部（5,000円） 1件",0.0%,100.0%,0.0%,1,95202,2026-09-22T10:55:17+09:00,https://job.mynavi.jp/28/pc/corpinfo/displayInternship/index?corpId=95202&optNo=RxCRY
三明機工(株)【三明グループ】,saiyou@sanmei-kikou.co.jp,054-366-0089,https://sanmei-kikou.co.jp,その他 2件,0.0%,0.0%,100.0%,2,75488,2026-09-22T10:55:17+09:00,https://job.mynavi.jp/28/pc/corpinfo/displayInternship/index?corpId=75488&optNo=0VpKp
三明電子産業(株)【三明グループ】,kawaguchi@sanmei-ele.co.jp,054-335-5588; 054-335-5724,https://www.sanmei-ele.co.jp/recruit/index.html,"一部（1,000円） 1件",0.0%,100.0%,0.0%,1,77437,2026-09-22T10:55:17+09:00,https://job.mynavi.jp/28/pc/corpinfo/displayInternship/index?corpId=77437&optNo=IClKa
三星工業(株),n.takeda@mitsuboshi-k.co.jp,025-536-2257,https://www.mitsuboshi-k.co.jp/,"一部（30,000円） 1件",0.0%,100.0%,0.0%,1,257739,2026-09-22T10:55:17+09:00,https://job.mynavi.jp/28/pc/corpinfo/displayInternship/index?corpId=257739&optNo=X4p4t
三晃商事(株)【三晃グループ】,a-harada@feliz-net.co.jp; d-okabe@felz-net.co.jp,079-443-5151,,全額 1件 / その他 1件,50.0%,0.0%,50.0%,2,287306,2026-09-22T10:55:17+09:00,https://job.mynavi.jp/28/pc/corpinfo/displayInternship/index?corpId=287306&optNo=AWO1Y
三桜電気工業(株),soumu@misakura.co.jp,0985-47-4077,https://misakura.co/,その他 1件,0.0%,0.0%,100.0%,1,210875,2026-09-22T10:55:17+09:00,https://job.mynavi.jp/28/pc/corpinfo/displayInternship/index?corpId=210875&optNo=SY2Mf
三波工業(株),saiyo@sampa.co.jp,,https://www.sampa.co.jp/,その他 1件,0.0%,0.0%,100.0%,1,257717,2026-09-22T10:55:17+09:00,https://job.mynavi.jp/28/pc/corpinfo/displayInternship/index?corpId=257717&optNo=ZFt0l
三洋機工(株),saiyo@sanyo-machine.co.jp,0568-21-1111,https://www.sanyo-machine.co.jp/,その他 1件,0.0%,0.0%,100.0%,1,67100,2026-09-22T10:55:17+09:00,https://job.mynavi.jp/28/pc/corpinfo/displayInternship/index?corpId=67100&optNo=yy-81
三浦工業(株)【東証プライム市場上場】,saiyo_ippan@miuraz.co.jp,089-979-7014,https://www.miuraz.co.jp/,全額 1件,100.0%,0.0%,0.0%,1,1724,2026-09-22T10:55:17+09:00,https://job.mynavi.jp/28/pc/corpinfo/displayInternship/index?corpId=1724&optNo=fBNuh
三耐保温(株),recruit@3tai.co.jp,0766-55-2239,,全額 1件,100.0%,0.0%,0.0%,1,278106,2026-09-22T10:55:17+09:00,https://job.mynavi.jp/28/pc/corpinfo/displayInternship/index?corpId=278106&optNo=xCoHz
三菱ジェネレーター(株),mg-recruit@mitsubishigenerator.co.jp,,,その他 1件,0.0%,0.0%,100.0%,1,295143,2026-09-22T10:55:17+09:00,https://job.mynavi.jp/28/pc/corpinfo/displayInternship/index?corpId=295143&optNo=ou2ZO
三菱地所グループ [グループ募集],recruit@mec-c.com,03-5213-6122,https://www.mec-c.com/,"一部（3,000円） 1件",0.0%,100.0%,0.0%,1,85899,2026-09-22T10:55:17+09:00,https://job.mynavi.jp/28/pc/corpinfo/displayInternship/index?corpId=85899&optNo=dwVpB
三菱製鋼(株)【東証プライム上場】,haritani.naoki@mitsubishisteel.co.jp,03-3536-3111,https://www.mitsubishisteel.co.jp/about/,その他 2件,0.0%,0.0%,100.0%,2,54257,2026-09-22T10:55:17+09:00,https://job.mynavi.jp/28/pc/corpinfo/displayInternship/index?corpId=54257&optNo=WyRma
三菱重工業(株),bunkei-recruit@mhi.com; finance-recruit@mhi.com,,,その他 1件,0.0%,0.0%,100.0%,1,16,2026-09-22T13:20:30+09:00,https://job.mynavi.jp/28/pc/corpinfo/displayInternship/index?corpId=16&optNo=8SOpQ
三菱電機システムサービス(株),recruit@melsc.jp,,https://www.melsc.co.jp/,全額 1件,100.0%,0.0%,0.0%,1,66003,2026-09-22T10:55:17+09:00,https://job.mynavi.jp/28/pc/corpinfo/displayInternship/index?corpId=66003&optNo=JyER0
三菱電機ビルソリューションズ(株),Saiyo.Building-Solutions@nk.MitsubishiElectric.co.jp,03-3201-8070,https://www.mebs.co.jp; https://www.mebs.co.jp/saiyou/top.html,その他 1件,0.0%,0.0%,100.0%,1,95328,2026-09-22T13:21:05+09:00,https://job.mynavi.jp/28/pc/corpinfo/displayInternship/index?corpId=95328&optNo=W9TMa
三谷建設(株),h-okada@mitani-net.co.jp,084-951-1254,https://mitani-net.jp/,"一部（10,000円） 1件",0.0%,100.0%,0.0%,1,250731,2026-09-22T10:55:17+09:00,https://job.mynavi.jp/28/pc/corpinfo/displayInternship/index?corpId=250731&optNo=UaMAW
三重執鬼(株)【三重トルキ】,saiyo@toruki.co.jp,059-384-0003,https://www.toruki.co.jp/,"一部（10,000円） 1件",0.0%,100.0%,0.0%,1,260957,2026-09-22T10:55:17+09:00,https://job.mynavi.jp/28/pc/corpinfo/displayInternship/index?corpId=260957&optNo=wxQTy
三重日産自動車(株),saiyoweb@mie-nissan.co.jp,059-224-1863; 059-225-2355,,"一部（1,000円） 1件",0.0%,100.0%,0.0%,1,66380,2026-09-22T10:55:17+09:00,https://job.mynavi.jp/28/pc/corpinfo/displayInternship/index?corpId=66380&optNo=790xV
上村建設(株),saiyou@uemura-grp.net,092-475-6551,,"一部（15,000円） 1件",0.0%,100.0%,0.0%,1,212740,2026-09-22T10:55:17+09:00,https://job.mynavi.jp/28/pc/corpinfo/displayInternship/index?corpId=212740&optNo=tsXDp
上松電子(株),youichi-suzuki@kojima-tns.com,0264-52-5700,https://www.kojima-tns.co.jp/agematsu/,全額 1件,100.0%,0.0%,0.0%,1,84731,2026-09-22T10:55:17+09:00,https://job.mynavi.jp/28/pc/corpinfo/displayInternship/index?corpId=84731&optNo=gQrk4
不二越機械工業(株),jinji@fmc-fujikoshi.co.jp,026-261-2000,http://www.fmc-fujikoshi.co.jp/,"一部（2,000円） 2件",0.0%,100.0%,0.0%,2,88343,2026-09-22T10:55:17+09:00,https://job.mynavi.jp/28/pc/corpinfo/displayInternship/index?corpId=88343&optNo=2DL2q
不動技研工業(株)【不動技研グループ】,takasago@fudo-giken.co.jp; takeru_baba@fudo-giken-hd.co.jp,079-443-2423; 095-861-1638,https://www.fudo-giken.co.jp/,全額 2件 / その他 1件,66.7%,0.0%,33.3%,3,55753,2026-09-22T10:55:17+09:00,https://job.mynavi.jp/28/pc/corpinfo/displayInternship/index?corpId=55753&optNo=0oeQd
中井エンジニアリング(株),saiyou@nakai-eng.co.jp,06-6227-0018,https://www.nakai-eng.co.jp/; https://www.nakai-eng.co.jp/recruit,全額 2件,100.0%,0.0%,0.0%,2,205209,2026-09-22T10:55:17+09:00,https://job.mynavi.jp/28/pc/corpinfo/displayInternship/index?corpId=205209&optNo=Ejbpa
中井機械工業(株),saiyou@nkm.co.jp,072-824-1551,https://nkm.co.jp/,"一部（2,000円） 1件",0.0%,100.0%,0.0%,1,279195,2026-09-22T10:55:17+09:00,https://job.mynavi.jp/28/pc/corpinfo/displayInternship/index?corpId=279195&optNo=1FyG2
中井聖建設(株),kudou@nakai-k.co.jp,011-861-6241,https://www.nakai-k.co.jp/,全額 1件 / その他 2件,33.3%,0.0%,66.7%,3,95257,2026-09-22T10:55:17+09:00,https://job.mynavi.jp/28/pc/corpinfo/displayInternship/index?corpId=95257&optNo=4lMO3
中央工機(株),cccrecruit@chuo-koki.co.jp,052-889-1717,https://www.chuo-koki.co.jp/,その他 2件,0.0%,0.0%,100.0%,2,20184,2026-09-22T10:55:17+09:00,https://job.mynavi.jp/28/pc/corpinfo/displayInternship/index?corpId=20184&optNo=bDwZa
中央復建デザインプラス(株),kumon_n@cfk.co.jp,070-1318-2841,https://www.cfkdp.com/,"一部（2,000円） 1件",0.0%,100.0%,0.0%,1,223195,2026-09-22T10:55:17+09:00,https://job.mynavi.jp/28/pc/corpinfo/displayInternship/index?corpId=223195&optNo=sv2B0
中央自動車工業(株)【東証スタンダード市場上場】,egawa01@central-auto.co.jp,06-6443-5182,https://www.central-auto.co.jp/,"一部（2,000円） 1件",0.0%,100.0%,0.0%,1,57893,2026-09-22T10:55:17+09:00,https://job.mynavi.jp/28/pc/corpinfo/displayInternship/index?corpId=57893&optNo=x39Kt
中村建設(株),recruitment@nakaken.co.jp,053-471-3434,https://www.instagram.com/nakamura.kensetsu/; https://www.nakaken.co.jp/,"一部（20,000円） 3件",0.0%,100.0%,0.0%,3,67192,2026-09-22T10:55:17+09:00,https://job.mynavi.jp/28/pc/corpinfo/displayInternship/index?corpId=67192&optNo=K4zBp
中村建設(株),t_harada@nakamurakensetsu.com,0866-22-1777; 0866-22-7616,https://www.nakamurakensetsu.com/,"一部（5,000円） 3件",0.0%,100.0%,0.0%,3,222235,2026-09-22T10:55:17+09:00,https://job.mynavi.jp/28/pc/corpinfo/displayInternship/index?corpId=222235&optNo=9QOBV
中村科学工業(株),jinji@nakamurakagaku.co.jp,0564-31-3128,http://www.nakamurakagaku.co.jp/,"一部（2,000円） 2件",0.0%,100.0%,0.0%,2,55187,2026-09-22T10:55:17+09:00,https://job.mynavi.jp/28/pc/corpinfo/displayInternship/index?corpId=55187&optNo=EHZXU
中村精機(株),takahasi-y@nsgear.co.jp,0564-56-3511,https://nsgear.co.jp/,"一部（3,000円） 1件",0.0%,100.0%,0.0%,1,217265,2026-09-22T10:55:17+09:00,https://job.mynavi.jp/28/pc/corpinfo/displayInternship/index?corpId=217265&optNo=zsWC0
中筋グループ【(株)中筋組／まるなか建設(株)／(株)ナカサン ／(株)エスティック/(株)中筋商事】 [グループ募集],info@maru-naka.co.jp; info@naka-sun.co.jp; saiyo@nakasuji.co.jp,0852-60-2288; 0852-60-2588; 0853-22-8111; 0853-22-8112,https://www.instagram.com/nakasuji_izumo; https://www.maru-naka.co.jp/employee/index.html; https://www.naka-sun.co.jp/; https://www.nakasuji.co.jp/; https://www.nakasuji.co.jp/index.html,"一部（10,000円） 5件",0.0%,100.0%,0.0%,5,88447,2026-09-22T10:55:17+09:00,https://job.mynavi.jp/28/pc/corpinfo/displayInternship/index?corpId=88447&optNo=GbLk2
中設エンジ(株)【伊藤忠グループ／名古屋鉄道グループ】,saiyo@ce-kk.co.jp,052-563-5631,https://www.ce-kk.co.jp/ja/,全額 1件,100.0%,0.0%,0.0%,1,294077,2026-09-22T10:55:17+09:00,https://job.mynavi.jp/28/pc/corpinfo/displayInternship/index?corpId=294077&optNo=SJL4v
中谷興運(株)【中谷グループ】,roumu-g@nakatani.co.jp,086-444-4311,https://koun.nakatani-grp.com/; https://nakatani-grp.com/,"一部（2,000円） 1件",0.0%,100.0%,0.0%,1,109162,2026-09-22T10:55:17+09:00,https://job.mynavi.jp/28/pc/corpinfo/displayInternship/index?corpId=109162&optNo=U-21Q
中部土木(株),cd_saiyo@chubudoboku.co.jp,052-777-3311,http://www.chubudoboku.co.jp/; https://www.instagram.com/accounts/login/?next=/chubudoboku/,"一部（10,000円） 3件",0.0%,100.0%,0.0%,3,77355,2026-09-22T10:55:17+09:00,https://job.mynavi.jp/28/pc/corpinfo/displayInternship/index?corpId=77355&optNo=2g57Q
中部経営・辻・本郷 税理士法人,info@ck-tax.or.jp,076-225-5588,https://www.ck-tax.or.jp/,一部（500円） 1件,0.0%,100.0%,0.0%,1,100679,2026-09-22T10:55:17+09:00,https://job.mynavi.jp/28/pc/corpinfo/displayInternship/index?corpId=100679&optNo=q6Qm1
中部興産(株)【バローグループ】,saiyou_s@ck.valor.co.jp,0574-56-0255,https://www.chubu-kousan.co.jp/,"一部（2,000円） 3件",0.0%,100.0%,0.0%,3,207598,2026-09-22T10:55:17+09:00,https://job.mynavi.jp/28/pc/corpinfo/displayInternship/index?corpId=207598&optNo=7rHKY
中部薬品(株)【V・drug／薬剤師職】【バローグループ】,kashiwabara@chubuyakuhin.co.jp,0572-27-3356; 0572-27-3912; 070-1735-2037,https://www.vdrug.co.jp/; https://www.vdrug.co.jp/pharmacy/; https://www.vdrug.co.jp/recruit/digitalbook/,"一部（30,000円） 3件",0.0%,100.0%,0.0%,3,64263,2026-09-22T10:55:17+09:00,https://job.mynavi.jp/28/pc/corpinfo/displayInternship/index?corpId=64263&optNo=-FX3B
中野土建(株),info@nakanodoken.co.jp,0269-22-3175,https://www.nakanodoken.co.jp/,その他 2件,0.0%,0.0%,100.0%,2,235184,2026-09-22T10:55:17+09:00,https://job.mynavi.jp/28/pc/corpinfo/displayInternship/index?corpId=235184&optNo=KXhzX
中野建設コンサルタント(株),nkc_newgrad@nkconsul.co.jp,022-214-8414,https://nkconsul.co.jp/,その他 1件,0.0%,0.0%,100.0%,1,237310,2026-09-22T10:55:17+09:00,https://job.mynavi.jp/28/pc/corpinfo/displayInternship/index?corpId=237310&optNo=d350D
中電工業(株)【中国電力グループ】,c6104@pnet.gr.energia.co.jp,082-505-1500,https://www.chuden-kogyo.co.jp/index.html,その他 1件,0.0%,0.0%,100.0%,1,203145,2026-09-22T10:55:17+09:00,https://job.mynavi.jp/28/pc/corpinfo/displayInternship/index?corpId=203145&optNo=k9Iwt
丸か建設(株),takuya.k@maruka-cons.co.jp,0229-63-2101,,"一部（20,000円） 2件 / その他 2件",0.0%,50.0%,50.0%,4,265156,2026-09-22T10:55:17+09:00,https://job.mynavi.jp/28/pc/corpinfo/displayInternship/index?corpId=265156&optNo=0XL9s
丸ヨ建設工業(株),soumu@maruyokk.com,,https://www.maruyokk.com,"一部（2,000円） 1件",0.0%,100.0%,0.0%,1,108099,2026-09-22T10:55:17+09:00,https://job.mynavi.jp/28/pc/corpinfo/displayInternship/index?corpId=108099&optNo=DOF34
丸亀産業(株),ku-kojima@marukame.jp,,https://marukame.jp/about/,"一部（5,000円） 3件",0.0%,100.0%,0.0%,3,112303,2026-09-22T10:55:17+09:00,https://job.mynavi.jp/28/pc/corpinfo/displayInternship/index?corpId=112303&optNo=Ce74p
丸全昭和運輸(株)【東証プライム市場上場】,saiyo@maruzenshowa.co.jp,045-671-5834; 045-671-5901,,"一部（2,000円） 1件",0.0%,100.0%,0.0%,1,593,2026-09-22T10:55:17+09:00,https://job.mynavi.jp/28/pc/corpinfo/displayInternship/index?corpId=593&optNo=dMdwd
丸善食品工業(株),y-kondo@taleland.co.jp,026-272-0536; 026-272-5673,http://www.tableland.co.jp/,"一部（30,000円） 1件",0.0%,100.0%,0.0%,1,77666,2026-09-22T10:55:17+09:00,https://job.mynavi.jp/28/pc/corpinfo/displayInternship/index?corpId=77666&optNo=m11Pt
丸栄産業(株),soumu.01116@maruei-sangyo.co.jp,093-453-1116,https://marueisangyou.jp/,"一部（5,000円） 1件",0.0%,100.0%,0.0%,1,89648,2026-09-22T10:55:17+09:00,https://job.mynavi.jp/28/pc/corpinfo/displayInternship/index?corpId=89648&optNo=rdBAo
丸水札幌中央水産(株),i-ishihara@marusui-net.co.jp,011-643-1234,https://www.marusui-net.co.jp/,その他 2件,0.0%,0.0%,100.0%,2,72814,2026-09-22T10:55:17+09:00,https://job.mynavi.jp/28/pc/corpinfo/displayInternship/index?corpId=72814&optNo=nyWX-
丹羽鋼業(株),m.hara@niwa-samurai.co.jp,,https://www.niwa-samurai.co.jp/,その他 1件,0.0%,0.0%,100.0%,1,230444,2026-09-22T10:55:17+09:00,https://job.mynavi.jp/28/pc/corpinfo/displayInternship/index?corpId=230444&optNo=m0tu1
久保誠電気興業(株),recruit@kubosei.co.jp,0258-24-2727; 0258-25-0188,https://www.kubosei.co.jp/,その他 1件,0.0%,0.0%,100.0%,1,205444,2026-09-22T10:55:17+09:00,https://job.mynavi.jp/28/pc/corpinfo/displayInternship/index?corpId=205444&optNo=52d12
九州武蔵精密(株),akira_tamiya@musashi.co.jp; takahiro_tsunematsu@musashi.co.jp; yuka_yamasaki@musashi.co.jp,0966-38-2121,,"一部（10,000円） 1件",0.0%,100.0%,0.0%,1,241402,2026-09-22T10:55:17+09:00,https://job.mynavi.jp/28/pc/corpinfo/displayInternship/index?corpId=241402&optNo=M8yLQ
九州電子(株),recruit@qdk.co.jp,0964-32-5111,https://www.qdk.co.jp/,全額 2件,100.0%,0.0%,0.0%,2,290496,2026-09-22T10:55:17+09:00,https://job.mynavi.jp/28/pc/corpinfo/displayInternship/index?corpId=290496&optNo=bePC-
九州電技開発(株),info@dengi.co.jp,092-533-5177,https://www.dengi.co.jp/,その他 1件,0.0%,0.0%,100.0%,1,255577,2026-09-22T10:55:17+09:00,https://job.mynavi.jp/28/pc/corpinfo/displayInternship/index?corpId=255577&optNo=NKUAm
九鉄工業(株)【JR九州グループ】,sa.sakai@kyutetsu.co.jp,092-475-6760,https://www.kyutetsu.co.jp/; https://youtu.be/Y_1ZKXnn4S8,全額 2件,100.0%,0.0%,0.0%,2,104957,2026-09-22T10:55:17+09:00,https://job.mynavi.jp/28/pc/corpinfo/displayInternship/index?corpId=104957&optNo=04iS1
亀井通産(株),kamei.saiyo@gmail.com,090-6639-1095,,その他 1件,0.0%,0.0%,100.0%,1,88871,2026-09-22T10:55:17+09:00,https://job.mynavi.jp/28/pc/corpinfo/displayInternship/index?corpId=88871&optNo=sW14O
五木食品(株),harada.m@itsukifoods.jp,0964-28-7000,https://www.itsukifoods.jp/,その他 2件,0.0%,0.0%,100.0%,2,85827,2026-09-22T10:55:17+09:00,https://job.mynavi.jp/28/pc/corpinfo/displayInternship/index?corpId=85827&optNo=F2o7X
五洋建設(株),hrd@mail.penta-ocean.co.jp,03-3817-7557,https://www.penta-ocean.co.jp/,その他 2件,0.0%,0.0%,100.0%,2,57808,2026-09-22T10:55:17+09:00,https://job.mynavi.jp/28/pc/corpinfo/displayInternship/index?corpId=57808&optNo=dpYb7
五洲薬品(株),somu2@goshu.co.jp,076-424-2661,https://www.goshu.co.jp/,"一部（1,000円） 1件",0.0%,100.0%,0.0%,1,100770,2026-09-22T10:55:17+09:00,https://job.mynavi.jp/28/pc/corpinfo/displayInternship/index?corpId=100770&optNo=1e5Wh
井上(株),inoue-saiyo@inouekabu.com,070-3172-7920,https://note.com/wellz_inoue/; https://www.inouekabu.com/,"一部（20,000円） 2件",0.0%,100.0%,0.0%,2,99073,2026-09-22T10:55:17+09:00,https://job.mynavi.jp/28/pc/corpinfo/displayInternship/index?corpId=99073&optNo=B4Lo4
井上建設(株),jinji@inoue-naruto.jp,088-686-5145; 088-686-5596,https://inoue-naruto.jp/,その他 4件,0.0%,0.0%,100.0%,4,102744,2026-09-22T10:55:17+09:00,https://job.mynavi.jp/28/pc/corpinfo/displayInternship/index?corpId=102744&optNo=B6zEy
井森工業(株),imori-recruit@imori.co.jp,0820-22-1500,https://imori.co.jp/,全額 1件,100.0%,0.0%,0.0%,1,280451,2026-09-22T10:55:17+09:00,https://job.mynavi.jp/28/pc/corpinfo/displayInternship/index?corpId=280451&optNo=C32o3
京セラコミュニケーションシステム(株),jinji@kccs.co.jp,,https://youtu.be/ZjWvFj3Mesk,"一部（2,000円） 4件",0.0%,100.0%,0.0%,4,63939,2026-09-22T10:55:17+09:00,https://job.mynavi.jp/28/pc/corpinfo/displayInternship/index?corpId=63939&optNo=agMIV
京セラドキュメントソリューションズ(株) [グループ募集],recruit@dc.kyocera.com,06-6764-3626,https://www.kyoceradocumentsolutions.co.jp/,その他 1件,0.0%,0.0%,100.0%,1,454,2026-09-22T10:55:17+09:00,https://job.mynavi.jp/28/pc/corpinfo/displayInternship/index?corpId=454&optNo=4297q
京都大原記念病院グループ(医療法人社団行陵会、社会福祉法人行風会) [グループ募集],kaigo-saiyo@kyotoohara-gr.jp,0800-500-3140,https://kyotoohara.or.jp/,"一部（10,000円） 3件",0.0%,100.0%,0.0%,3,85227,2026-09-22T10:55:17+09:00,https://job.mynavi.jp/28/pc/corpinfo/displayInternship/index?corpId=85227&optNo=a3LID
京阪電鉄不動産(株),saiyou@keihan-kiss.co.jp,06-6946-1341,https://www.keihan-kiss.co.jp/,その他 1件,0.0%,0.0%,100.0%,1,79348,2026-09-22T10:55:17+09:00,https://job.mynavi.jp/28/pc/corpinfo/displayInternship/index?corpId=79348&optNo=vjZh7
今岡工業(株),saiyo@imaokakogyo.co.jp; saiyou@imaokakogyo.co.jp,0853-22-5959; 0853-23-7778,http://www.imaokakogyo.com/; https://www.imaokakogyo.com/; https://www.instagram.com/imaokakogyo/,その他 5件,0.0%,0.0%,100.0%,5,233807,2026-09-22T10:55:17+09:00,https://job.mynavi.jp/28/pc/corpinfo/displayInternship/index?corpId=233807&optNo=I0sWa
今治造船(株),recruitment.event@imazo.com,0898-36-5177,http://www.imazo.co.jp/,その他 1件,0.0%,0.0%,100.0%,1,76680,2026-09-22T10:55:17+09:00,https://job.mynavi.jp/28/pc/corpinfo/displayInternship/index?corpId=76680&optNo=8DbQz
今治造船グループ [グループ募集],ochi.kota@imazo.com; recruitment.event@imazo.com; recruitment@shub.imazo.com,086-447-5000; 0877-33-2111; 0897-84-2311; 0898-36-5177,https://is-shipyard.co.jp/; https://steelhub.co.jp/; https://www.imazo.co.jp/; https://www.tadotsuzousen.com/,"全額 1件 / 一部（35,000円） 1件 / その他 2件",25.0%,25.0%,50.0%,4,279235,2026-09-22T10:55:17+09:00,https://job.mynavi.jp/28/pc/corpinfo/displayInternship/index?corpId=279235&optNo=IHp9n
仙味エキス(株),t.takahashi@senmiekisu.co.jp,0893-23-2092; 0893-24-6878,https://www.senmiekisu.co.jp/,"一部（10,000円） 1件",0.0%,100.0%,0.0%,1,99241,2026-09-22T10:55:17+09:00,https://job.mynavi.jp/28/pc/corpinfo/displayInternship/index?corpId=99241&optNo=x31SO
伊米ヶ崎建設(株),chika-s@imegasaki.co.jp,025-792-1230; 080-3698-0894; 080-6594-9285,http://www.imegasaki.co.jp/,"全額 1件 / 一部（40,000円） 1件",50.0%,50.0%,0.0%,2,107606,2026-09-22T10:55:17+09:00,https://job.mynavi.jp/28/pc/corpinfo/displayInternship/index?corpId=107606&optNo=bw7dy
伊藤製缶工業(株),info@ito-seikankogyo.co.jp,011-661-7181,,その他 4件,0.0%,0.0%,100.0%,4,281206,2026-09-22T10:55:17+09:00,https://job.mynavi.jp/28/pc/corpinfo/displayInternship/index?corpId=281206&optNo=21kDQ
会津オリンパス(株),aizu-webmaster@cnt.olympus.co.jp,0242-28-2111; 0242-28-2117,http://www.aizu.olympus.co.jp/,その他 1件,0.0%,0.0%,100.0%,1,76415,2026-09-22T10:55:17+09:00,https://job.mynavi.jp/28/pc/corpinfo/displayInternship/index?corpId=76415&optNo=aUCzo
伸和コントロールズ(株),shinwa-cont@trps.jp,03-6419-7825,https://www.instagram.com/shinwa.controls__official/; https://youtu.be/8wu_nFTBG5w?si=q0rlB-AoEke-k4nN,その他 2件,0.0%,0.0%,100.0%,2,71449,2026-09-22T10:55:17+09:00,https://job.mynavi.jp/28/pc/corpinfo/displayInternship/index?corpId=71449&optNo=20Vb6
伸興電線(株),t-ozaki@shinko-ew.co.jp,087-894-3156,https://www.shinko-ew.co.jp/; https://www.youtube.com/watch?v=8m4OMDkJDiw,"一部（3,000円） 1件",0.0%,100.0%,0.0%,1,223822,2026-09-22T10:55:17+09:00,https://job.mynavi.jp/28/pc/corpinfo/displayInternship/index?corpId=223822&optNo=cQItU
住友ナコフォークリフト(株)【住友重機械工業(株)より出資】,info_recruit@snlift.co.jp,0562-48-5251,http://www.sumitomonacco.co.jp/,その他 1件,0.0%,0.0%,100.0%,1,74009,2026-09-22T10:55:17+09:00,https://job.mynavi.jp/28/pc/corpinfo/displayInternship/index?corpId=74009&optNo=uRh1B
住友林業ホームテック(株),ht_saiyo@sfc.co.jp,03-6890-5814,http://www.sumirin-ht.co.jp/; https://youtu.be/m8T0CpUK8zw; https://youtu.be/zWA8U9OTHSU,その他 2件,0.0%,0.0%,100.0%,2,91960,2026-09-22T10:55:17+09:00,https://job.mynavi.jp/28/pc/corpinfo/displayInternship/index?corpId=91960&optNo=2nbtX
住友重機械ギヤボックス(株)【住友重機械グループ】,GR.SHIGB.PandC.HG@shi-g.com,,https://gearbox.sumitomodrive.com/ja,その他 2件,0.0%,0.0%,100.0%,2,278365,2026-09-22T10:55:17+09:00,https://job.mynavi.jp/28/pc/corpinfo/displayInternship/index?corpId=278365&optNo=OblIh
住友電気工業(株) [グループ募集],go@info.sei.co.jp,06-6220-4134,https://sei.co.jp/career/fresh/internship/,その他 2件,0.0%,0.0%,100.0%,2,67,2026-09-22T10:55:17+09:00,https://job.mynavi.jp/28/pc/corpinfo/displayInternship/index?corpId=67&optNo=yHBND
住吉グループ【住吉工業(株)、他2社】 [グループ募集],fukuda@smgp.co.jp,083-248-1223,https://smgp.co.jp,その他 1件,0.0%,0.0%,100.0%,1,223538,2026-09-22T10:55:17+09:00,https://job.mynavi.jp/28/pc/corpinfo/displayInternship/index?corpId=223538&optNo=y0R3a
佐川グローバルロジスティクス(株)【SGホールディングスグループ】,recruit@sagawa-logi.co.jp,03-3768-8502,,その他 1件,0.0%,0.0%,100.0%,1,225370,2026-09-22T10:55:17+09:00,https://job.mynavi.jp/28/pc/corpinfo/displayInternship/index?corpId=225370&optNo=Xuf3a
佐藤(株)【ボーキ佐藤】,daiki_arakawa@boki.co.jp; y_honma@boki.co.jp,024-932-1260,https://www.boki.co.jp/,その他 1件,0.0%,0.0%,100.0%,1,55570,2026-09-22T10:55:17+09:00,https://job.mynavi.jp/28/pc/corpinfo/displayInternship/index?corpId=55570&optNo=fKvyv
佐藤工業(株)【戸田建設グループ】,y-hata@sato-kogyo.co.jp,,https://sato-kogyo.co.jp/,"一部（10,000円） 1件",0.0%,100.0%,0.0%,1,240932,2026-09-22T10:55:17+09:00,https://job.mynavi.jp/28/pc/corpinfo/displayInternship/index?corpId=240932&optNo=qXX9I
倉敷紡績(株)（クラボウ）,saiyo_grp@kurabo-grp.com,080-6565-0552,https://www.kurabo.co.jp/; https://www.kurabo.co.jp/omoshiroikoto/,"一部（30,000円） 1件",0.0%,100.0%,0.0%,1,39043,2026-09-22T10:55:17+09:00,https://job.mynavi.jp/28/pc/corpinfo/displayInternship/index?corpId=39043&optNo=lfUuy
健康住宅(株),saiyou_jinji@kenkoh-jutaku.co.jp,,https://kai-z.net/companies/kenkoh-jutaku/; https://www.kenkoh-jutaku.co.jp/,"一部（5,000円） 1件",0.0%,100.0%,0.0%,1,93632,2026-09-22T10:55:17+09:00,https://job.mynavi.jp/28/pc/corpinfo/displayInternship/index?corpId=93632&optNo=xcfay
光軽金属工業(株),m-yamaguchi@hikari-light-metals.co.jp,086-952-2121; 086-952-4120,https://www.hikari-light-metals.co.jp/,その他 1件,0.0%,0.0%,100.0%,1,228030,2026-09-22T10:55:17+09:00,https://job.mynavi.jp/28/pc/corpinfo/displayInternship/index?corpId=228030&optNo=Csirl
光陽商事(株),saiyou@koyoshoji.co.jp,072-884-0661,https://www.koyoshoji.co.jp/,"一部（5,000円） 1件",0.0%,100.0%,0.0%,1,67447,2026-09-22T10:55:17+09:00,https://job.mynavi.jp/28/pc/corpinfo/displayInternship/index?corpId=67447&optNo=NZPcQ
全農物流(株)【JA全農グループ】,saiyou@zennoh-butsuryu.co.jp; saiyou@zennoh-butsuryu.ne.jp,0480-31-6704,https://www.zennoh-butsuryu.co.jp/,その他 1件,0.0%,0.0%,100.0%,1,50984,2026-09-22T10:55:17+09:00,https://job.mynavi.jp/28/pc/corpinfo/displayInternship/index?corpId=50984&optNo=aeSXI
八光オートメーション(株)【TOKYO PRO Market上場】,kanri-info@hacmat.co.jp,,https://youtu.be/I6sSheO_HzE; https://youtu.be/Q9FYg7KsMGg,"一部（10,000円） 1件",0.0%,100.0%,0.0%,1,248851,2026-09-22T10:55:17+09:00,https://job.mynavi.jp/28/pc/corpinfo/displayInternship/index?corpId=248851&optNo=CYDb2
八光グループ [グループ募集],recruit@hakko.co.jp,026-275-0121,https://www.hakko-grp.jp/; https://www.hakko-grp.jp/company/electrical.html; https://www.hakko-grp.jp/company/medical.html; https://www.hakko-medical.co.jp/; https://www.hakko.co.jp/,"一部（10,000円） 3件",0.0%,100.0%,0.0%,3,96757,2026-09-22T10:55:17+09:00,https://job.mynavi.jp/28/pc/corpinfo/displayInternship/index?corpId=96757&optNo=GlidH
八千代エンジニヤリング(株),recruit@yachiyo-eng.co.jp,03-5822-6369; 03-5822-7150,http://www.yachiyo-eng.co.jp,"一部（3,000円） 2件",0.0%,100.0%,0.0%,2,95563,2026-09-22T10:55:17+09:00,https://job.mynavi.jp/28/pc/corpinfo/displayInternship/index?corpId=95563&optNo=IIDwv
共和工業(株)【三井化学グループ】,somu@kyowa-ind.co.jp,0256-34-4441,https://www.kyowa-ind.co.jp,その他 1件,0.0%,0.0%,100.0%,1,103842,2026-09-22T10:55:17+09:00,https://job.mynavi.jp/28/pc/corpinfo/displayInternship/index?corpId=103842&optNo=6CNHf
共立マテリアル(株),recruite@kyoritsu-kcm.co.jp,052-661-3180,https://www.kyoritsu-kcm.co.jp/,全額 1件,100.0%,0.0%,0.0%,1,113155,2026-09-22T10:55:17+09:00,https://job.mynavi.jp/28/pc/corpinfo/displayInternship/index?corpId=113155&optNo=r6Jkh
共立工営(株),recruit@kyritsukouei.co.jp,089-973-3188,,"一部（10,000円） 1件",0.0%,100.0%,0.0%,1,254310,2026-09-22T10:55:17+09:00,https://job.mynavi.jp/28/pc/corpinfo/displayInternship/index?corpId=254310&optNo=RT0AD
共立製薬(株),ks_HRLD@kyoritsuseiyaku.com,,https://www.kyoritsuseiyaku.co.jp/,その他 1件,0.0%,0.0%,100.0%,1,52157,2026-09-22T10:55:17+09:00,https://job.mynavi.jp/28/pc/corpinfo/displayInternship/index?corpId=52157&optNo=-h44X
兵神装備(株),saiyo@mohno-pump.co.jp,078-652-1111,http://www.heishin.jp/; https://www.youtube.com/user/HEISHIN1968,その他 2件,0.0%,0.0%,100.0%,2,73990,2026-09-22T10:55:17+09:00,https://job.mynavi.jp/28/pc/corpinfo/displayInternship/index?corpId=73990&optNo=RQ1hV
兼房(株)【東証スタンダード市場・名証メイン市場上場】,kyujin@kanefusa.co.jp,0587-95-2823,https://mypage.3010.i-webs.jp/kanefusa2028/; https://www.kanefusa.co.jp/,"一部（1,000円） 1件 / その他 1件",0.0%,50.0%,50.0%,2,99275,2026-09-22T10:55:17+09:00,https://job.mynavi.jp/28/pc/corpinfo/displayInternship/index?corpId=99275&optNo=g62Ay
内外構造(株)【阪神高速グループ】,saiyou@naigai-kozo.co.jp,06-6484-7692,https://www.naigai-kozo.co.jp/,その他 1件,0.0%,0.0%,100.0%,1,225906,2026-09-22T10:55:17+09:00,https://job.mynavi.jp/28/pc/corpinfo/displayInternship/index?corpId=225906&optNo=ygtmd
内山鑑定(株),saiyou@uchiyama.co.jp,0120-965-462,https://www.instagram.com/uchiyamakantei_saiyou/; https://www.uchiyama.co.jp/; https://www.uchiyama.co.jp/recruit/,全額 1件,100.0%,0.0%,0.0%,1,64432,2026-09-22T10:55:17+09:00,https://job.mynavi.jp/28/pc/corpinfo/displayInternship/index?corpId=64432&optNo=WO-4O
内海造船(株)【東証スタンダード市場上場】,yano-t@naikaizosen.co.jp,080-2982-8776,https://www.instagram.com/naikaizosen; https://www.naikaizosen.co.jp; https://www.naikaizosen.co.jp/access; https://www.naikaizosen.co.jp/access/,その他 1件,0.0%,0.0%,100.0%,1,58162,2026-09-22T10:55:17+09:00,https://job.mynavi.jp/28/pc/corpinfo/displayInternship/index?corpId=58162&optNo=lQu96
内藤電機(株),recruit@naito-ec.co.jp,058-251-8241,https://www.naito-ec.co.jp/; https://youtu.be/VurIsrpzePI,"一部（1,000円） 2件",0.0%,100.0%,0.0%,2,214245,2026-09-22T10:55:17+09:00,https://job.mynavi.jp/28/pc/corpinfo/displayInternship/index?corpId=214245&optNo=HRtFz
冨士ベークライト(株),kanou@fujibake.co.jp,0866-84-8111,https://www.fujibake.com/,"一部（10,000円） 1件",0.0%,100.0%,0.0%,1,97500,2026-09-22T10:55:17+09:00,https://job.mynavi.jp/28/pc/corpinfo/displayInternship/index?corpId=97500&optNo=zv-2t
出雲カーボン(株)【出雲屋炭八】,izd-doboku@i-doken.co.jp,0853-24-8808,https://www.sumi8.jp/companyprofile/,"一部（90,000円） 2件",0.0%,100.0%,0.0%,2,275029,2026-09-22T10:55:17+09:00,https://job.mynavi.jp/28/pc/corpinfo/displayInternship/index?corpId=275029&optNo=kQA80
前川建設(株),c.hirata@maekawa-jp.cpm,079-421-3281,,"一部（2,000円） 1件",0.0%,100.0%,0.0%,1,65013,2026-09-22T10:55:17+09:00,https://job.mynavi.jp/28/pc/corpinfo/displayInternship/index?corpId=65013&optNo=2BIvV
前田建設工業(株),maeda2028@jcity.maeda.co.jp,03-6878-6369,http://www.maeda.co.jp/,その他 1件,0.0%,0.0%,100.0%,1,330,2026-09-22T10:55:17+09:00,https://job.mynavi.jp/28/pc/corpinfo/displayInternship/index?corpId=330&optNo=tqAPd
前田道路(株),jinjisaiyou@maedaroad.co.jp,03-5487-0019,https://ssl.maedaroad.co.jp/,全額 1件,100.0%,0.0%,0.0%,1,51237,2026-09-22T10:55:17+09:00,https://job.mynavi.jp/28/pc/corpinfo/displayInternship/index?corpId=51237&optNo=HSTPW
加山興業(株),recruit@kayama-k.co.jp,0120-053-381,https://www.kayama-k.co.jp/,その他 2件,0.0%,0.0%,100.0%,2,217741,2026-09-22T10:55:17+09:00,https://job.mynavi.jp/28/pc/corpinfo/displayInternship/index?corpId=217741&optNo=Ts5Rp
加藤電機(株),saiyou2@kato-denki.com,0569-21-6182,https://kato-denki.com/; https://security-lounge.com/access/nagoya/,"一部（3,000円） 1件",0.0%,100.0%,0.0%,1,232272,2026-09-22T10:55:17+09:00,https://job.mynavi.jp/28/pc/corpinfo/displayInternship/index?corpId=232272&optNo=FfnKW
北ガスジープレックス(株)【北ガスグループ】,kgz-ml-JHsupport@kitagas.com,011-864-6565,https://www.kgznet.com/,全額 3件,100.0%,0.0%,0.0%,3,68499,2026-09-22T10:55:17+09:00,https://job.mynavi.jp/28/pc/corpinfo/displayInternship/index?corpId=68499&optNo=e9h3W
北ガスフレアスト(株)【北ガスグループ】,kgf-ml-info@kitagas.com,,,その他 1件,0.0%,0.0%,100.0%,1,203437,2026-09-22T10:55:17+09:00,https://job.mynavi.jp/28/pc/corpinfo/displayInternship/index?corpId=203437&optNo=TUmAn
北国インテックサービス(株)(TISインテックグループ),saiyo@hokkoku-intec.co.jp,076-266-3000; 076-266-3020,,その他 1件,0.0%,0.0%,100.0%,1,82115,2026-09-22T10:55:17+09:00,https://job.mynavi.jp/28/pc/corpinfo/displayInternship/index?corpId=82115&optNo=3Nadz
北川ヒューテック(株),saiyo@k-hutec.co.jp,,http://www.k-hutec.co.jp/; https://www.instagram.com/kitagawa_hutec; https://youtu.be/wrzox2UrcnM,"一部（1,000円） 2件",0.0%,100.0%,0.0%,2,88512,2026-09-22T10:55:17+09:00,https://job.mynavi.jp/28/pc/corpinfo/displayInternship/index?corpId=88512&optNo=F4SFf
北斗(株),recruit_20102@hokuto-co.com,0568-78-5511,https://www.hkt.co.jp/,"一部（2,000円） 1件",0.0%,100.0%,0.0%,1,206133,2026-09-22T10:55:17+09:00,https://job.mynavi.jp/28/pc/corpinfo/displayInternship/index?corpId=206133&optNo=RkDL4
北日本機械(株),info2@knkk.co.jp,019-683-1112; 019-683-1117,https://www.knkk.co.jp/,その他 1件,0.0%,0.0%,100.0%,1,258920,2026-09-22T10:55:17+09:00,https://job.mynavi.jp/28/pc/corpinfo/displayInternship/index?corpId=258920&optNo=BDvdB
北日本港湾コンサルタント(株),h_nishi@njpc.co.jp,011-281-9111,,全額 1件,100.0%,0.0%,0.0%,1,106957,2026-09-22T10:55:17+09:00,https://job.mynavi.jp/28/pc/corpinfo/displayInternship/index?corpId=106957&optNo=IKiLz
北日本物産(株),saiyou@kitabutsu.co.jp,076-424-1724,https://www.kitabutsu.co.jp/,その他 1件,0.0%,0.0%,100.0%,1,106322,2026-09-22T10:55:17+09:00,https://job.mynavi.jp/28/pc/corpinfo/displayInternship/index?corpId=106322&optNo=1AHYp
北海道マツダ販売(株),kanazawa.n@hokkaido-mazda.co.jp; morohashi.m@hokkaido-mazda.co.jp,011-221-5276; 011-221-5278,https://www.hokkaido-mazda.co.jp/,"一部（5,000円） 1件",0.0%,100.0%,0.0%,1,55371,2026-09-22T10:55:17+09:00,https://job.mynavi.jp/28/pc/corpinfo/displayInternship/index?corpId=55371&optNo=tYRbd
北海道住電精密(株)【住友電工グループ】,nitadori-miyu@gr.sei.co.jp,0125-65-5501,https://www.nnss.co.jp/hokkaido/index.html,その他 1件,0.0%,0.0%,100.0%,1,225026,2026-09-22T10:55:17+09:00,https://job.mynavi.jp/28/pc/corpinfo/displayInternship/index?corpId=225026&optNo=FZWY1
北陸建工グループ [グループ募集],sakai.a@hokuriku-kenko.co.jp,076-476-0300,https://kenko-group.jp/,"一部（30,000円） 1件 / その他 2件",0.0%,33.3%,66.7%,3,201815,2026-09-22T10:55:17+09:00,https://job.mynavi.jp/28/pc/corpinfo/displayInternship/index?corpId=201815&optNo=R2Sr2
北陸電子(株),saiyou@hokuriku-denshi.co.jp,076-465-5250,http://www.hokuriku-denshi.co.jp/,その他 1件,0.0%,0.0%,100.0%,1,268665,2026-09-22T10:55:17+09:00,https://job.mynavi.jp/28/pc/corpinfo/displayInternship/index?corpId=268665&optNo=s7M1y
北陸電気工事(株)(北陸電力グループ),saiyou@rikudenko.co.jp,076-481-6091,,全額 1件,100.0%,0.0%,0.0%,1,58061,2026-09-22T10:55:17+09:00,https://job.mynavi.jp/28/pc/corpinfo/displayInternship/index?corpId=58061&optNo=zPCRD
医療法人清水会,recruit@ksmcs.jp,075-646-5405,https://www.tiktok.com/@kyoto_medicare_system; https://youtu.be/gM86fmTdEIk,全額 1件,100.0%,0.0%,0.0%,1,102425,2026-09-22T10:55:17+09:00,https://job.mynavi.jp/28/pc/corpinfo/displayInternship/index?corpId=102425&optNo=KDAZn
医療法人豊田会 刈谷豊田総合病院,KTGH.jinji@toyota-kai.or.jp,0566-25-9236,https://www.toyota-kai.or.jp/,"一部（2,000円） 1件",0.0%,100.0%,0.0%,1,79450,2026-09-22T10:55:17+09:00,https://job.mynavi.jp/28/pc/corpinfo/displayInternship/index?corpId=79450&optNo=MVUGQ
医療法人豊田会【介護職】,minami.ogawa@toyota-kai.or.jp,0566-62-5251,,"一部（2,000円） 1件",0.0%,100.0%,0.0%,1,263608,2026-09-22T10:55:17+09:00,https://job.mynavi.jp/28/pc/corpinfo/displayInternship/index?corpId=263608&optNo=UTbw3
医療法人財団湖聖会,saiyou_new@momoha.or.jp,0120-278-228,https://www.momohanokai.jp/,"一部（1,000円） 1件",0.0%,100.0%,0.0%,1,285290,2026-09-22T10:55:17+09:00,https://job.mynavi.jp/28/pc/corpinfo/displayInternship/index?corpId=285290&optNo=JYXNY
半田建設(株),eigyo@hanchan.co.jp,0942-34-4132,https://hanchan.co.jp/,"一部（3,000円） 1件",0.0%,100.0%,0.0%,1,248968,2026-09-22T10:55:17+09:00,https://job.mynavi.jp/28/pc/corpinfo/displayInternship/index?corpId=248968&optNo=U21Tt
協和ファインテック(株),recruit@kyowa-ft.co.jp,086-948-2134; 086-948-2765,http://www.kyowa-ft.co.jp/; https://lin.ee/SASOfFb; https://www.kyowa-ft.co.jp/,その他 2件,0.0%,0.0%,100.0%,2,227543,2026-09-22T10:55:17+09:00,https://job.mynavi.jp/28/pc/corpinfo/displayInternship/index?corpId=227543&optNo=HCXW0
協和マシン(株),so@kyowam.co.jp,0766-63-3805,https://www.kyowam.com/; https://www.kyowam.com/blog/321/; https://www.youtube.com/@kyowamachine,全額 2件,100.0%,0.0%,0.0%,2,84886,2026-09-22T10:55:17+09:00,https://job.mynavi.jp/28/pc/corpinfo/displayInternship/index?corpId=84886&optNo=7Gubp
協和設計(株),info@kyowask.co.jp; t-noumi@kyowask.co.jp,072-627-9350; 072-627-9351,https://www.kyowask.co.jp/,その他 2件,0.0%,0.0%,100.0%,2,205501,2026-09-22T10:55:17+09:00,https://job.mynavi.jp/28/pc/corpinfo/displayInternship/index?corpId=205501&optNo=2S1SX
南海プライウッド(株)【東証スタンダード市場上場】,shunsuke_tanaka@nankaiplywood.co.jp,,,その他 1件,0.0%,0.0%,100.0%,1,91566,2026-09-22T10:55:17+09:00,https://job.mynavi.jp/28/pc/corpinfo/displayInternship/index?corpId=91566&optNo=zShhq
南海辰村建設(株) 【東証スタンダード市場上場】【NANKAIグループ】,saiyou@nantatsu.co.jp,06-6644-1227; 06-6644-7831,https://nantatsu-recruit.com/,その他 1件,0.0%,0.0%,100.0%,1,84946,2026-09-22T10:55:17+09:00,https://job.mynavi.jp/28/pc/corpinfo/displayInternship/index?corpId=84946&optNo=I7Op6
南薩食鳥(株),jinji@nansatu.co.jp,0993-83-2086,http://ajinatori.com/,その他 1件,0.0%,0.0%,100.0%,1,55574,2026-09-22T10:55:17+09:00,https://job.mynavi.jp/28/pc/corpinfo/displayInternship/index?corpId=55574&optNo=D0FS1
南部建設(株),recruit@nanb.jp,0176-23-4341; 0176-24-0277,https://nanb-towada.com,その他 1件,0.0%,0.0%,100.0%,1,225200,2026-09-22T10:55:17+09:00,https://job.mynavi.jp/28/pc/corpinfo/displayInternship/index?corpId=225200&optNo=J2Pol
占部建設工業(株),d-sakamoto@urabekensetsu.co.jp,084-922-1254,https://urabekensetsu.co.jp/,"一部（10,000円） 1件",0.0%,100.0%,0.0%,1,232047,2026-09-22T10:55:17+09:00,https://job.mynavi.jp/28/pc/corpinfo/displayInternship/index?corpId=232047&optNo=pIkTs
古川電気工業(株),soumu.bu2@furukawa-denki.com,022-236-6031,https://furukwa-denki.com,その他 1件,0.0%,0.0%,100.0%,1,230415,2026-09-22T10:55:17+09:00,https://job.mynavi.jp/28/pc/corpinfo/displayInternship/index?corpId=230415&optNo=OGo2B
古河林業(株)【古河グループ】,saiyo@furukawa-ringyo.co.jp,,https://www.furukawa-ringyo-conceptpage.com/; https://www.furukawa-ringyo.co.jp/; https://www.instagram.com/around_furukawa_ringyo/,その他 1件,0.0%,0.0%,100.0%,1,283198,2026-09-22T10:55:17+09:00,https://job.mynavi.jp/28/pc/corpinfo/displayInternship/index?corpId=283198&optNo=dxS8Q
合同会社ふくろう,recruit@fukurou-llc.com,075-634-6691,https://www.fukurou-care.com; https://www.shake-hands.info; https://www.shin-design.info,その他 1件,0.0%,0.0%,100.0%,1,258890,2026-09-22T10:55:17+09:00,https://job.mynavi.jp/28/pc/corpinfo/displayInternship/index?corpId=258890&optNo=ZBs6H
合資会社親湯温泉,saiyo@shinyu-onsen.com,,,"一部（20,000円） 1件",0.0%,100.0%,0.0%,1,286982,2026-09-22T10:55:17+09:00,https://job.mynavi.jp/28/pc/corpinfo/displayInternship/index?corpId=286982&optNo=35gB0
吉原建設(株),jinji@yoshihara-c.co.jp,0986-25-7000,http://yoshihara-kensetsu.com; https://www.instagram.com/yoshihara_kensetsu/; https://www.yoshihara-c.co.jp,その他 2件,0.0%,0.0%,100.0%,2,251329,2026-09-22T10:55:17+09:00,https://job.mynavi.jp/28/pc/corpinfo/displayInternship/index?corpId=251329&optNo=1OyLl
吉川工業アールエフセミコン(株),arinaga.takuji@yrsc.co.jp; tishii@yrsc.co.jp,0369068895; 0983334488,https://www.yrsc.co.jp/,その他 1件,0.0%,0.0%,100.0%,1,229288,2026-09-22T10:55:17+09:00,https://job.mynavi.jp/28/pc/corpinfo/displayInternship/index?corpId=229288&optNo=q4pby
吉本興業ホールディングス(株) [グループ募集],intern@yoshimoto.co.jp,,,その他 1件,0.0%,0.0%,100.0%,1,207037,2026-09-22T10:55:17+09:00,https://job.mynavi.jp/28/pc/corpinfo/displayInternship/index?corpId=207037&optNo=DocTY
吉田薬業(株),s-hara@yoshida-yakugyo.com,026-244-9696,https://yoshida-yakugyo.com/,その他 1件,0.0%,0.0%,100.0%,1,102303,2026-09-22T10:55:17+09:00,https://job.mynavi.jp/28/pc/corpinfo/displayInternship/index?corpId=102303&optNo=2vylQ
吉田電気工事(株),info@yoshidadenki-kk.co.jp,052-779-6777,http://yoshidadenki-kk.co.jp/,その他 1件,0.0%,0.0%,100.0%,1,210074,2026-09-22T10:55:17+09:00,https://job.mynavi.jp/28/pc/corpinfo/displayInternship/index?corpId=210074&optNo=Qjosp
名古屋東部陸運(株)【オバタグループ】,meitou_saiyou@meitou.co.jp,0565-31-2752; 0565-31-2773; 05692448860,https://www.meitou.co.jp/; https://www.tiktok.com/@user9056924488601; https://www.youtube.com/@meitou4577,"一部（1,000円） 1件",0.0%,100.0%,0.0%,1,265338,2026-09-22T10:55:17+09:00,https://job.mynavi.jp/28/pc/corpinfo/displayInternship/index?corpId=265338&optNo=SIXd6
名古屋特殊鋼(株),saiyou.ntk@meitoku.co.jp,0568-67-6701,https://www.meitoku.co.jp/,"一部（2,000円） 1件",0.0%,100.0%,0.0%,1,217719,2026-09-22T10:55:17+09:00,https://job.mynavi.jp/28/pc/corpinfo/displayInternship/index?corpId=217719&optNo=pOue-
和光技研(株),recruit@wako-giken.co.jp,,https://www.wako-giken.co.jp/,"一部（10,000円） 1件",0.0%,100.0%,0.0%,1,226941,2026-09-22T10:55:17+09:00,https://job.mynavi.jp/28/pc/corpinfo/displayInternship/index?corpId=226941&optNo=95tGp
和建設(株),jinji@kano-kensetsu.com,088-885-5888; 088-885-6070,https://www.kano-kensetsu.com/,"一部（2,500円） 2件",0.0%,100.0%,0.0%,2,212942,2026-09-22T10:55:17+09:00,https://job.mynavi.jp/28/pc/corpinfo/displayInternship/index?corpId=212942&optNo=5pgnB
唐川木材工業(株),masaaki@karakawa.co.jp,0847-45-4600,,"一部（3,000円） 2件",0.0%,100.0%,0.0%,2,242371,2026-09-22T10:55:17+09:00,https://job.mynavi.jp/28/pc/corpinfo/displayInternship/index?corpId=242371&optNo=9HtsH
四国ドック(株),inoue@shikokudock.co.jp,087-851-9021,http://www.shikokudock.co.jp/,その他 1件,0.0%,0.0%,100.0%,1,215351,2026-09-22T10:55:17+09:00,https://job.mynavi.jp/28/pc/corpinfo/displayInternship/index?corpId=215351&optNo=8qFR7
四国鉄道機械(株)【JR四国グループ】,saiyou@s-tekki.co.jp,0877-32-5191,https://s-tekki.co.jp/,その他 3件,0.0%,0.0%,100.0%,3,105949,2026-09-22T10:55:17+09:00,https://job.mynavi.jp/28/pc/corpinfo/displayInternship/index?corpId=105949&optNo=LTHMh
國井建設(株),nobuhiro@kuniikensetsu.co.jp,0237-86-0444; 0237-86-4165,http://www.kuniikensetsu.co.jp/; https://www.instagram.com/kunii_kensetsu/,"一部（5,000円） 1件",0.0%,100.0%,0.0%,1,253102,2026-09-22T10:55:17+09:00,https://job.mynavi.jp/28/pc/corpinfo/displayInternship/index?corpId=253102&optNo=Oduxn
地域みらいグループ【(株)北洋建設・岡本建設(株)・三ツ矢建設(株)など】 [グループ募集],recruit@rfg.co.jp,092-525-7878,https://rfgroup.co.jp/,その他 1件,0.0%,0.0%,100.0%,1,113306,2026-09-22T10:55:17+09:00,https://job.mynavi.jp/28/pc/corpinfo/displayInternship/index?corpId=113306&optNo=-4Pga
堀田建設(株),recruit@hottacon.co.jp,0595-82-3311,https://www.hottacon.co.jp/; https://youtu.be/h4JpffwBwoA,全額 2件,100.0%,0.0%,0.0%,2,213828,2026-09-22T10:55:17+09:00,https://job.mynavi.jp/28/pc/corpinfo/displayInternship/index?corpId=213828&optNo=4VmTs
堀田建設(株),saiyou@hotta-grp.co.jp,0894-24-3850,,"一部（10,000円） 1件",0.0%,100.0%,0.0%,1,204802,2026-09-22T10:55:17+09:00,https://job.mynavi.jp/28/pc/corpinfo/displayInternship/index?corpId=204802&optNo=86fRf
塚田理研工業(株),m-murakami@tukada-riken.co.jp,0265-82-3256,https://www.tukada-riken.co.jp/,全額 1件,100.0%,0.0%,0.0%,1,82892,2026-09-22T10:55:17+09:00,https://job.mynavi.jp/28/pc/corpinfo/displayInternship/index?corpId=82892&optNo=pSLYD
夏目光学(株),join-our-future@natsume-optics.co.jp,0265-22-2435,https://recruit.natsume-optics.co.jp/; https://www.natsume-optics.co.jp/,全額 2件,100.0%,0.0%,0.0%,2,98139,2026-09-22T10:55:17+09:00,https://job.mynavi.jp/28/pc/corpinfo/displayInternship/index?corpId=98139&optNo=0Ssu3
外山産業グループ [グループ募集],kanrihonbu@toyama-sn.co.jp,0256-35-5095,https://toyama-sn.co.jp/,"一部（5,000円） 1件",0.0%,100.0%,0.0%,1,96464,2026-09-22T10:55:17+09:00,https://job.mynavi.jp/28/pc/corpinfo/displayInternship/index?corpId=96464&optNo=kIDg4
大下産業(株),saiyo@osimo.co.jp,082-871-1111,https://www.osimo.co.jp/,"一部（20,000円） 1件",0.0%,100.0%,0.0%,1,53761,2026-09-22T10:55:17+09:00,https://job.mynavi.jp/28/pc/corpinfo/displayInternship/index?corpId=53761&optNo=t2JV1
大久自動車販売(株),r.horikoshi@daiq.co.jp,024-572-3241,https://www.instagram.com/daiq_motors.official/,"一部（15,000円） 1件",0.0%,100.0%,0.0%,1,85514,2026-09-22T10:55:17+09:00,https://job.mynavi.jp/28/pc/corpinfo/displayInternship/index?corpId=85514&optNo=h-nS6
大井建設工業(株),soumu@ooi-kensetsu.co.jp,0267-32-3333,https://www.ooi-kensetsu.co.jp/,その他 1件,0.0%,0.0%,100.0%,1,205845,2026-09-22T10:55:17+09:00,https://job.mynavi.jp/28/pc/corpinfo/displayInternship/index?corpId=205845&optNo=vs8Ht
大井電気(株)【東証スタンダード上場】,ooi_saiyo@ooi.co.jp,045-433-1361,https://www.ooi.co.jp/,"一部（10,000円） 1件",0.0%,100.0%,0.0%,1,55254,2026-09-22T10:55:17+09:00,https://job.mynavi.jp/28/pc/corpinfo/displayInternship/index?corpId=55254&optNo=k7vU4
大信産業(株),n_sasaki@taishinkk.co.jp,0848-38-2611,,全額 1件,100.0%,0.0%,0.0%,1,81386,2026-09-22T10:55:17+09:00,https://job.mynavi.jp/28/pc/corpinfo/displayInternship/index?corpId=81386&optNo=wUAis
大同特殊鋼(株),saiyo2@ask.daido.co.jp,0120-20-5894,https://www.daido.co.jp/,全額 1件,100.0%,0.0%,0.0%,1,141,2026-09-22T10:55:17+09:00,https://job.mynavi.jp/28/pc/corpinfo/displayInternship/index?corpId=141&optNo=OK0Gd
大同興業(株)【大同特殊鋼グループ】,dkk_saiyo@daidokogyo.co.jp,03-5495-7177,https://www.daidokogyo.co.jp,全額 1件,100.0%,0.0%,0.0%,1,71974,2026-09-22T10:55:17+09:00,https://job.mynavi.jp/28/pc/corpinfo/displayInternship/index?corpId=71974&optNo=LX3-d
大和製衡(株),saiyo@yamato-scale.co.jp,,https://www.yamato-scale.co.jp/,"一部（3,000円） 1件",0.0%,100.0%,0.0%,1,202338,2026-09-22T10:55:17+09:00,https://job.mynavi.jp/28/pc/corpinfo/displayInternship/index?corpId=202338&optNo=WOmlV
大塚食品(株),ofc_jinji@otsuka.jp,,https://www.otsukafoods.co.jp/,その他 1件,0.0%,0.0%,100.0%,1,100224,2026-09-22T10:55:17+09:00,https://job.mynavi.jp/28/pc/corpinfo/displayInternship/index?corpId=100224&optNo=vrVnY
大峰堂薬品工業(株),ominedo@saiyo28.com; saiyo@ominedo.co.jp,06-7777-6964; 0745-22-3601,,その他 1件,0.0%,0.0%,100.0%,1,287491,2026-09-22T10:55:17+09:00,https://job.mynavi.jp/28/pc/corpinfo/displayInternship/index?corpId=287491&optNo=xS5aX
大島造園土木(株),intern@oshimazoen.co.jp,052-221-1356,,"一部（20,000円） 1件",0.0%,100.0%,0.0%,1,295686,2026-09-22T10:55:17+09:00,https://job.mynavi.jp/28/pc/corpinfo/displayInternship/index?corpId=295686&optNo=nW0-3
大平洋ランダム(株),hr-dept@rundum.co.jp,076-438-1211,,その他 1件,0.0%,0.0%,100.0%,1,208082,2026-09-22T10:55:17+09:00,https://job.mynavi.jp/28/pc/corpinfo/displayInternship/index?corpId=208082&optNo=k2Z4v
大幸(株)【大海グループ】,y-moriwaki@daiko-web.com,0859-21-0480,https://www.daiko-web.com/,"一部（3,000円） 1件",0.0%,100.0%,0.0%,1,236788,2026-09-22T10:55:17+09:00,https://job.mynavi.jp/28/pc/corpinfo/displayInternship/index?corpId=236788&optNo=tY80D
大成ロテック(株)【大成建設グループ】,rotec_jinji@taiseirotec.co.jp,0120-030-235; 03-3362-5803,https://www.taiseirotec.co.jp/recruit/,全額 1件,100.0%,0.0%,0.0%,1,57794,2026-09-22T10:55:17+09:00,https://job.mynavi.jp/28/pc/corpinfo/displayInternship/index?corpId=57794&optNo=XESX7
大新グループ【大新土木(株)、大新電工(株)、ダイユウ技研土木(株)】 [グループ募集],k-yamashiro@dai-g.co.jp,0823-22-2434,https://www.dai-g.co.jp,全額 1件,100.0%,0.0%,0.0%,1,287965,2026-09-22T10:55:17+09:00,https://job.mynavi.jp/28/pc/corpinfo/displayInternship/index?corpId=287965&optNo=OoCYm
大日コンクリート工業(株)【大日グループ】,saiyou@dainichi-x.co.jp,052-201-3941,http://www.dainichi-x.co.jp/,"一部（3,000円） 1件",0.0%,100.0%,0.0%,1,67141,2026-09-22T10:55:17+09:00,https://job.mynavi.jp/28/pc/corpinfo/displayInternship/index?corpId=67141&optNo=bI5V-
大日本土木(株)【NIPPOグループ・近鉄グループ】,recruit@dnc.co.jp,03-5326-3946,,その他 2件,0.0%,0.0%,100.0%,2,82814,2026-09-22T10:55:17+09:00,https://job.mynavi.jp/28/pc/corpinfo/displayInternship/index?corpId=82814&optNo=1uWol
大有建設(株),hirao-n@taiyu.co.jp,052-881-1582,https://www.taiyu.jp/,その他 1件,0.0%,0.0%,100.0%,1,84812,2026-09-22T10:55:17+09:00,https://job.mynavi.jp/28/pc/corpinfo/displayInternship/index?corpId=84812&optNo=8GiOt
大木建設(株),info@ohki-kensetsu.co.jp,0847-40-3448,https://www.ohki-kensetsu.co.jp/company/,全額 1件,100.0%,0.0%,0.0%,1,225413,2026-09-22T10:55:17+09:00,https://job.mynavi.jp/28/pc/corpinfo/displayInternship/index?corpId=225413&optNo=IHeNI
大栄産業(株),recruit@daie-industry.co.jp,0569-82-4551; 080-7344-6639,https://www.daie-industry.co.jp/,"一部（10,000円） 1件 / 一部（24,000円） 2件",0.0%,100.0%,0.0%,3,40439,2026-09-22T10:55:17+09:00,https://job.mynavi.jp/28/pc/corpinfo/displayInternship/index?corpId=40439&optNo=8g942
大栄鋼業(株),r-nakayama@daiei-kogyo.jp,084-922-1537,,その他 1件,0.0%,0.0%,100.0%,1,285061,2026-09-22T10:55:17+09:00,https://job.mynavi.jp/28/pc/corpinfo/displayInternship/index?corpId=285061&optNo=Ftug4
大河原建設(株),o-saiyo@ohkawara.co.jp,0547-36-2111,https://ohkawara.co.jp/,その他 6件,0.0%,0.0%,100.0%,6,111528,2026-09-22T10:55:17+09:00,https://job.mynavi.jp/28/pc/corpinfo/displayInternship/index?corpId=111528&optNo=FonlU
大熊本証券(株),kikaku@daikumamoto.co.jp,096-322-1111; 096-322-5050,http://www.daikumamoto.co.jp/; https://daikumamoto.co.jp/,その他 2件,0.0%,0.0%,100.0%,2,39953,2026-09-22T10:55:17+09:00,https://job.mynavi.jp/28/pc/corpinfo/displayInternship/index?corpId=39953&optNo=LZSaD
大興建設(株),ando@taiko-jp.com,0586-86-8120; 0586-86-8121,https://www.taiko-jp.com/,"一部（2,000円） 2件",0.0%,100.0%,0.0%,2,112804,2026-09-22T10:55:17+09:00,https://job.mynavi.jp/28/pc/corpinfo/displayInternship/index?corpId=112804&optNo=dKYzy
大豊(株)【タイホーグループ】,saiyo@taiho-group.com,0548-52-5588,https://www.taiho-group.com/about/,全額 1件,100.0%,0.0%,0.0%,1,215132,2026-09-22T10:55:17+09:00,https://job.mynavi.jp/28/pc/corpinfo/displayInternship/index?corpId=215132&optNo=i5gG2
大豊工業(株)【東証スタンダード上場】,recruit@taihonet.co.jp,0565-28-2055,https://www.taihonet.co.jp/,"一部（1,000円） 1件",0.0%,100.0%,0.0%,1,68485,2026-09-22T10:55:17+09:00,https://job.mynavi.jp/28/pc/corpinfo/displayInternship/index?corpId=68485&optNo=cS1-y
大豊産業(株),saiyou.jinji@taihos.co.jp,087-811-4567,https://www.instagram.com/taiho_official?igsh=M25panJpNG43Zjdt; https://www.taihos.co.jp/,その他 1件,0.0%,0.0%,100.0%,1,96694,2026-09-22T10:55:17+09:00,https://job.mynavi.jp/28/pc/corpinfo/displayInternship/index?corpId=96694&optNo=SH21D
大豊精機(株),saiyo@tsk.taihonet.co.jp,0565-43-0801,http://www.tsk.taihonet.co.jp/,"一部（10,000円） 1件",0.0%,100.0%,0.0%,1,105367,2026-09-22T10:55:17+09:00,https://job.mynavi.jp/28/pc/corpinfo/displayInternship/index?corpId=105367&optNo=JlpjW
大邦テクノプラント(株),soumu@taiho-t.co.jp,082-876-0180,http://www.taiho-t.co.jp/,その他 1件,0.0%,0.0%,100.0%,1,293828,2026-09-22T10:55:17+09:00,https://job.mynavi.jp/28/pc/corpinfo/displayInternship/index?corpId=293828&optNo=fIVR2
大鉄工業(株)【JR西日本グループ】,daitetsu-jinji@daitetsu.co.jp,06-6195-6105,http://www.daitetsu.co.jp/,その他 1件,0.0%,0.0%,100.0%,1,59305,2026-09-22T10:55:17+09:00,https://job.mynavi.jp/28/pc/corpinfo/displayInternship/index?corpId=59305&optNo=PXN5q
大鎮キムラ建設(株),MAIL/takahashit@daishinkimura.com,0120-971-873; 0144-72-1150,https://daishinkimura.com/,"一部（3,000円） 1件",0.0%,100.0%,0.0%,1,112519,2026-09-22T10:55:17+09:00,https://job.mynavi.jp/28/pc/corpinfo/displayInternship/index?corpId=112519&optNo=skUPd
大阪ガスネットワーク(株)【Daigasグループ（旧 大阪ガスグループ）】,OGNW-jinjisaiyo@osakagas.co.jp,,https://network.osakagas.co.jp/,その他 1件,0.0%,0.0%,100.0%,1,263362,2026-09-22T10:55:17+09:00,https://job.mynavi.jp/28/pc/corpinfo/displayInternship/index?corpId=263362&optNo=PIAsW
大阪ガス都市開発(株),saiyou_ux@ogud.co.jp,06-4707-6301,,全額 2件,100.0%,0.0%,0.0%,2,83038,2026-09-22T10:55:17+09:00,https://job.mynavi.jp/28/pc/corpinfo/displayInternship/index?corpId=83038&optNo=5ZDB0
大阪熱処理(株),saiyo@onk-phnx.co.jp,0798-66-1255,https://www.onk-phnx.co.jp/,その他 2件,0.0%,0.0%,100.0%,2,205662,2026-09-22T10:55:17+09:00,https://job.mynavi.jp/28/pc/corpinfo/displayInternship/index?corpId=205662&optNo=JGjQv
大阪製鐵(株)＜OSAKA STEEL LTD.＞【東証スタンダード上場】【日本製鉄グループ】,ko_nakamura@osaka-seitetu.co.jp,06-6204-0161,https://www.osaka-seitetu.co.jp/,"一部（30,000円） 1件",0.0%,100.0%,0.0%,1,100201,2026-09-22T10:55:17+09:00,https://job.mynavi.jp/28/pc/corpinfo/displayInternship/index?corpId=100201&optNo=J5w7h
太啓建設(株),saiyou@taikei-con.co.jp,0565-31-1271,https://www.taikei-con.co.jp/,その他 4件,0.0%,0.0%,100.0%,4,202911,2026-09-22T10:55:17+09:00,https://job.mynavi.jp/28/pc/corpinfo/displayInternship/index?corpId=202911&optNo=Dvi1d
太洋基礎工業(株)【東証スタンダード市場上場】,saiyo@taiyoukiso.co.jp,052-362-6351,https://taiyoukiso.co.jp/; https://www.instagram.com/taiyo_kisokogyo/,"一部（2,000円） 1件",0.0%,100.0%,0.0%,1,200408,2026-09-22T10:55:17+09:00,https://job.mynavi.jp/28/pc/corpinfo/displayInternship/index?corpId=200408&optNo=0WAN2
太谷(株),katsuki@oya-grp.jp; takii@oya-grp.jp; y.imamura@oya-grp.jp,076-267-8844; 0776-26-2244,https://www.oya-grp.jp/,"一部（1,000円） 2件",0.0%,100.0%,0.0%,2,224414,2026-09-22T10:55:17+09:00,https://job.mynavi.jp/28/pc/corpinfo/displayInternship/index?corpId=224414&optNo=1g0aD
太陽サカコー(株)【日本製鉄グループ】,n_manabe@taiyo-sakako.co.jp,0877-46-0731,https://www.taiyo-sakako.co.jp/,その他 1件,0.0%,0.0%,100.0%,1,281920,2026-09-22T10:55:17+09:00,https://job.mynavi.jp/28/pc/corpinfo/displayInternship/index?corpId=281920&optNo=GJCYy
太陽社電気(株),taiyo-recruitment@taiyoshadenki.co.jp,0572-23-4325; 0572-23-8111,https://www.taiyoshadenki.co.jp/ja/; https://youtu.be/KFIsLhyyMao?si=3sid108RK_sbUlw5,"一部（10,000円） 2件",0.0%,100.0%,0.0%,2,206200,2026-09-22T10:55:17+09:00,https://job.mynavi.jp/28/pc/corpinfo/displayInternship/index?corpId=206200&optNo=lXJmX
宇佐美工業(株),soumu@usamikk.co.jp,,https://www.usamikk.co.jp/,全額 1件,100.0%,0.0%,0.0%,1,261055,2026-09-22T10:55:17+09:00,https://job.mynavi.jp/28/pc/corpinfo/displayInternship/index?corpId=261055&optNo=sljot
宇部工業(株),soumu@ubekogyo.co.jp,0836-41-8448,http://ubekogyo.co.jp/index.html,全額 3件,100.0%,0.0%,0.0%,3,109953,2026-09-22T10:55:17+09:00,https://job.mynavi.jp/28/pc/corpinfo/displayInternship/index?corpId=109953&optNo=XXBCs
安田工業(株)【YASDA】,jinji@yasda.co.jp,,https://www.goodstory.jp/companies/yasda/; https://www.yasda.co.jp/; https://youtu.be/Bn9K-jpAQEM,"一部（30,000円） 1件",0.0%,100.0%,0.0%,1,97318,2026-09-22T10:55:17+09:00,https://job.mynavi.jp/28/pc/corpinfo/displayInternship/index?corpId=97318&optNo=hh7Zd
宝和工業(株),h.totsuka@houwa-gp.co.jp,,http://www.houwa-gp.co.jp/,その他 1件,0.0%,0.0%,100.0%,1,53172,2026-09-22T10:55:17+09:00,https://job.mynavi.jp/28/pc/corpinfo/displayInternship/index?corpId=53172&optNo=bwPx4
室町ケミカル(株),hyamada@muro-chem.co.jp,0944-68-2135,,その他 1件,0.0%,0.0%,100.0%,1,94211,2026-09-22T10:55:17+09:00,https://job.mynavi.jp/28/pc/corpinfo/displayInternship/index?corpId=94211&optNo=LJT0Y
宮坂ゴム(株),info-rm@miyasaka.co.jp,0266-73-7100,http://miyasaka.co.jp/,"一部（3,000円） 1件",0.0%,100.0%,0.0%,1,262388,2026-09-22T10:55:17+09:00,https://job.mynavi.jp/28/pc/corpinfo/displayInternship/index?corpId=262388&optNo=4hQq0
宮崎日機装(株),miyazaki-recruit@nikkiso.co.jp,0985-82-5600,https://www.miyazaki-nikkiso.co.jp/,その他 1件,0.0%,0.0%,100.0%,1,274406,2026-09-22T10:55:17+09:00,https://job.mynavi.jp/28/pc/corpinfo/displayInternship/index?corpId=274406&optNo=93GcD
宮崎県農協果汁(株),internship@kajyu.co.jp,,https://kajyu.co.jp/,その他 1件,0.0%,0.0%,100.0%,1,222079,2026-09-22T10:55:17+09:00,https://job.mynavi.jp/28/pc/corpinfo/displayInternship/index?corpId=222079&optNo=lSJNo
宮川興業(株),m-furumoto@miyagawa-kogyo.jp,082-879-6000,https://www.instagram.com/miyagawa.m2/?hl=ja; https://www.miyagawa-a2.co.jp/,"一部（3,000円） 3件",0.0%,100.0%,0.0%,3,238970,2026-09-22T10:55:17+09:00,https://job.mynavi.jp/28/pc/corpinfo/displayInternship/index?corpId=238970&optNo=lyYco
宮脇土建(株),aota@miyawakidoken.com,0154-41-5121,,その他 1件,0.0%,0.0%,100.0%,1,226393,2026-09-22T10:55:17+09:00,https://job.mynavi.jp/28/pc/corpinfo/displayInternship/index?corpId=226393&optNo=fkSEv
富士フイルム(株),ff-careersquare@fujifilm.com,,https://www.fujifilm.com/jp/ja,その他 1件,0.0%,0.0%,100.0%,1,96,2026-09-22T10:55:17+09:00,https://job.mynavi.jp/28/pc/corpinfo/displayInternship/index?corpId=96&optNo=nhnbf
富士フイルムマニュファクチャリング(株),dge-fbmfg-saiyo@fujifilm.com,,,その他 1件,0.0%,0.0%,100.0%,1,100265,2026-09-22T10:55:17+09:00,https://job.mynavi.jp/28/pc/corpinfo/displayInternship/index?corpId=100265&optNo=WOIbq
富士化工(株)【JFEグループ】,soumu@fujikako.co.jp,0545-61-1370; 0545-61-6862,https://www.fujikako.co.jp/; https://www.fujikako.co.jp/recruit/,その他 1件,0.0%,0.0%,100.0%,1,209580,2026-09-22T10:55:17+09:00,https://job.mynavi.jp/28/pc/corpinfo/displayInternship/index?corpId=209580&optNo=EW8Xl
富士変速機(株)【タチカワブラインドグループ】,jinji@fujihensokuki.co.jp,058-271-6521,https://www.fujihensokuki.co.jp/,"一部（1,000円） 1件",0.0%,100.0%,0.0%,1,224304,2026-09-22T10:55:17+09:00,https://job.mynavi.jp/28/pc/corpinfo/displayInternship/index?corpId=224304&optNo=I2Smo
富士宮通運(株)【鈴与グループ】,miyatsu-recruit@fujinomiya-tsuun.co.jp,0544-26-2111,,その他 1件,0.0%,0.0%,100.0%,1,236957,2026-09-22T10:55:17+09:00,https://job.mynavi.jp/28/pc/corpinfo/displayInternship/index?corpId=236957&optNo=wIFJ4
富士建設(株),soumu@fujikensetsu.jp,0875-83-2588,https://casual-interview.brainverse-ai.com/fujiconstruction; https://www.fujikensetsu.jp/,"一部（50,000円） 1件",0.0%,100.0%,0.0%,1,101877,2026-09-22T10:55:17+09:00,https://job.mynavi.jp/28/pc/corpinfo/displayInternship/index?corpId=101877&optNo=jVWD4
富士貿易(株),recruit@fujitrading.co.jp,045-622-2686; 078-413-2641,https://www.fujitrading.co.jp/; https://www.fujitrading.co.jp/recruit/,その他 1件,0.0%,0.0%,100.0%,1,9995,2026-09-22T10:55:17+09:00,https://job.mynavi.jp/28/pc/corpinfo/displayInternship/index?corpId=9995&optNo=P2eB-
富士通グループ [グループ募集],fhrc-fdns-recruiting@cs.jp.fujitsu.com,,https://fujitsu.recruiting.jp.fujitsu.com/event/fdns25/,全額 1件,100.0%,0.0%,0.0%,1,69036,2026-09-22T10:55:17+09:00,https://job.mynavi.jp/28/pc/corpinfo/displayInternship/index?corpId=69036&optNo=Rp3bs
富美菊酒造(株),info@fumigiku.co.jp; osida@fumigiku.co.jp,,https://fumigiku.co.jp/,その他 3件,0.0%,0.0%,100.0%,3,211198,2026-09-22T10:55:17+09:00,https://job.mynavi.jp/28/pc/corpinfo/displayInternship/index?corpId=211198&optNo=7ZoNX
寺本エンジニアリング(株)【旧：(株)寺本鉄工】,k-teramoto@teramoto-c.com,0776-38-5118; 090-7088-0628,https://teramoto-c.com/recruit/; https://www.teramoto-c.com,全額 3件,100.0%,0.0%,0.0%,3,285546,2026-09-22T10:55:17+09:00,https://job.mynavi.jp/28/pc/corpinfo/displayInternship/index?corpId=285546&optNo=ms4Pm
小倉印刷(株),k.ogura@ogura-printing.co.jp; keiji@ogura-printing.co.jp,,https://corp.ogura-printing.co.jp/,"一部（3,000円） 2件",0.0%,100.0%,0.0%,2,213657,2026-09-22T10:55:17+09:00,https://job.mynavi.jp/28/pc/corpinfo/displayInternship/index?corpId=213657&optNo=RRUNo
小原建設(株),saiyou@obara-group.com,0564-51-2621,,"一部（1,000円） 1件",0.0%,100.0%,0.0%,1,60500,2026-09-22T10:55:17+09:00,https://job.mynavi.jp/28/pc/corpinfo/displayInternship/index?corpId=60500&optNo=ZGA4H
小島プレス工業(株),kpsaiyou@kojima-tns.com,0565-34-6426,https://www.kojima-tns.co.jp/,"一部（20,000円） 1件",0.0%,100.0%,0.0%,1,63674,2026-09-22T10:55:17+09:00,https://job.mynavi.jp/28/pc/corpinfo/displayInternship/index?corpId=63674&optNo=chYgU
小柳建設(株),recruit@n-oyanagi.com,0256-52-0008,https://n-oyanagi.com/; https://www.instagram.com/oyanagi_construction_inc/; https://www.youtube.com/@OyanagiOfficial,その他 1件,0.0%,0.0%,100.0%,1,87256,2026-09-22T10:55:17+09:00,https://job.mynavi.jp/28/pc/corpinfo/displayInternship/index?corpId=87256&optNo=U9wi4
小泉グループ [グループ募集],recruit@koizumig.co.jp,03-3393-2520,http://www.koizumig.co.jp/,その他 2件,0.0%,0.0%,100.0%,2,52312,2026-09-22T10:55:17+09:00,https://job.mynavi.jp/28/pc/corpinfo/displayInternship/index?corpId=52312&optNo=02ADl
小牧建設(株),recruit@komaki.co.jp,099-812-6055,https://www.instagram.com/komaki.official_/; https://www.komaki.co.jp; https://www.youtube.com/watch?v=xhQDn9R3u-I&t=3s,その他 1件,0.0%,0.0%,100.0%,1,111735,2026-09-22T10:55:17+09:00,https://job.mynavi.jp/28/pc/corpinfo/displayInternship/index?corpId=111735&optNo=pkeRo
小西化学工業(株),a.yamamoto@konishi-chem.co.jp,073-425-0331,https://konishi-chem.co.jp/; https://youtu.be/gD2V4S3f-TA?si=7Rm49Z08n79gHsvO; https://youtu.be/o-ORpuVwT7w?si=XVbdMr7V2KTj-BDz,"一部（20,000円） 1件",0.0%,100.0%,0.0%,1,206323,2026-09-22T10:55:17+09:00,https://job.mynavi.jp/28/pc/corpinfo/displayInternship/index?corpId=206323&optNo=Gv3vv
小野建設(株),spotlight@ono-ken.co.jp,,https://www.instagram.com/onoken1920/; https://www.ono-ken.co.jp/,その他 1件,0.0%,0.0%,100.0%,1,102849,2026-09-22T10:55:17+09:00,https://job.mynavi.jp/28/pc/corpinfo/displayInternship/index?corpId=102849&optNo=nLPHm
尾道造船(株),jinji@onozo.co.jp,0848-20-2956,https://onozo.co.jp/ja/,全額 2件 / その他 1件,66.7%,0.0%,33.3%,3,51214,2026-09-22T10:55:17+09:00,https://job.mynavi.jp/28/pc/corpinfo/displayInternship/index?corpId=51214&optNo=AQLnd
山京インテック(株),recruit@sankyo-it.co.jp,0265-28-5000,https://www.sankyo-it.co.jp/,"一部（5,000円） 4件",0.0%,100.0%,0.0%,4,86451,2026-09-22T10:55:17+09:00,https://job.mynavi.jp/28/pc/corpinfo/displayInternship/index?corpId=86451&optNo=-5pjO
山口ダイハツ販売(株),saiyou@ymgc.daihatsu-dlr.co.jp,083-267-5635,http://yamaguchi.dd.daihatsu.co.jp/; https://www.instagram.com/yamaguchi_daihatsu/,その他 1件,0.0%,0.0%,100.0%,1,86234,2026-09-22T10:55:17+09:00,https://job.mynavi.jp/28/pc/corpinfo/displayInternship/index?corpId=86234&optNo=XN0qa
山口日野自動車(株),j-takeuchi@yamaguchi-hino.co.jp,083-929-3937,https://www.yamaguchi-hino.co.jp/,その他 3件,0.0%,0.0%,100.0%,3,266583,2026-09-22T10:55:17+09:00,https://job.mynavi.jp/28/pc/corpinfo/displayInternship/index?corpId=266583&optNo=6k01Q
山岸建設(株),miyamoto@yamagisikensetu.co.jp,0266-23-3100,,その他 1件,0.0%,0.0%,100.0%,1,207802,2026-09-22T10:55:17+09:00,https://job.mynavi.jp/28/pc/corpinfo/displayInternship/index?corpId=207802&optNo=O9tXY
山形トヨペット(株),takeshi.kanemichi@yamagata-toyopet.co.jp,023-634-7501; 080-5730-5813,https://yamagata-toyopet.jp/,"一部（5,000円） 1件",0.0%,100.0%,0.0%,1,82327,2026-09-22T10:55:17+09:00,https://job.mynavi.jp/28/pc/corpinfo/displayInternship/index?corpId=82327&optNo=t0sbz
山本電気(株),MAIL.ydk-saiyo@ydk.jp; ydk-saiyo@ydk.jp,0248-73-3182,,その他 1件,0.0%,0.0%,100.0%,1,85807,2026-09-22T10:55:17+09:00,https://job.mynavi.jp/28/pc/corpinfo/displayInternship/index?corpId=85807&optNo=osvjd
山梨スズキ販売(株),soumu@yamanashi-s.sdr.suzuki,055-224-2121,,"一部（10,000円） 1件",0.0%,100.0%,0.0%,1,101994,2026-09-22T10:55:17+09:00,https://job.mynavi.jp/28/pc/corpinfo/displayInternship/index?corpId=101994&optNo=W3701
山田水産(株),info@yamadasuisan.com,,https://yamadasuisan.com/,その他 3件,0.0%,0.0%,100.0%,3,211700,2026-09-22T10:55:17+09:00,https://job.mynavi.jp/28/pc/corpinfo/displayInternship/index?corpId=211700&optNo=6PWEW
岐山化工機(株),uchida@kisan-ltd.co.jp,0834-34-2385,,その他 2件,0.0%,0.0%,100.0%,2,217681,2026-09-22T10:55:17+09:00,https://job.mynavi.jp/28/pc/corpinfo/displayInternship/index?corpId=217681&optNo=7LRay
岐阜日産自動車(株),m_katou@gifu-nissan.co.jp; takahiro_sumai@gifu-nissan.co.jp,058-245-1313; 058-249-5097; 080-3695-8487,https://www.instagram.com/gifu.nissan/,その他 2件,0.0%,0.0%,100.0%,2,50459,2026-09-22T10:55:17+09:00,https://job.mynavi.jp/28/pc/corpinfo/displayInternship/index?corpId=50459&optNo=MJZnm
岐阜車体工業(株)【トヨタ車体グループ】,ryamakawa@gifubody.co.jp,058-379-0102,https://www.gifubody.co.jp/; https://www.instagram.com/gifubody/?next=%2F; https://www.youtube.com/@gifu_body,全額 1件,100.0%,0.0%,0.0%,1,89578,2026-09-22T10:55:17+09:00,https://job.mynavi.jp/28/pc/corpinfo/displayInternship/index?corpId=89578&optNo=5qHdy
岡山イーグル(株),shigehiro.ota@ekkeagle.com,0866-57-3150,https://www.ekkeagle.com/jp/oek/,"一部（5,000円） 3件",0.0%,100.0%,0.0%,3,259674,2026-09-22T10:55:17+09:00,https://job.mynavi.jp/28/pc/corpinfo/displayInternship/index?corpId=259674&optNo=B9gMt
岩田地崎建設(株),recruit@iwatachizaki.jp,011-221-0013,https://www.instagram.com/iwatachizaki/; https://www.iwatachizaki.jp/; https://www.youtube.com/channel/UClSW5XuudmgNMIrDAz3okIw/videos,その他 1件,0.0%,0.0%,100.0%,1,222935,2026-09-22T10:55:17+09:00,https://job.mynavi.jp/28/pc/corpinfo/displayInternship/index?corpId=222935&optNo=2pKbz
岩田産業(株),soumu10@iwatasangyo.co.jp; soumu8@iwatasangyo.co.jp,092-513-8807,https://iwatasangyo.co.jp/,"一部（2,000円） 1件",0.0%,100.0%,0.0%,1,70975,2026-09-22T10:55:17+09:00,https://job.mynavi.jp/28/pc/corpinfo/displayInternship/index?corpId=70975&optNo=XKIXW
岩谷瓦斯(株)【イワタニグループ】,hp-otoiawase@iig.iwatani.co.jp,,https://www.iwatanigas.co.jp/index.html,その他 1件,0.0%,0.0%,100.0%,1,207047,2026-09-22T10:55:17+09:00,https://job.mynavi.jp/28/pc/corpinfo/displayInternship/index?corpId=207047&optNo=5AKH6
岩部建設(株),iis@iwabe.co.jp; m-ono@iwabe.co.jp,0569-72-1151,https://chitajob.jp/company-data/cj0039-%e5%b2%a9%e9%83%a8%e5%bb%ba%e8%a8%ad%e6%a0%aa%e5%bc%8f%e4%bc%9a%e7%a4%be/; https://www.iwabe.co.jp,全額 1件,100.0%,0.0%,0.0%,1,241938,2026-09-22T10:55:17+09:00,https://job.mynavi.jp/28/pc/corpinfo/displayInternship/index?corpId=241938&optNo=DBuOz
岸和田製鋼グループ [グループ募集],kshibayama@kishi-seiko.co.jp,072-438-0015,https://kishi-seiko.jp/,"一部（3,000円） 1件 / その他 1件",0.0%,50.0%,50.0%,2,92741,2026-09-22T10:55:17+09:00,https://job.mynavi.jp/28/pc/corpinfo/displayInternship/index?corpId=92741&optNo=HFct4
島根トヨタグループ【島根トヨタ自動車(株)、トヨタカローラ島根(株)、ネッツトヨタ島根(株)、トヨタカローラ鳥取(株)、島根トヨタグループ(株)】 [グループ募集],mura@c-smn.co.jp; naka@t-smn.co.jp,0852-78-1000,https://www.instagram.com/shimanetoyotagroupsince1936/; https://www.shimane-toyota.gr.jp/,"一部（90,000円） 2件",0.0%,100.0%,0.0%,2,243771,2026-09-22T10:55:17+09:00,https://job.mynavi.jp/28/pc/corpinfo/displayInternship/index?corpId=243771&optNo=48IUY
島根水道(株),s-hasegawa@shimanesuidoh.co.jp,0852-66-0041,,その他 2件,0.0%,0.0%,100.0%,2,290829,2026-09-22T10:55:17+09:00,https://job.mynavi.jp/28/pc/corpinfo/displayInternship/index?corpId=290829&optNo=FeWrV
川之江造機(株),tak.yamamoto@kawanoe.co.jp,,https://www.kawanoe.co.jp/; https://www.youtube.com/watch?v=G60JYT_lAso,"一部（40,000円） 1件",0.0%,100.0%,0.0%,1,86388,2026-09-22T10:55:17+09:00,https://job.mynavi.jp/28/pc/corpinfo/displayInternship/index?corpId=86388&optNo=QusSO
川北電気工業(株),jinzai@kawakita.co.jp,052-251-7111,https://www.kawakita.co.jp/,その他 1件,0.0%,0.0%,100.0%,1,54605,2026-09-22T10:55:17+09:00,https://job.mynavi.jp/28/pc/corpinfo/displayInternship/index?corpId=54605&optNo=DzfeX
川崎設備工業(株)【名証メイン市場上場】,saiyo@kawasaki-sk.co.jp,,http://www.kawasaki-sk.co.jp/,"一部（2,000円） 1件",0.0%,100.0%,0.0%,1,83754,2026-09-22T10:55:17+09:00,https://job.mynavi.jp/28/pc/corpinfo/displayInternship/index?corpId=83754&optNo=TRU8q
帝人フロンティア(株),Jinji-Saiyo@teijin-frontier.com,06-6233-2444,https://www2.teijin-frontier.com/,"一部（1,000円） 1件",0.0%,100.0%,0.0%,1,80455,2026-09-22T10:55:17+09:00,https://job.mynavi.jp/28/pc/corpinfo/displayInternship/index?corpId=80455&optNo=Vqu7W
常石由良ドック(株),ai.shiizaki@tsuneishi.com,0738-65-1111,https://www.tsuneishi.co.jp/yura/company/about/,その他 1件,0.0%,0.0%,100.0%,1,272189,2026-09-22T10:55:17+09:00,https://job.mynavi.jp/28/pc/corpinfo/displayInternship/index?corpId=272189&optNo=5bi2V
常磐開発(株),saiyou@jobankaihatsu.co.jp,0246-72-1111,https://www.jobankaihatsu.co.jp/,その他 1件,0.0%,0.0%,100.0%,1,204784,2026-09-22T10:55:17+09:00,https://job.mynavi.jp/28/pc/corpinfo/displayInternship/index?corpId=204784&optNo=9UAHf
平井工業(株),sawai@hi-hirai.co.jp,054-209-2507,https://hi-hirai.co.jp,その他 3件,0.0%,0.0%,100.0%,3,201991,2026-09-22T10:55:17+09:00,https://job.mynavi.jp/28/pc/corpinfo/displayInternship/index?corpId=201991&optNo=9QL8B
平倉建設(株),kato296@hirakura.jp,097-534-4480,https://www.hirakura.jp/,"一部（2,000円） 1件",0.0%,100.0%,0.0%,1,211152,2026-09-22T10:55:17+09:00,https://job.mynavi.jp/28/pc/corpinfo/displayInternship/index?corpId=211152&optNo=qTw47
平和酒造(株),saiyou@heiwashuzou.co.jp,073-487-0189,https://twitter.com/heiwashuzou; https://www.youtube.com/channel/UCyqIP4XdgKYcaL3WIJBbLjQ,その他 1件,0.0%,0.0%,100.0%,1,8247,2026-09-22T10:55:17+09:00,https://job.mynavi.jp/28/pc/corpinfo/displayInternship/index?corpId=8247&optNo=eoRKo
広島アルミニウム工業(株),fujikawak@hai.co.jp; recruit@hai.co.jp,082-233-1111,https://www.hai.co.jp/,その他 2件,0.0%,0.0%,100.0%,2,2427,2026-09-22T10:55:17+09:00,https://job.mynavi.jp/28/pc/corpinfo/displayInternship/index?corpId=2427&optNo=hsRWY
広成建設(株)（JR西日本グループ）,saiyo@koseikensetsu.co.jp,082-530-6842,https://www.koseikensetsu.co.jp/,"一部（50,000円） 3件",0.0%,100.0%,0.0%,3,71405,2026-09-22T10:55:17+09:00,https://job.mynavi.jp/28/pc/corpinfo/displayInternship/index?corpId=71405&optNo=ffEIQ
弘前航空電子(株)【JAEグループ】,kudouky@hae.jae.co.jp,,https://www.jae.com/hirosaki/,その他 2件,0.0%,0.0%,100.0%,2,50784,2026-09-22T10:55:17+09:00,https://job.mynavi.jp/28/pc/corpinfo/displayInternship/index?corpId=50784&optNo=a8oDW
後藤設備工業(株),gsk@csgsk.co.jp,087-881-3116,https://www.csgsk.co.jp/,"一部（20,000円） 1件",0.0%,100.0%,0.0%,1,256036,2026-09-22T10:55:17+09:00,https://job.mynavi.jp/28/pc/corpinfo/displayInternship/index?corpId=256036&optNo=LXrvd
御幸建設グループ【御幸建設(株)/(株)ミユキ商事/(株)ミユキサブリース】 [グループ募集],m-asada@miyuki-kensetu.co.jp,0564-26-0080; 0564-26-1234,https://www.miyuki-kensetu.co.jp/,"一部（1,000円） 3件",0.0%,100.0%,0.0%,3,221336,2026-09-22T10:55:17+09:00,https://job.mynavi.jp/28/pc/corpinfo/displayInternship/index?corpId=221336&optNo=6m7cU
徳倉建設(株)【名証メイン上場】,jinji@info.tokura.co.jp,052-211-8735,https://www.tokura.co.jp/,その他 1件,0.0%,0.0%,100.0%,1,58052,2026-09-22T10:55:17+09:00,https://job.mynavi.jp/28/pc/corpinfo/displayInternship/index?corpId=58052&optNo=USDud
志戸平温泉(株)【ホテル志戸平/游泉志だて】,y-sasaki@shidotaira.co.jp,0198-25-2111,https://www.instagram.com/shidotaira/; https://www.shidotaira.co.jp/,その他 1件,0.0%,0.0%,100.0%,1,91593,2026-09-22T10:55:17+09:00,https://job.mynavi.jp/28/pc/corpinfo/displayInternship/index?corpId=91593&optNo=RzRSX
恵和(株)【東証プライム市場上場】,emi_kinoshita@keiwa.co.jp,,https://www.keiwa.co.jp/,全額 1件,100.0%,0.0%,0.0%,1,67877,2026-09-22T10:55:17+09:00,https://job.mynavi.jp/28/pc/corpinfo/displayInternship/index?corpId=67877&optNo=F0B02
愛媛ダイハツ販売(株),kyuujin@ehime.daihatsu-dlr.co.jp,089-945-2111,https://ehime.dd.daihatsu.co.jp/,その他 1件,0.0%,0.0%,100.0%,1,203885,2026-09-22T10:55:17+09:00,https://job.mynavi.jp/28/pc/corpinfo/displayInternship/index?corpId=203885&optNo=2vVBI
戎屋化学工業(株),g-affairs@ebisuyaco.com,072-994-7131,http://www.ebisuyaco.com/; https://www.ebisuyaco.com/,"一部（1,000円） 1件",0.0%,100.0%,0.0%,1,213383,2026-09-22T10:55:17+09:00,https://job.mynavi.jp/28/pc/corpinfo/displayInternship/index?corpId=213383&optNo=lDyKs
扇精光ソリューションズ(株),miho.s@ougis.co.jp,095-839-2111,https://www.ougis.co.jp/solutions,"一部（10,000円） 1件",0.0%,100.0%,0.0%,1,112333,2026-09-22T10:55:17+09:00,https://job.mynavi.jp/28/pc/corpinfo/displayInternship/index?corpId=112333&optNo=6tfA4
扶桑薬品工業(株)【東証プライム上場】,k-matsuki@fuso-pharm.co.jp,06-6969-1131,https://www.fuso-pharm.co.jp/,全額 1件,100.0%,0.0%,0.0%,1,58084,2026-09-22T10:55:17+09:00,https://job.mynavi.jp/28/pc/corpinfo/displayInternship/index?corpId=58084&optNo=5BoSD
揖斐川工業(株),y.aoki@ibiko.co.jp,0584-81-6171,https://www.ibiko.co.jp/,"一部（20,000円） 1件",0.0%,100.0%,0.0%,1,11251,2026-09-22T10:55:17+09:00,https://job.mynavi.jp/28/pc/corpinfo/displayInternship/index?corpId=11251&optNo=9ctRY
斎久工業(株),saiyo@saikyu.co.jp,0120-41-3192,https://www.saikyu.co.jp/,"一部（5,000円） 1件",0.0%,100.0%,0.0%,1,80720,2026-09-22T10:55:17+09:00,https://job.mynavi.jp/28/pc/corpinfo/displayInternship/index?corpId=80720&optNo=j-fS-
新コスモス電機(株)【東証スタンダード市場上場】,shinsotsu@new-cosmos.co.jp,06-6303-1295; 06-6309-1501,https://www.new-cosmos.co.jp/; https://www.new-cosmos.co.jp/recruit/,"一部（2,000円） 1件",0.0%,100.0%,0.0%,1,271218,2026-09-22T10:55:17+09:00,https://job.mynavi.jp/28/pc/corpinfo/displayInternship/index?corpId=271218&optNo=YgaEH
新井工業(株),saitou@taforging.co.jp,0255-75-2325,https://toa-arai.com/,その他 3件,0.0%,0.0%,100.0%,3,276529,2026-09-22T10:55:17+09:00,https://job.mynavi.jp/28/pc/corpinfo/displayInternship/index?corpId=276529&optNo=2W3BH
新光産業(株),saiyou@ube-shinko.co.jp,,https://www.ube-shinko.co.jp/,その他 2件,0.0%,0.0%,100.0%,2,222380,2026-09-22T10:55:17+09:00,https://job.mynavi.jp/28/pc/corpinfo/displayInternship/index?corpId=222380&optNo=7hK9n
新太平洋建設(株),yoshikawa@shintaiheiyoh.co.jp,,https://shintaiheiyoh.com/,その他 1件,0.0%,0.0%,100.0%,1,110368,2026-09-22T10:55:17+09:00,https://job.mynavi.jp/28/pc/corpinfo/displayInternship/index?corpId=110368&optNo=FF-SO
新川電機(株),recruit@shinkawa.co.jp,,https://www.shinkawa.co.jp/; https://www.shinkawa.co.jp/recruit_mov,その他 1件,0.0%,0.0%,100.0%,1,58358,2026-09-22T10:55:17+09:00,https://job.mynavi.jp/28/pc/corpinfo/displayInternship/index?corpId=58358&optNo=fwXnH
新日本電工(株)【東証プライム市場上場】,saiyo@nippondenko.co.jp,03-6860-7459,https://nippondenko.co.jp/,全額 1件,100.0%,0.0%,0.0%,1,2649,2026-09-22T10:55:17+09:00,https://job.mynavi.jp/28/pc/corpinfo/displayInternship/index?corpId=2649&optNo=oFVqU
新東工業(株)【東証プライム市場上場】,saiyou@sinto.co.jp,,https://www.sinto.co.jp/,その他 2件,0.0%,0.0%,100.0%,2,2058,2026-09-22T10:55:17+09:00,https://job.mynavi.jp/28/pc/corpinfo/displayInternship/index?corpId=2058&optNo=20yw6
新栄プラント(株),recruit@shin-ei-plant.co.jp; shin-ei-plant+27@recruit-mg.com,011-642-1749,http://www.shin-ei-plant.co.jp/,"一部（2,000円） 1件",0.0%,100.0%,0.0%,1,221981,2026-09-22T10:55:17+09:00,https://job.mynavi.jp/28/pc/corpinfo/displayInternship/index?corpId=221981&optNo=gNWia
新潟精機(株),uchiyama.ysk@niigataseiki.co.jp,0256-33-5512,https://www.niigataseiki.co.jp/,"一部（3,000円） 1件",0.0%,100.0%,0.0%,1,222093,2026-09-22T10:55:17+09:00,https://job.mynavi.jp/28/pc/corpinfo/displayInternship/index?corpId=222093&optNo=obfuz
新関西製鐵(株),baba.hirotoshi@shinkansai-steel.com,072-238-5562,https://www.shinkansai-steel.co.jp/,その他 1件,0.0%,0.0%,100.0%,1,234436,2026-09-22T10:55:17+09:00,https://job.mynavi.jp/28/pc/corpinfo/displayInternship/index?corpId=234436&optNo=OrFt4
日新スズキ販売(株),okagaki.ryoga@nissin-suzuki.co.jp,,,"一部（2,000円） 1件",0.0%,100.0%,0.0%,1,61026,2026-09-22T10:55:17+09:00,https://job.mynavi.jp/28/pc/corpinfo/displayInternship/index?corpId=61026&optNo=JILK3
日新火災海上保険(株),nisshin-saiyo@mail-recruit.jp,,,その他 1件,0.0%,0.0%,100.0%,1,235716,2026-09-22T10:55:17+09:00,https://job.mynavi.jp/28/pc/corpinfo/displayInternship/index?corpId=235716&optNo=0-TIH
日新電機(株)【住友電工グループ】,kyujis@ml.nissin.co.jp,075-864-9017,,"一部（5,000円） 2件",0.0%,100.0%,0.0%,2,545,2026-09-22T10:55:17+09:00,https://job.mynavi.jp/28/pc/corpinfo/displayInternship/index?corpId=545&optNo=Pee-m
日晶電機(株),y_miyoshi@nisshodenki.co.jp,0565-27-1072; 0565-28-0962,https://www.nisshodenki.co.jp/,"一部（5,000円） 2件",0.0%,100.0%,0.0%,2,223049,2026-09-22T10:55:17+09:00,https://job.mynavi.jp/28/pc/corpinfo/displayInternship/index?corpId=223049&optNo=b3L1p
日本エルダルト(株),shimura@nihon-erdart.co.jp,054-254-4571,https://nihon-erdart.co.jp/,その他 1件,0.0%,0.0%,100.0%,1,262762,2026-09-22T10:55:17+09:00,https://job.mynavi.jp/28/pc/corpinfo/displayInternship/index?corpId=262762&optNo=5B9-t
日本カーバイド工業(株)【東証プライム上場】,recruit@carbide.co.jp,03-5462-8216,,その他 2件,0.0%,0.0%,100.0%,2,206406,2026-09-22T10:55:17+09:00,https://job.mynavi.jp/28/pc/corpinfo/displayInternship/index?corpId=206406&optNo=-MW8q
日本ガスコムグループ [グループ募集],saiyou@n-gascom.co.jp,0532-33-3522,https://agri-gascom.com/; https://n-gascom.co.jp/; https://www.toyotetsu.jp/,その他 5件,0.0%,0.0%,100.0%,5,204038,2026-09-22T10:55:17+09:00,https://job.mynavi.jp/28/pc/corpinfo/displayInternship/index?corpId=204038&optNo=0tlH3
日本セラミック(株)【東証プライム市場上場】,entry_career@nicera.co.jp,0857-53-3600,,全額 1件,100.0%,0.0%,0.0%,1,211649,2026-09-22T10:55:17+09:00,https://job.mynavi.jp/28/pc/corpinfo/displayInternship/index?corpId=211649&optNo=QK8r-
日本トーター(株),recruit_honsya@totor.co.jp,,https://www.totor.co.jp/; https://www.totor.co.jp/business; https://www.totor.co.jp/sports,"一部（20,000円） 1件",0.0%,100.0%,0.0%,1,288043,2026-09-22T10:55:17+09:00,https://job.mynavi.jp/28/pc/corpinfo/displayInternship/index?corpId=288043&optNo=JmSIm
日本ニューホランド(株),jinji-info@nh-hft.co.jp,011-221-2130,https://www.aglinker.com/; https://www.farm-hft.co.jp/; https://www.nh-hft.co.jp/,その他 1件,0.0%,0.0%,100.0%,1,61967,2026-09-22T10:55:17+09:00,https://job.mynavi.jp/28/pc/corpinfo/displayInternship/index?corpId=61967&optNo=Zlshy
日本ファシリオ(株)(ALSOKグループ),saiyou@j-facilio.com,0120-992-650,https://www.j-facilio.com/,その他 1件,0.0%,0.0%,100.0%,1,81520,2026-09-22T10:55:17+09:00,https://job.mynavi.jp/28/pc/corpinfo/displayInternship/index?corpId=81520&optNo=8nAt0
日本フネン(株),soumu2@nihonfunen.co.jp,0883-25-4660,https://www.instagram.com/nihonfunen0131/; https://www.nihonfunen.co.jp/,その他 1件,0.0%,0.0%,100.0%,1,281143,2026-09-22T10:55:17+09:00,https://job.mynavi.jp/28/pc/corpinfo/displayInternship/index?corpId=281143&optNo=0mEdB
日本マイクロシステムズ(株),saiyo@jams.co.jp,06-6227-4002,https://www.jams.co.jp/,"一部（3,000円） 1件",0.0%,100.0%,0.0%,1,257007,2026-09-22T10:55:17+09:00,https://job.mynavi.jp/28/pc/corpinfo/displayInternship/index?corpId=257007&optNo=AbN1-
日本メディカルシステム(株)【薬剤師職】,newph@jmsys.co.jp,,https://www.jmsys.co.jp/,"一部（2,000円） 2件 / 一部（5,000円） 1件",0.0%,100.0%,0.0%,3,86533,2026-09-22T10:55:17+09:00,https://job.mynavi.jp/28/pc/corpinfo/displayInternship/index?corpId=86533&optNo=Vnulv
日本ユニパック(株),recruit@unipack.jp,011-781-2161; 011-783-5149,http://www.unipack.jp/,その他 2件,0.0%,0.0%,100.0%,2,63204,2026-09-22T10:55:17+09:00,https://job.mynavi.jp/28/pc/corpinfo/displayInternship/index?corpId=63204&optNo=2wHpB
日本小型船舶検査機構,jinjika@jci.go.jp,03-3239-0823; 03-3239-0829,https://jci.go.jp/index.html,その他 1件,0.0%,0.0%,100.0%,1,271105,2026-09-22T10:55:17+09:00,https://job.mynavi.jp/28/pc/corpinfo/displayInternship/index?corpId=271105&optNo=4OaH1
日本水処理工業(株),matsuokaa@mizu-shori.com,06-6363-5330,,"一部（1,000円） 1件",0.0%,100.0%,0.0%,1,92138,2026-09-22T10:55:17+09:00,https://job.mynavi.jp/28/pc/corpinfo/displayInternship/index?corpId=92138&optNo=f1Hyn
日本海信用金庫,s1711007@facetoface.ne.jp,0855-22-1851,https://nihonkaishinkin.co.jp/,"一部（90,000円） 2件",0.0%,100.0%,0.0%,2,230144,2026-09-22T10:55:17+09:00,https://job.mynavi.jp/28/pc/corpinfo/displayInternship/index?corpId=230144&optNo=D3NpB
日本耐酸壜工業(株),tsujii096004@taisanbin.co.jp,0584-91-6311; 080-3574-7175,https://taisanbin.co.jp/,その他 1件,0.0%,0.0%,100.0%,1,202002,2026-09-22T10:55:17+09:00,https://job.mynavi.jp/28/pc/corpinfo/displayInternship/index?corpId=202002&optNo=Uzm9o
日本製鉄グループ [グループ募集],recruit@log.nipponsteel.com,03-3241-6474,,その他 1件,0.0%,0.0%,100.0%,1,103558,2026-09-22T10:55:17+09:00,https://job.mynavi.jp/28/pc/corpinfo/displayInternship/index?corpId=103558&optNo=A9oRv
日本酸素(株)【日本酸素ホールディングスグループ】,career@tn-sanso.co.jp,,,その他 1件,0.0%,0.0%,100.0%,1,1084,2026-09-22T10:55:17+09:00,https://job.mynavi.jp/28/pc/corpinfo/displayInternship/index?corpId=1084&optNo=HR3Bv
日本鉄塔工業(株),jst-recruit@jsteam.jp,,https://www.jsteam.jp/jst_t/,その他 1件,0.0%,0.0%,100.0%,1,200172,2026-09-22T10:55:17+09:00,https://job.mynavi.jp/28/pc/corpinfo/displayInternship/index?corpId=200172&optNo=O7EGm
日本電気(株)(NEC),necsaiyo@dmsig.jp.nec.com,,https://jpn.nec.com/,その他 2件,0.0%,0.0%,100.0%,2,20,2026-09-22T10:55:17+09:00,https://job.mynavi.jp/28/pc/corpinfo/displayInternship/index?corpId=20&optNo=byeuI
日本電熱(株)【エア・ウォーターグループ】,y.kubota@nichinetu.co.jp,0263-87-8284,https://www.nichinetu.co.jp/,"一部（5,000円） 1件",0.0%,100.0%,0.0%,1,53754,2026-09-22T10:55:17+09:00,https://job.mynavi.jp/28/pc/corpinfo/displayInternship/index?corpId=53754&optNo=6OdIB
日本電通(株),jinji@ndknet.co.jp,06-6577-4111,https://www.ndknet.co.jp/,"一部（1,000円） 1件",0.0%,100.0%,0.0%,1,91855,2026-09-22T10:55:17+09:00,https://job.mynavi.jp/28/pc/corpinfo/displayInternship/index?corpId=91855&optNo=gRb2I
日本食品(株),jinji@nisshoku-co.co.jp,092-942-6100,https://nisshoku-co.co.jp/; https://youtu.be/6Ia9fVuCl_A; https://youtu.be/dWvB_yx-OsM,その他 1件,0.0%,0.0%,100.0%,1,219849,2026-09-22T10:55:17+09:00,https://job.mynavi.jp/28/pc/corpinfo/displayInternship/index?corpId=219849&optNo=zwZK3
日本黒鉛工業(株)【日本黒鉛グループ】,jinji@n-kokuen.com,077-537-2098,https://www.n-kokuen.com/,その他 2件,0.0%,0.0%,100.0%,2,275503,2026-09-22T10:55:17+09:00,https://job.mynavi.jp/28/pc/corpinfo/displayInternship/index?corpId=275503&optNo=pvnP0
日東電工(株)【Nitto】,recruitstaff@nitto.com,,,その他 1件,0.0%,0.0%,100.0%,1,87811,2026-09-22T10:55:17+09:00,https://job.mynavi.jp/28/pc/corpinfo/displayInternship/index?corpId=87811&optNo=wTOSH
日東電気(株)【中部電力グループ】,nobuyoshi-wada@nitto-denki.jp,052-692-8611,https://nitto-denki.jp/,"一部（3,000円） 1件",0.0%,100.0%,0.0%,1,257247,2026-09-22T10:55:17+09:00,https://job.mynavi.jp/28/pc/corpinfo/displayInternship/index?corpId=257247&optNo=OHlgh
日産部品山陰販売(株),t-kadowaki@nissan-buhin-sanin.co.jp,0852-52-5254,https://buhin.nissan.co.jp/SANIN/,その他 2件,0.0%,0.0%,100.0%,2,255411,2026-09-22T10:55:17+09:00,https://job.mynavi.jp/28/pc/corpinfo/displayInternship/index?corpId=255411&optNo=4G6sh
日発精密工業(株)（ニッパツグループ）,n_takeda@nis.nhkspg.co.jp,,https://www.nisseiko.co.jp/,その他 1件,0.0%,0.0%,100.0%,1,54091,2026-09-22T10:55:17+09:00,https://job.mynavi.jp/28/pc/corpinfo/displayInternship/index?corpId=54091&optNo=H202h
日立グローバルライフソリューションズ(株),recruit.newgrad.op@hitachi-gls.com,080-6038-5315,https://corp.hitachi-gls.co.jp/; https://kadenfan.hitachi.co.jp/lp/manazashi/,その他 2件,0.0%,0.0%,100.0%,2,2238,2026-09-22T10:55:17+09:00,https://job.mynavi.jp/28/pc/corpinfo/displayInternship/index?corpId=2238&optNo=fvgPB
日米電子(株),soumu@nbdenshi.co.jp,092-522-3163,https://www.nbdenshi.co.jp/,"一部（10,000円） 1件",0.0%,100.0%,0.0%,1,286871,2026-09-22T10:55:17+09:00,https://job.mynavi.jp/28/pc/corpinfo/displayInternship/index?corpId=286871&optNo=Q8E7z
日進化学(株),saiyo@nc-com.co.jp,06-6265-0073,https://www.nisshinkagaku.com/,"一部（2,000円） 1件",0.0%,100.0%,0.0%,1,94097,2026-09-22T10:55:17+09:00,https://job.mynavi.jp/28/pc/corpinfo/displayInternship/index?corpId=94097&optNo=kC8oy
日邦プレシジョン(株)【PNP】,ichigo.koike@pnp.co.jp,0551-22-8998,,"一部（1,000円） 2件",0.0%,100.0%,0.0%,2,216860,2026-09-22T10:55:17+09:00,https://job.mynavi.jp/28/pc/corpinfo/displayInternship/index?corpId=216860&optNo=CYRKt
日鉄ソリューションズ中部(株)【日鉄ソリューションズグループ】,nagoya-nschubu-saiyou@jp.nssol.nipponsteel.com,052-589-5441,https://www.nssol.nipponsteel.com/chubu/,"一部（3,000円） 1件",0.0%,100.0%,0.0%,1,92228,2026-09-22T10:55:17+09:00,https://job.mynavi.jp/28/pc/corpinfo/displayInternship/index?corpId=92228&optNo=o9Nxo
日鉄物流(株)【日本製鉄グループ】,recruit@log.nipponsteel.com,03-3241-6475; 03-3241-6942,,"一部（5,000円） 1件",0.0%,100.0%,0.0%,1,212081,2026-09-22T10:55:17+09:00,https://job.mynavi.jp/28/pc/corpinfo/displayInternship/index?corpId=212081&optNo=IMA32
日鉄環境エネルギーサービス(株),jinji.shinsotsu@nses.nipponsteel.com,093-588-7365,https://www.nses.nipponsteel.com/; https://www.nses.nipponsteel.com/new-graduates/,その他 1件,0.0%,0.0%,100.0%,1,91282,2026-09-22T10:55:17+09:00,https://job.mynavi.jp/28/pc/corpinfo/displayInternship/index?corpId=91282&optNo=k4Gs6
日鉄精圧品(株)【日本製鉄グループ】,saiyou@nspf.nipponsteel.com,,https://www.nspf.nipponsteel.com/,"一部（10,000円） 1件",0.0%,100.0%,0.0%,1,242043,2026-09-22T10:55:17+09:00,https://job.mynavi.jp/28/pc/corpinfo/displayInternship/index?corpId=242043&optNo=K-KYs
旭メタルズ(株),amc_human_resources@asahimetals.com,0533-86-3181,https://www.asahimetals.com/jp/,その他 1件,0.0%,0.0%,100.0%,1,286273,2026-09-22T10:55:17+09:00,https://job.mynavi.jp/28/pc/corpinfo/displayInternship/index?corpId=286273&optNo=dGtdV
旭光電機(株),yamamoto.keiji@kyokko.co.jp,,https://www.kyokko.co.jp/,その他 1件,0.0%,0.0%,100.0%,1,270122,2026-09-22T10:55:17+09:00,https://job.mynavi.jp/28/pc/corpinfo/displayInternship/index?corpId=270122&optNo=AP5AI
旭情報サービス(株)【東証スタンダード市場上場】,o-saiyo@aiskk.co.jp,0120-836-806; 06-6636-3272,https://www.aiskk.co.jp/,"一部（2,000円） 3件",0.0%,100.0%,0.0%,3,81503,2026-09-22T10:55:17+09:00,https://job.mynavi.jp/28/pc/corpinfo/displayInternship/index?corpId=81503&optNo=2rApt
明治グループ（(株)明治・Meiji Seika ファルマ(株)） [グループ募集],jinji@meiji.com,,https://www.meiji-seika-pharma.co.jp/; https://www.meiji-seika-pharma.co.jp/new-graduate/; https://www.meiji.com/new-graduate/,その他 1件,0.0%,0.0%,100.0%,1,243,2026-09-22T10:55:17+09:00,https://job.mynavi.jp/28/pc/corpinfo/displayInternship/index?corpId=243&optNo=dDDkn
明治コンサルタント(株),mc-saiyo@meicon.co.jp,03-4586-2507; 03-4586-2591,https://www.meicon.co.jp/,"一部（5,000円） 1件",0.0%,100.0%,0.0%,1,101094,2026-09-22T10:55:17+09:00,https://job.mynavi.jp/28/pc/corpinfo/displayInternship/index?corpId=101094&optNo=wiPv3
明立工業(株),info@meiritsu-kogyo.com,0237-48-1626,https://www.meiritsu-kogyo.com/,"一部（3,000円） 1件",0.0%,100.0%,0.0%,1,61300,2026-09-22T10:55:17+09:00,https://job.mynavi.jp/28/pc/corpinfo/displayInternship/index?corpId=61300&optNo=wKdit
時盛建設(株),f-tokimori@tokimori.co.jp; h-murakami@tokimori.co.jp,0833-71-1070,https://www.tokimori.co.jp/,全額 1件,100.0%,0.0%,0.0%,1,111914,2026-09-22T10:55:17+09:00,https://job.mynavi.jp/28/pc/corpinfo/displayInternship/index?corpId=111914&optNo=2Zk9V
服部エンジニア(株),recruit@hattori-eng.co.jp,054-204-2424; 054-204-2425,https://note.com/hattorieng/n/n99368ad995a8; https://www.hattori-eng.co.jp/; https://www.youtube.com/watch?v=5VGnfVHPZDE,"一部（5,000円） 1件",0.0%,100.0%,0.0%,1,102254,2026-09-22T10:55:17+09:00,https://job.mynavi.jp/28/pc/corpinfo/displayInternship/index?corpId=102254&optNo=819fp
朝日スチール工業(株),asahi-soumu3@asahi-fence.co.jp,087-833-5152; 087-835-8910,https://www.asahi-fence.co.jp/,全額 1件,100.0%,0.0%,0.0%,1,102771,2026-09-22T10:55:17+09:00,https://job.mynavi.jp/28/pc/corpinfo/displayInternship/index?corpId=102771&optNo=jJArD
朝日工業(株),y-kai@asahi-kogyo.co.jp,082-241-8681; 082-243-3076,http://www.asahi-kogyo.co.jp/; https://asahi-kogyo.co.jp,全額 1件,100.0%,0.0%,0.0%,1,87370,2026-09-22T10:55:17+09:00,https://job.mynavi.jp/28/pc/corpinfo/displayInternship/index?corpId=87370&optNo=IftRO
朝日工業(株),watanabe@asahi-cc.com,0564-51-3655,https://www.asahi-cc.com,"一部（1,000円） 2件",0.0%,100.0%,0.0%,2,233593,2026-09-22T10:55:17+09:00,https://job.mynavi.jp/28/pc/corpinfo/displayInternship/index?corpId=233593&optNo=8gBOz
朝日建設(株),saiyou@asahikensetsu.co.jp,076-441-3201,https://www.asahikensetsu.co.jp; https://www.asahikensetsu.co.jp/; https://www.instagram.com/asahikensetsu_toyama/,その他 3件,0.0%,0.0%,100.0%,3,110761,2026-09-22T10:55:17+09:00,https://job.mynavi.jp/28/pc/corpinfo/displayInternship/index?corpId=110761&optNo=i2RMy
朝日設計(株),kagawa_134@asahi-sekkei.co.jp,087-881-0505,https://www.asahi-sekkei.co.jp/; https://www.instagram.com/asahi_sekkei/; https://x.com/asahisekkei,"一部（10,000円） 2件",0.0%,100.0%,0.0%,2,258973,2026-09-22T10:55:17+09:00,https://job.mynavi.jp/28/pc/corpinfo/displayInternship/index?corpId=258973&optNo=9oTJq
本瓦造船(株),soumu@hongawara.co.jp,,https://hongawara.co.jp/,その他 1件,0.0%,0.0%,100.0%,1,243062,2026-09-22T10:55:17+09:00,https://job.mynavi.jp/28/pc/corpinfo/displayInternship/index?corpId=243062&optNo=lWDgz
本田農機工業(株),saiyo@honda-nouki.com,0126-45-2211,,その他 1件,0.0%,0.0%,100.0%,1,233743,2026-09-22T10:55:17+09:00,https://job.mynavi.jp/28/pc/corpinfo/displayInternship/index?corpId=233743&optNo=ImHKV
札幌みらい中央青果(株)【ホクレングループ】,hayashi-hideki@sapporomirai.jp,011-641-3161; 080-2867-9957,https://www.sapporomirai.jp/,"一部（1,000円） 2件 / その他 1件",0.0%,66.7%,33.3%,3,233977,2026-09-22T10:55:17+09:00,https://job.mynavi.jp/28/pc/corpinfo/displayInternship/index?corpId=233977&optNo=9lEn0
村昭繊維興業(株),omote@murasho.co.jp,0767-28-2421,http://www.murasho.co.jp; https://murasho.co.jp,"一部（2,000円） 1件",0.0%,100.0%,0.0%,1,206083,2026-09-22T10:55:17+09:00,https://job.mynavi.jp/28/pc/corpinfo/displayInternship/index?corpId=206083&optNo=1uxo0
村本道路(株),maedak@muramotoroad.cojp,0745-55-6671,https://www.muramotoroad.co.jp/,"一部（5,000円） 1件",0.0%,100.0%,0.0%,1,53218,2026-09-22T10:55:17+09:00,https://job.mynavi.jp/28/pc/corpinfo/displayInternship/index?corpId=53218&optNo=ZI9GO
東七(株)【メディパルグループ】,461630tasaki@mediceo-gp.com,0956-41-0777,https://www.toshichi.net/,その他 1件,0.0%,0.0%,100.0%,1,52904,2026-09-22T10:55:17+09:00,https://job.mynavi.jp/28/pc/corpinfo/displayInternship/index?corpId=52904&optNo=2BeSs
東京エレクトロンデバイス長崎(株),recruit@ngs.teldevice.co.jp,,https://www.ngs.teldevice.co.jp/,その他 1件,0.0%,0.0%,100.0%,1,207702,2026-09-22T10:55:17+09:00,https://job.mynavi.jp/28/pc/corpinfo/displayInternship/index?corpId=207702&optNo=Gbsc7
東京一番フーズグループ [グループ募集],saiyo@tokyo-ichiban-foods.co.jp,0120-09-1410,,"一部（40,000円） 1件",0.0%,100.0%,0.0%,1,80282,2026-09-22T10:55:17+09:00,https://job.mynavi.jp/28/pc/corpinfo/displayInternship/index?corpId=80282&optNo=8ydWn
東京窯業(株)(TYK CORPORATION)【東証スタンダード上場】,jinji@tyk.jp,,http://www.tyk.co.jp/,"一部（20,000円） 1件",0.0%,100.0%,0.0%,1,73978,2026-09-22T10:55:17+09:00,https://job.mynavi.jp/28/pc/corpinfo/displayInternship/index?corpId=73978&optNo=8trd7
東光電気工事(株),jinji@tokodenko.co.jp,03-3518-2315,http://www.tokodenko.co.jp; https://www.recruit.tokodenko.co.jp/fresh/; https://www.recruit.tokodenko.co.jp/fresh/internship/,"一部（20,000円） 3件",0.0%,100.0%,0.0%,3,1493,2026-09-22T10:55:17+09:00,https://job.mynavi.jp/28/pc/corpinfo/displayInternship/index?corpId=1493&optNo=-B0i4
東北七県配電工事(株),information1@tohaiko.co.jp,022-231-2411,https://www.tohaiko.co.jp; https://youtu.be/t8aqVcPnXDE,その他 1件,0.0%,0.0%,100.0%,1,241345,2026-09-22T10:55:17+09:00,https://job.mynavi.jp/28/pc/corpinfo/displayInternship/index?corpId=241345&optNo=Ik72U
東北日発(株)【ニッパツグループ】,t.kawakami@ame.nhkspg.co.jp,0197-73-5221,https://tnkspg.co.jp/,"一部（10,000円） 1件",0.0%,100.0%,0.0%,1,240495,2026-09-22T10:55:17+09:00,https://job.mynavi.jp/28/pc/corpinfo/displayInternship/index?corpId=240495&optNo=ibEyW
東北江南(株),syunsuke.kato@t-kounan.co.jp,0243-61-3491,,"一部（20,000円） 2件",0.0%,100.0%,0.0%,2,223659,2026-09-22T10:55:17+09:00,https://job.mynavi.jp/28/pc/corpinfo/displayInternship/index?corpId=223659&optNo=a9GMD
東北計器工業(株)【東北電力グループ】,tak-satou@keiko.co.jp,080-6848-4966,https://www.keiko.co.jp/,"一部（30,000円） 1件",0.0%,100.0%,0.0%,1,266684,2026-09-22T10:55:17+09:00,https://job.mynavi.jp/28/pc/corpinfo/displayInternship/index?corpId=266684&optNo=S5yKI
東北電化工業(株),jinji@tohoku-denka.co.jp,023-623-0611,https://www.tohoku-denka.co.jp/,その他 1件,0.0%,0.0%,100.0%,1,214484,2026-09-22T10:55:17+09:00,https://job.mynavi.jp/28/pc/corpinfo/displayInternship/index?corpId=214484&optNo=NoXnh
東双みらい製造(株)【東京電力グループ】,saiyo@ml.tmmfg.co.jp,090-3626-7529,https://www.tmmfg.co.jp/,その他 1件,0.0%,0.0%,100.0%,1,272456,2026-09-22T10:55:17+09:00,https://job.mynavi.jp/28/pc/corpinfo/displayInternship/index?corpId=272456&optNo=UfZTW
東和薬品(株),recruit-operation@towayakuhin.co.jp,06-7175-9322,https://www.towayakuhin.co.jp/; https://www.towayakuhin.co.jp/generic/efforts/innovation/,その他 1件,0.0%,0.0%,100.0%,1,62358,2026-09-22T10:55:17+09:00,https://job.mynavi.jp/28/pc/corpinfo/displayInternship/index?corpId=62358&optNo=IFaav
東洋シヤッター(株)【東証スタンダード市場上場】,soumu@toyo-shutter.co.jp,06-4705-2110,http://www.toyo-shutter.co.jp/,その他 1件,0.0%,0.0%,100.0%,1,50089,2026-09-22T10:55:17+09:00,https://job.mynavi.jp/28/pc/corpinfo/displayInternship/index?corpId=50089&optNo=TJYu4
東洋プラント(株),soumu@toyo-pnet.co.jp,084-945-2233,https://www.toyo-pnet.co.jp/,"一部（3,000円） 2件 / その他 1件",0.0%,66.7%,33.3%,3,231283,2026-09-22T10:55:17+09:00,https://job.mynavi.jp/28/pc/corpinfo/displayInternship/index?corpId=231283&optNo=XJIcI
東洋ワーク(株),k-kamiyama@toyowork.co.jp; toyo.recruit@toyowork.co.jp,022-226-8841; 052-339-3040,https://toyowork.co.jp/,全額 1件,100.0%,0.0%,0.0%,1,274244,2026-09-22T10:55:17+09:00,https://job.mynavi.jp/28/pc/corpinfo/displayInternship/index?corpId=274244&optNo=VbP1Y
東洋工業(株),soumu@toyo-kogyo.co.jp,087-862-5415,https://www.toyo-kogyo.co.jp/,その他 2件,0.0%,0.0%,100.0%,2,85508,2026-09-22T10:55:17+09:00,https://job.mynavi.jp/28/pc/corpinfo/displayInternship/index?corpId=85508&optNo=Lh4rU
東洋計器(株),recruit@toyo-keiki.co.jp,0263-48-1121; 0263-48-1129; 0263-48-1130,https://www.toyo-keiki.co.jp/,その他 1件,0.0%,0.0%,100.0%,1,67007,2026-09-22T10:55:17+09:00,https://job.mynavi.jp/28/pc/corpinfo/displayInternship/index?corpId=67007&optNo=PMdcX
東海インプル建設(株),saiyou@tokai-ic.co.jp,0566-74-6651,,"一部（2,000円） 2件",0.0%,100.0%,0.0%,2,256208,2026-09-22T10:55:17+09:00,https://job.mynavi.jp/28/pc/corpinfo/displayInternship/index?corpId=256208&optNo=YbgYO
東海オートメーション(株),m-shimizu@tokaiauto.co.jp,05020182177; 0565341521,https://www.tokaiauto.co.jp/,"一部（15,000円） 1件",0.0%,100.0%,0.0%,1,208803,2026-09-22T10:55:17+09:00,https://job.mynavi.jp/28/pc/corpinfo/displayInternship/index?corpId=208803&optNo=oZY6B
東海カッター興業(株),000420@tokai-cutter.jp,080-8562-8499,https://www.tokai-cutter.co.jp/,一部（500円） 1件,0.0%,100.0%,0.0%,1,223182,2026-09-22T10:55:17+09:00,https://job.mynavi.jp/28/pc/corpinfo/displayInternship/index?corpId=223182&optNo=S9lM2
東海ソフト(株)【東証スタンダード市場・名証プレミア市場上場】,recruit_newgraduate@tokai-soft.co.jp,,https://www.tokai-soft.co.jp/,"一部（3,000円） 2件",0.0%,100.0%,0.0%,2,52336,2026-09-22T10:55:17+09:00,https://job.mynavi.jp/28/pc/corpinfo/displayInternship/index?corpId=52336&optNo=L7Ip1
東海興業(株),saiyo@tokaikogyo.co.jp,0562-44-1501,https://tokaikogyo.co.jp,全額 1件,100.0%,0.0%,0.0%,1,79164,2026-09-22T10:55:17+09:00,https://job.mynavi.jp/28/pc/corpinfo/displayInternship/index?corpId=79164&optNo=u46Np
東芝産業機器システム(株),jin.fukuzaki.d64@mail.toshiba,044-520-0811,https://www.youtube.com/watch?v=cPWBnXYEL-o,その他 1件,0.0%,0.0%,100.0%,1,287571,2026-09-22T10:55:17+09:00,https://job.mynavi.jp/28/pc/corpinfo/displayInternship/index?corpId=287571&optNo=lqpjO
東邦ガスコミュニケーションズ(株)【東邦ガスグループ】,tcmjinji_saiyo@tohgas.co.jp,,https://www.tohogas-communications.jp/,"一部（1,000円） 1件",0.0%,100.0%,0.0%,1,283541,2026-09-22T10:55:17+09:00,https://job.mynavi.jp/28/pc/corpinfo/displayInternship/index?corpId=283541&optNo=KfQgX
東邦ガスライフソリューションズ(株)【東邦ガスグループ】,tgl-saiyo@tohogas.co.jp,,https://www.tohogas-lifesolutions.jp/,"一部（1,000円） 1件",0.0%,100.0%,0.0%,1,281243,2026-09-22T10:55:17+09:00,https://job.mynavi.jp/28/pc/corpinfo/displayInternship/index?corpId=281243&optNo=KB7pl
東邦液化ガス(株)【東邦ガスグループ】,kiriyama-kosuke@tohogas.co.jp; sugiura-mayuko@tohogas.co.jp,052-882-3754,http://www.tohoekika.jp/,"一部（5,000円） 2件",0.0%,100.0%,0.0%,2,96044,2026-09-22T10:55:17+09:00,https://job.mynavi.jp/28/pc/corpinfo/displayInternship/index?corpId=96044&optNo=IQs5D
東野建設工業(株),tanuma@higashino-const.co.jp,019-653-3388,https://www.higashino-const.co.jp/index.php,その他 1件,0.0%,0.0%,100.0%,1,204600,2026-09-22T10:55:17+09:00,https://job.mynavi.jp/28/pc/corpinfo/displayInternship/index?corpId=204600&optNo=XBW4V
松原建設(株),yasushi-takami@matsubara-group.co.jp,,https://matsubara-kensetsu.com/,"一部（6,000円） 1件",0.0%,100.0%,0.0%,1,111870,2026-09-22T10:55:17+09:00,https://job.mynavi.jp/28/pc/corpinfo/displayInternship/index?corpId=111870&optNo=mZFny
松尾建設(株),jinji@matsuo.gr.jp,0952-23-4211; 0952-25-4024,http://www.matsuo.gr.jp/,その他 1件,0.0%,0.0%,100.0%,1,79670,2026-09-22T10:55:17+09:00,https://job.mynavi.jp/28/pc/corpinfo/displayInternship/index?corpId=79670&optNo=AtxhU
松本建設(株),recruit@matuken.jp,0763-33-5185,https://www.instagram.com/matukentonami/; https://www.matsuken-web.com/,その他 2件,0.0%,0.0%,100.0%,2,110731,2026-09-22T10:55:17+09:00,https://job.mynavi.jp/28/pc/corpinfo/displayInternship/index?corpId=110731&optNo=oJ75X
松江山本金属(株)【山本金属グループ】,matsue-saiyou@yama-kin.co.jp,0852-27-1800,https://www.matsue-yamakin.co.jp/,"一部（20,000円） 1件",0.0%,100.0%,0.0%,1,230902,2026-09-22T10:55:17+09:00,https://job.mynavi.jp/28/pc/corpinfo/displayInternship/index?corpId=230902&optNo=-83D0
松阪興産(株),saiyou@matsusaka-kosan.co.jp,0598-51-0211,https://saiyou.matsusaka-kosan.co.jp/; https://www.matsusaka-kosan.co.jp/index.php,"一部（20,000円） 1件",0.0%,100.0%,0.0%,1,204822,2026-09-22T10:55:17+09:00,https://job.mynavi.jp/28/pc/corpinfo/displayInternship/index?corpId=204822&optNo=aFcQt
松鶴建設(株),recruit@shokaku-iso.com,,https://shokaku-iso.com/,その他 2件,0.0%,0.0%,100.0%,2,234519,2026-09-22T10:55:17+09:00,https://job.mynavi.jp/28/pc/corpinfo/displayInternship/index?corpId=234519&optNo=1Ep3U
林工グループ [グループ募集],jinji@rinkoh.co.jp,,https://ips-r.co.jp/; https://kyowaconsultant.co.jp/; https://www.rinkoh.co.jp/,"一部（35,000円） 1件",0.0%,100.0%,0.0%,1,293616,2026-09-22T10:55:17+09:00,https://job.mynavi.jp/28/pc/corpinfo/displayInternship/index?corpId=293616&optNo=xj7wQ
林建材(株),fukata@promarthayashi.co.jp,059-382-2680,,"一部（2,000円） 1件",0.0%,100.0%,0.0%,1,39867,2026-09-22T10:55:17+09:00,https://job.mynavi.jp/28/pc/corpinfo/displayInternship/index?corpId=39867&optNo=h4Rl4
林精器製造(株),entry@hayashiseiki.co.jp,0248-75-3151,https://www.hayashiseiki.co.jp/; https://www.hayashiseiki.co.jp/archives/category/%e5%81%a5%e5%ba%b7%e7%b5%8c%e5%96%b6,その他 3件,0.0%,0.0%,100.0%,3,85257,2026-09-22T10:55:17+09:00,https://job.mynavi.jp/28/pc/corpinfo/displayInternship/index?corpId=85257&optNo=pJtHt
果実堂グループ [グループ募集],internship@kajitsudo.co.jp,,https://www.kajitsudo.com/; https://www.kajitsudo.com/ureshinofarm/; https://www.kajitsudotech.co.jp/,その他 1件,0.0%,0.0%,100.0%,1,266766,2026-09-22T10:55:17+09:00,https://job.mynavi.jp/28/pc/corpinfo/displayInternship/index?corpId=266766&optNo=Y3aIt
栄藤電気(株),soumu@etoudenki.co.jp,079-277-2008,https://etoudenki.co.jp/,その他 1件,0.0%,0.0%,100.0%,1,296227,2026-09-22T10:55:17+09:00,https://job.mynavi.jp/28/pc/corpinfo/displayInternship/index?corpId=296227&optNo=rsYiB
栗本建設工業(株),airi.nagayasu@kurimoto-ci.co.jp,,http://www.kurimoto-ci.co.jp/; https://kurimoto-ci.co.jp/recruit/,"一部（1,500円） 2件",0.0%,100.0%,0.0%,2,50373,2026-09-22T10:55:17+09:00,https://job.mynavi.jp/28/pc/corpinfo/displayInternship/index?corpId=50373&optNo=-ByMz
株)ドコモCS北陸／NTTドコモビジネスソリューションズ(株)【dBS】 [グループ募集],cshokuriku-saiyou-ml@nttdocomo.com,076-208-4426,,その他 3件,0.0%,0.0%,100.0%,3,268432,2026-09-22T10:55:17+09:00,https://job.mynavi.jp/28/pc/corpinfo/displayInternship/index?corpId=268432&optNo=96PkH
株木建設(株),saiyo@kabuki.co.jp,03-6908-2724,https://www.kabuki.co.jp/,"一部（10,000円） 1件",0.0%,100.0%,0.0%,1,60421,2026-09-22T10:55:17+09:00,https://job.mynavi.jp/28/pc/corpinfo/displayInternship/index?corpId=60421&optNo=8fjPz
森紙業(株),saiyo@morishigyo-gr.co.jp,075-681-2111,,"一部（1,000円） 1件",0.0%,100.0%,0.0%,1,202057,2026-09-22T10:55:17+09:00,https://job.mynavi.jp/28/pc/corpinfo/displayInternship/index?corpId=202057&optNo=Ml6e-
武田グループ【(株)テンヨ武田・武田食品(株)】 [グループ募集],h-kobayashi@tenyo-takeda.co.jp; m-fujii@tenyo-takeda.co.jp,055-235-1141,https://takeda-shokuhin.co.jp/; https://www.tenyo-takeda.co.jp/; https://www.youtube.com/watch?v=9_EBjIEEOUw&t=98s,"一部（2,000円） 2件",0.0%,100.0%,0.0%,2,252664,2026-09-22T10:55:17+09:00,https://job.mynavi.jp/28/pc/corpinfo/displayInternship/index?corpId=252664&optNo=6NJpW
武蔵精密工業(株),saiyo_msi@musashi.cp.jp,0532-25-1196,https://www.musashi.co.jp/; https://www.youtube.com/watch?v=75MGGZ2cZMM; https://www.youtube.com/watch?v=rLrG3hn7r6c,"一部（10,000円） 2件",0.0%,100.0%,0.0%,2,88960,2026-09-22T10:55:17+09:00,https://job.mynavi.jp/28/pc/corpinfo/displayInternship/index?corpId=88960&optNo=5LvU7
水ingAM(株),fe_saiyou@swing-w.com,03-4346-0603,https://fe-saiyou.swing-w.com/; https://www.sam.swing-w.com/,その他 1件,0.0%,0.0%,100.0%,1,242754,2026-09-22T10:55:17+09:00,https://job.mynavi.jp/28/pc/corpinfo/displayInternship/index?corpId=242754&optNo=5KmEO
水谷建設(株),satou4977@mizuken.co.jp,0594-21-8116,https://mizuken.ne.jp/,その他 1件,0.0%,0.0%,100.0%,1,4154,2026-09-22T10:55:17+09:00,https://job.mynavi.jp/28/pc/corpinfo/displayInternship/index?corpId=4154&optNo=9m4mX
水野建設(株),recruit@mizuno-co.com,052-752-8411,https://www.mizuno-co.com/recruit,"一部（3,000円） 4件",0.0%,100.0%,0.0%,4,242889,2026-09-22T10:55:17+09:00,https://job.mynavi.jp/28/pc/corpinfo/displayInternship/index?corpId=242889&optNo=-14Uy
永大産業(株)【東証スタンダード市場上場】,saiyou@eidai-sangyo.co.jp,0800-123-3001,https://www.youtube.com/watch?v=yhzHmYqwT6A,"一部（3,000円） 1件",0.0%,100.0%,0.0%,1,54613,2026-09-22T10:55:17+09:00,https://job.mynavi.jp/28/pc/corpinfo/displayInternship/index?corpId=54613&optNo=MSCL-
江崎グリコ(株),saiyo-glico@r-glico.com,0120-567-702,http://www.glico.co.jp/,その他 1件,0.0%,0.0%,100.0%,1,95621,2026-09-22T10:55:17+09:00,https://job.mynavi.jp/28/pc/corpinfo/displayInternship/index?corpId=95621&optNo=V0WbI
沢井製薬(株),saiyo@sawai.co.jp,,https://www.sawai.co.jp/,その他 1件,0.0%,0.0%,100.0%,1,81028,2026-09-22T10:55:17+09:00,https://job.mynavi.jp/28/pc/corpinfo/displayInternship/index?corpId=81028&optNo=0mca2
河北建設(株),s-warasina@kahoku-kk.co.jp; t-shoji@kahoku-kk.co.jp,022-245-5351; 022-245-7072,https://www.kahoku-kk.com/,"一部（10,000円） 1件",0.0%,100.0%,0.0%,1,215930,2026-09-22T10:55:17+09:00,https://job.mynavi.jp/28/pc/corpinfo/displayInternship/index?corpId=215930&optNo=aDxsX
河合製氷冷蔵(株),recruit@kawai-ice.co.jp,092-957-1671,http://kawai-ice.co.jp/; https://kawai-ice-saiyo.com/,"一部（5,000円） 1件",0.0%,100.0%,0.0%,1,245428,2026-09-22T10:55:17+09:00,https://job.mynavi.jp/28/pc/corpinfo/displayInternship/index?corpId=245428&optNo=cKrep
河淳(株)【KAWAJUN】,saiyo@kawajun.co.jp,,https://www.kawajun.co.jp/; https://www.kawajun.co.jp/recruit/graduate-recruitment/,その他 1件,0.0%,0.0%,100.0%,1,76593,2026-09-22T10:55:17+09:00,https://job.mynavi.jp/28/pc/corpinfo/displayInternship/index?corpId=76593&optNo=ajfyH
沼津信用金庫,jinji@numashin.co.jp,055-962-6761,http://www.numashin.co.jp/; https://www.instagram.com/numashin_recruit.official/; https://www.instagram.com/numazushinkin/,"一部（3,000円） 1件",0.0%,100.0%,0.0%,1,102256,2026-09-22T10:55:17+09:00,https://job.mynavi.jp/28/pc/corpinfo/displayInternship/index?corpId=102256&optNo=Qfehs
洋林建設(株),y.sakata@yorin.co.jp,0834-31-2555,https://yorin.jp/html/,全額 1件,100.0%,0.0%,0.0%,1,240100,2026-09-22T10:55:17+09:00,https://job.mynavi.jp/28/pc/corpinfo/displayInternship/index?corpId=240100&optNo=xcBXz
淀川ヒューテック(株),s.tamura@yodogawa.co.jp,06-6386-2466,https://www.yodogawa.co.jp/,全額 1件,100.0%,0.0%,0.0%,1,67754,2026-09-22T10:55:17+09:00,https://job.mynavi.jp/28/pc/corpinfo/displayInternship/index?corpId=67754&optNo=9cUAX
淡路日の出農業協同組合（JA淡路日の出）,hnd.soumuka@jamail.hyogo.jp,0799-62-6200,https://www.ja-awajihinode.com/,"一部（3,000円） 1件",0.0%,100.0%,0.0%,1,216538,2026-09-22T10:55:17+09:00,https://job.mynavi.jp/28/pc/corpinfo/displayInternship/index?corpId=216538&optNo=r-u8m
深谷建設(株),otoiawase@fukaya-kk.com,0247-43-0277,https://fukaya-kk.com/,"一部（10,000円） 1件 / 一部（5,000円） 1件",0.0%,100.0%,0.0%,2,256457,2026-09-22T10:55:17+09:00,https://job.mynavi.jp/28/pc/corpinfo/displayInternship/index?corpId=256457&optNo=oxjCB
湧別漁業協同組合,miura_ke@yubetsu-gk.or.jp,01586-5-2011,http://www.hkyubetsu.jf-net.ne.jp/,その他 1件,0.0%,0.0%,100.0%,1,222553,2026-09-22T10:55:17+09:00,https://job.mynavi.jp/28/pc/corpinfo/displayInternship/index?corpId=222553&optNo=6T5Ra
湯澤工業(株),yumi@yzw.co.jp,055-285-0041,http://www.yzw.co.jp/,"一部（10,000円） 1件",0.0%,100.0%,0.0%,1,223942,2026-09-22T10:55:17+09:00,https://job.mynavi.jp/28/pc/corpinfo/displayInternship/index?corpId=223942&optNo=FuD-z
滋賀特機(株),kanae-hiraoka@shigatokki.com,077-527-5610,,"一部（1,000円） 1件",0.0%,100.0%,0.0%,1,68640,2026-09-22T10:55:17+09:00,https://job.mynavi.jp/28/pc/corpinfo/displayInternship/index?corpId=68640&optNo=7ypc2
澁谷工業(株),recruit@shibuya.co.jp,076-262-1263,https://www.shibuya.co.jp/,その他 2件,0.0%,0.0%,100.0%,2,65870,2026-09-22T10:55:17+09:00,https://job.mynavi.jp/28/pc/corpinfo/displayInternship/index?corpId=65870&optNo=T8g3q
瀧上工業(株)【東証スタンダード上場】,k-yamamoto@takigami-grp.jp,0569-89-2101; 0569-89-2601,https://www.takigami.co.jp/,全額 3件,100.0%,0.0%,0.0%,3,205475,2026-09-22T10:55:17+09:00,https://job.mynavi.jp/28/pc/corpinfo/displayInternship/index?corpId=205475&optNo=fL2oq
瀬戸内スチール(株),miyuki.nishitani@steelpro.jp,090-3073-2925,https://www.steelpro.jp/,その他 1件,0.0%,0.0%,100.0%,1,231110,2026-09-22T10:55:17+09:00,https://job.mynavi.jp/28/pc/corpinfo/displayInternship/index?corpId=231110&optNo=ycgWW
炭平コーポレーション(株),s.niitsu@sumihei.co.jp,,https://www.instagram.com/sumihei_corp_official?igsh=cHloYjl1azcxdG1w; https://www.sumihei.co.jp/derukui/; https://youtube.com/channel/UCRU3cf9qYd14xSgWVWTQjnw?si=3JtW_qefg2Hulpjf,その他 1件,0.0%,0.0%,100.0%,1,80529,2026-09-22T10:55:17+09:00,https://job.mynavi.jp/28/pc/corpinfo/displayInternship/index?corpId=80529&optNo=FnAtp
王子グループ【王子ホールディングス(株)/王子製紙(株) 他】 [グループ募集],saiyo@oji-gr.com,,,全額 1件,100.0%,0.0%,0.0%,1,241,2026-09-22T10:55:17+09:00,https://job.mynavi.jp/28/pc/corpinfo/displayInternship/index?corpId=241&optNo=RUoqB
王子ゴム化成(株),ojisaiyou@ohji-rubber.co.jp,0835-22-3956,https://ohji-rubber.co.jp,"一部（10,000円） 1件",0.0%,100.0%,0.0%,1,56937,2026-09-22T10:55:17+09:00,https://job.mynavi.jp/28/pc/corpinfo/displayInternship/index?corpId=56937&optNo=tCAm1
生活協同組合ひろしま,JINJI_3040@hiroshima.coop,0829-50-0355,https://www.hiroshima.coop/,"一部（20,000円） 1件",0.0%,100.0%,0.0%,1,8990,2026-09-22T10:55:17+09:00,https://job.mynavi.jp/28/pc/corpinfo/displayInternship/index?corpId=8990&optNo=wPwlV
生活協同組合コープみえ,coop-mie.saiyou@tcoop.or.jp,059-253-4502,https://www.coop-mie.jp/,その他 1件,0.0%,0.0%,100.0%,1,216878,2026-09-22T10:55:17+09:00,https://job.mynavi.jp/28/pc/corpinfo/displayInternship/index?corpId=216878&optNo=TAV1t
田中建設(株),recruit@yokattanaka.net,06-6771-2390; 06-6771-2391,https://www.yokattanaka.net/,"一部（1,000円） 1件",0.0%,100.0%,0.0%,1,204685,2026-09-22T10:55:17+09:00,https://job.mynavi.jp/28/pc/corpinfo/displayInternship/index?corpId=204685&optNo=KjXh6
田中建設(株),smegumi@c-tanaka.co.jp,0246-25-1005,,その他 1件,0.0%,0.0%,100.0%,1,286403,2026-09-22T10:55:17+09:00,https://job.mynavi.jp/28/pc/corpinfo/displayInternship/index?corpId=286403&optNo=p3hr3
田中鉄工(株),h-akiyoshi@tanaka-iron-works.com,0942-92-3121,https://tanaka-iron-works.com/,"一部（3,000円） 3件",0.0%,100.0%,0.0%,3,85905,2026-09-22T10:55:17+09:00,https://job.mynavi.jp/28/pc/corpinfo/displayInternship/index?corpId=85905&optNo=CfHj3
白ハト食品工業(株),oba-saiyo@shirohato.com,,https://dotonbori-kukuru.com/special/; https://shirohato.com/,全額 1件,100.0%,0.0%,0.0%,1,281308,2026-09-22T10:55:17+09:00,https://job.mynavi.jp/28/pc/corpinfo/displayInternship/index?corpId=281308&optNo=l5IS2
真和工業(株),shinwa-jinji@kojima-tns.co.jp,0565-76-1232,,"一部（2,000円） 1件",0.0%,100.0%,0.0%,1,278344,2026-09-22T10:55:17+09:00,https://job.mynavi.jp/28/pc/corpinfo/displayInternship/index?corpId=278344&optNo=YSxeq
石原ケミカル(株)(東証プライム市場上場),recruit@unicon.co.jp,078-682-2311,https://www.unicon.co.jp/; https://www.unicon.co.jp/company/; https://youtu.be/rhBclAWVv7Q,その他 2件,0.0%,0.0%,100.0%,2,231354,2026-09-22T10:55:17+09:00,https://job.mynavi.jp/28/pc/corpinfo/displayInternship/index?corpId=231354&optNo=KY6I2
石崎グループ【(株)石崎ホールディングス、(株)石崎本店、(株)ペンストン】 [グループ募集],Recruit@ishizaki-hd.co.jp,,https://youtu.be/uNUebC-DcKU?si=xo4D3-JBxax-1Ioy,その他 1件,0.0%,0.0%,100.0%,1,265661,2026-09-22T10:55:17+09:00,https://job.mynavi.jp/28/pc/corpinfo/displayInternship/index?corpId=265661&optNo=6p6fv
石崎商事(株),nakagawa-so@ishizakicorp.co.jp,,https://www.ishizakicorp.co.jp/,その他 1件,0.0%,0.0%,100.0%,1,95457,2026-09-22T10:55:17+09:00,https://job.mynavi.jp/28/pc/corpinfo/displayInternship/index?corpId=95457&optNo=Tp2Q6
石崎防災電設(株),recruit@ishizakibousai.com,0258-35-3505,https://www.ishizaki-group.co.jp/,"一部（3,000円） 1件",0.0%,100.0%,0.0%,1,288260,2026-09-22T10:55:17+09:00,https://job.mynavi.jp/28/pc/corpinfo/displayInternship/index?corpId=288260&optNo=wTvMo
社会医療法人緑泉会【米盛病院】,jinji@yonemorihp.jp,099-230-0100; 099-230-0101; 099-230-0114,https://www.yonemorihp.jp,その他 1件,0.0%,0.0%,100.0%,1,98149,2026-09-22T10:55:17+09:00,https://job.mynavi.jp/28/pc/corpinfo/displayInternship/index?corpId=98149&optNo=-ORFl
社会医療法人財団池友会【新行橋病院】,yaku1@shinyukuhashihospital.or.jp,0930-24-8899,https://www.shinyukuhashihospital.or.jp/,その他 1件,0.0%,0.0%,100.0%,1,108951,2026-09-22T10:55:17+09:00,https://job.mynavi.jp/28/pc/corpinfo/displayInternship/index?corpId=108951&optNo=kK45f
社会福祉法人 丸,isshoni@obh2525.or.jp,078-706-9488,http://www.obh2525.or.jp/,"一部（2,000円） 2件",0.0%,100.0%,0.0%,2,219086,2026-09-22T10:55:17+09:00,https://job.mynavi.jp/28/pc/corpinfo/displayInternship/index?corpId=219086&optNo=VGMrB
社会福祉法人 同和園,//www.youtube.com/@douwaen.channel; d-saiyo@dowaen.jp,075-571-0010,https://dowaen.jp/; https://www.instagram.com/dowaengram/; https://www.youtube.com/@douwaen.channel/featured,その他 2件,0.0%,0.0%,100.0%,2,86336,2026-09-22T10:55:17+09:00,https://job.mynavi.jp/28/pc/corpinfo/displayInternship/index?corpId=86336&optNo=7C3sz
社会福祉法人 大阪聴覚障害者福祉会,houjin@daichofuku.or.jp,072-959-2252; 072-959-2632,,その他 1件,0.0%,0.0%,100.0%,1,108074,2026-09-22T10:55:17+09:00,https://job.mynavi.jp/28/pc/corpinfo/displayInternship/index?corpId=108074&optNo=dpULB
社会福祉法人 山陰会,t.honda@yamakagekai.or.jp,,https://www.instagram.com/fugentasukaru/?hl=ja; https://www.yamakage-kai.com/,その他 1件,0.0%,0.0%,100.0%,1,275827,2026-09-22T10:55:17+09:00,https://job.mynavi.jp/28/pc/corpinfo/displayInternship/index?corpId=275827&optNo=d56o2
社会福祉法人 水仙福祉会,suisen_saiyou@suisen.or.jp,06-6328-3786,http://suisen.or.jp/,"一部（1,000円） 1件",0.0%,100.0%,0.0%,1,92778,2026-09-22T10:55:17+09:00,https://job.mynavi.jp/28/pc/corpinfo/displayInternship/index?corpId=92778&optNo=PHvmh
社会福祉法人あかりの家,career@akarinoie.org,079-254-3292; 080-3158-9076,https://akarinoie.org/,"一部（5,000円） 2件",0.0%,100.0%,0.0%,2,223594,2026-09-22T10:55:17+09:00,https://job.mynavi.jp/28/pc/corpinfo/displayInternship/index?corpId=223594&optNo=15cTa
社会福祉法人いこま福祉会,ikm-fukushi@kcn.jp,0743-77-9900,https://ikoma-fukushi.net,"一部（1,000円） 1件 / 一部（1,500円） 2件",0.0%,100.0%,0.0%,3,113042,2026-09-22T10:55:17+09:00,https://job.mynavi.jp/28/pc/corpinfo/displayInternship/index?corpId=113042&optNo=7QPJ4
社会福祉法人いずみ野福祉会,izumino-1@poem.ocn.ne.jp,072-445-1427; 072-445-5373,http://s-izumino.jp/index.html; https://s-izumino.jp/index.html,その他 3件,0.0%,0.0%,100.0%,3,212553,2026-09-22T10:55:17+09:00,https://job.mynavi.jp/28/pc/corpinfo/displayInternship/index?corpId=212553&optNo=5POXV
社会福祉法人えぽっく,jimu1@epoch.or.jp,011-373-8810; 011-373-8880,https://epoch.or.jp/,"一部（1,000円） 3件",0.0%,100.0%,0.0%,3,263490,2026-09-22T10:55:17+09:00,https://job.mynavi.jp/28/pc/corpinfo/displayInternship/index?corpId=263490&optNo=FX7v-
社会福祉法人かりがね福祉会,honbu@karigane.or.jp,0268-72-3431; 0268-72-4406,https://karigane.or.jp; https://karigane.or.jp/,"一部（1,000円） 2件",0.0%,100.0%,0.0%,2,207161,2026-09-22T10:55:17+09:00,https://job.mynavi.jp/28/pc/corpinfo/displayInternship/index?corpId=207161&optNo=7GiMh
社会福祉法人きらきら,kirakira@shafuku-kirakira.com,0968-62-5755,https://shafuku-kirakira.com/; https://www.instagram.com/shafukukirakira,"一部（15,000円） 1件",0.0%,100.0%,0.0%,1,219546,2026-09-22T10:55:17+09:00,https://job.mynavi.jp/28/pc/corpinfo/displayInternship/index?corpId=219546&optNo=1qnYa
社会福祉法人こころの窓,kimura-r@kokoronomado.or.jp,,https://kokoronomado.or.jp/; https://youtu.be/pIcClZF1Qkw,"一部（2,000円） 1件",0.0%,100.0%,0.0%,1,222572,2026-09-22T10:55:17+09:00,https://job.mynavi.jp/28/pc/corpinfo/displayInternship/index?corpId=222572&optNo=QSaIX
社会福祉法人さつき福祉会,2apm@satukifu.sakura.ne.jp,080-6342-0047,https://satuki-fuku.sakura.ne.jp/,その他 1件,0.0%,0.0%,100.0%,1,104947,2026-09-22T10:55:17+09:00,https://job.mynavi.jp/28/pc/corpinfo/displayInternship/index?corpId=104947&optNo=mqeqY
社会福祉法人しが夢翔会,entry@shigamushoukai.or.jp,077-534-4477; 077-534-4479,https://www.shigamushoukai.or.jp/,"一部（1,000円） 2件",0.0%,100.0%,0.0%,2,211053,2026-09-22T10:55:17+09:00,https://job.mynavi.jp/28/pc/corpinfo/displayInternship/index?corpId=211053&optNo=MXj5Y
社会福祉法人ひまわり福祉会,himawari@kidoairaku.org,052-709-3871,https://www.kidoairaku.org/,全額 2件,100.0%,0.0%,0.0%,2,206299,2026-09-22T10:55:17+09:00,https://job.mynavi.jp/28/pc/corpinfo/displayInternship/index?corpId=206299&optNo=iev53
社会福祉法人みささぎ会,recruit@misasagikai.or.jp,072-952-0008,https://www.misasagikai.or.jp/,"一部（5,000円） 1件 / その他 1件",0.0%,50.0%,50.0%,2,214226,2026-09-22T10:55:17+09:00,https://job.mynavi.jp/28/pc/corpinfo/displayInternship/index?corpId=214226&optNo=ADYm4
社会福祉法人みのり会,honbu2@minorikai.or.jp,095-822-1092,https://www.minorikai.or.jp/,"一部（1,000円） 1件",0.0%,100.0%,0.0%,1,211905,2026-09-22T10:55:17+09:00,https://job.mynavi.jp/28/pc/corpinfo/displayInternship/index?corpId=211905&optNo=M3bDl
社会福祉法人カトリック京都司教区カリタス会(高齢者総合福祉施設 神の園),saiyou@kaminosono.jp,0774-93-2305; 0774-94-4125,http://kami-home.jp/; http://kami-home.jp/support/; https://www.youtube.com/watch?v=3X-HoQ_h5w0; https://www.youtube.com/watch?v=mngLUkSspAk; https://www.youtube.com/watch?v=p2iYo6t4SFQ,"一部（4,000円） 3件",0.0%,100.0%,0.0%,3,86688,2026-09-22T10:55:17+09:00,https://job.mynavi.jp/28/pc/corpinfo/displayInternship/index?corpId=86688&optNo=FJCov
社会福祉法人ノテ福祉会,saiyou-center@note.or.jp,011-826-6604,https://www.note.or.jp/,全額 2件 / その他 2件,50.0%,0.0%,50.0%,4,200379,2026-09-22T10:55:17+09:00,https://job.mynavi.jp/28/pc/corpinfo/displayInternship/index?corpId=200379&optNo=B0SNO
社会福祉法人上越あたご福祉会,recruit@joetsu-atago.or.jp,025-532-2713,https://www.joetsu-atago.or.jp; https://www.joetsu-atago.or.jp/,"一部（30,000円） 3件",0.0%,100.0%,0.0%,3,215439,2026-09-22T10:55:17+09:00,https://job.mynavi.jp/28/pc/corpinfo/displayInternship/index?corpId=215439&optNo=G9xFY
社会福祉法人京都総合福祉協会,recruit-fukushi@sogofukushi.jp,,https://www.sogofukushi.jp/,一部（500円） 1件,0.0%,100.0%,0.0%,1,267631,2026-09-22T10:55:17+09:00,https://job.mynavi.jp/28/pc/corpinfo/displayInternship/index?corpId=267631&optNo=ca1v0
社会福祉法人倣襄会,ayumin.r@kameoka-ayumi.or.jp,0771-25-5840,https://www.kameoka-ayumi.com; https://www.kameoka-ayumi.com/fukushi/,"一部（3,000円） 1件",0.0%,100.0%,0.0%,1,253362,2026-09-22T10:55:17+09:00,https://job.mynavi.jp/28/pc/corpinfo/displayInternship/index?corpId=253362&optNo=o6Gf2
社会福祉法人優しさの森,yumori-211@hc-handa.jp,0569-27-7171,,"一部（2,000円） 1件",0.0%,100.0%,0.0%,1,283407,2026-09-22T10:55:17+09:00,https://job.mynavi.jp/28/pc/corpinfo/displayInternship/index?corpId=283407&optNo=Y19Xy
社会福祉法人光風会,tatibananosato6-1@orion.ocn.jp; tatibananosato6-1@orion.ocn.ne.jp,06-6224-5111; 06-6724-8232; 06-6728-8232,http://tatibananosato.or.jp/; https://www.instagram.com/tachibananosato/; https://www.youtube.com/@user-yn5zo5gb5i,"一部（10,000円） 5件",0.0%,100.0%,0.0%,5,275050,2026-09-22T10:55:17+09:00,https://job.mynavi.jp/28/pc/corpinfo/displayInternship/index?corpId=275050&optNo=0OTfd
社会福祉法人八起会,honbu@hachikikai.com,,http://www.hachikikai.com/; https://youtu.be/Ui_wapjS26A,"一部（2,000円） 3件",0.0%,100.0%,0.0%,3,90662,2026-09-22T10:55:17+09:00,https://job.mynavi.jp/28/pc/corpinfo/displayInternship/index?corpId=90662&optNo=JPy7U
社会福祉法人北摂杉の子会,saiyo@suginokokai.com,,https://suginoko-people.com/internship/; https://www.suginokokai.com/,"一部（5,000円） 3件",0.0%,100.0%,0.0%,3,92734,2026-09-22T10:55:17+09:00,https://job.mynavi.jp/28/pc/corpinfo/displayInternship/index?corpId=92734&optNo=iza2s
社会福祉法人千歳いずみ学園,izumi_recruit@izumigakuen.or.jp,0123-29-2023,https://izumigakuen.or.jp,全額 1件,100.0%,0.0%,0.0%,1,218808,2026-09-22T10:55:17+09:00,https://job.mynavi.jp/28/pc/corpinfo/displayInternship/index?corpId=218808&optNo=pEso1
社会福祉法人協同福祉会（あすなら苑 他）,r.onjyou@asunaraen.com,0743-57-1165,https://asunaraen.or.jp/; https://www.instagram.com/asunara_recruit/,"一部（10,000円） 7件",0.0%,100.0%,0.0%,7,90580,2026-09-22T10:55:17+09:00,https://job.mynavi.jp/28/pc/corpinfo/displayInternship/index?corpId=90580&optNo=H24V-
社会福祉法人南山城学園,saiyo-entry@minamiyamashiro.com,,https://minamiyamashiro.com/; https://www.instagram.com/minamiyamashirogakuen/; https://youtu.be/V8m5U8bb7Vk?si=OhLn17Dsgq4bxMwq,"一部（2,000円） 2件",0.0%,100.0%,0.0%,2,83945,2026-09-22T10:55:17+09:00,https://job.mynavi.jp/28/pc/corpinfo/displayInternship/index?corpId=83945&optNo=Jc9hX
社会福祉法人友朋会,saiyou@ufo-since1994.com,072-767-6203,https://www.ufo-group.jp/,"一部（1,000円） 1件",0.0%,100.0%,0.0%,1,113312,2026-09-22T10:55:17+09:00,https://job.mynavi.jp/28/pc/corpinfo/displayInternship/index?corpId=113312&optNo=glnYH
社会福祉法人名古屋キリスト教社会館,saiyou@shakaikan.com,052-612-3433,https://www.shakaikan.com/,"一部（1,000円） 1件",0.0%,100.0%,0.0%,1,247784,2026-09-22T10:55:17+09:00,https://job.mynavi.jp/28/pc/corpinfo/displayInternship/index?corpId=247784&optNo=Qp7um
社会福祉法人和敬会,hachiraku4@wakyokai.or.jp,0536-22-0760,http://www.wakyokai.or.jp/hachiraku/,"一部（3,000円） 1件",0.0%,100.0%,0.0%,1,210089,2026-09-22T10:55:17+09:00,https://job.mynavi.jp/28/pc/corpinfo/displayInternship/index?corpId=210089&optNo=oAWYU
社会福祉法人大阪婦人ホーム,recruit@osaka-fujinhome.or.jp,06-6791-8236,https://osaka-fujinhome.or.jp/,その他 1件,0.0%,0.0%,100.0%,1,253831,2026-09-22T10:55:17+09:00,https://job.mynavi.jp/28/pc/corpinfo/displayInternship/index?corpId=253831&optNo=X4Fg6
社会福祉法人大阪府社会福祉事業団,info.saiyo@osj.or.jp,,http://www.osj.or.jp/index2.html,全額 2件,100.0%,0.0%,0.0%,2,102531,2026-09-22T10:55:17+09:00,https://job.mynavi.jp/28/pc/corpinfo/displayInternship/index?corpId=102531&optNo=mvV1V
社会福祉法人大阪自彊館,saiyou@ojk.or.jp,06-6659-8900,http://www.ojk.or.jp/; https://www.instagram.com/ojk_tunagu/; https://www.instagram.com/osakajikyokan/,"一部（5,000円） 2件",0.0%,100.0%,0.0%,2,93315,2026-09-22T10:55:17+09:00,https://job.mynavi.jp/28/pc/corpinfo/displayInternship/index?corpId=93315&optNo=a3wYH
社会福祉法人愛光園,ogawa-s@aikouen.jp,0562-83-9835,http://www.aikouen.jp/,その他 1件,0.0%,0.0%,100.0%,1,104314,2026-09-22T10:55:17+09:00,https://job.mynavi.jp/28/pc/corpinfo/displayInternship/index?corpId=104314&optNo=dvxGh
社会福祉法人愛恵協会,aikei@aikei-k.or.jp,0564-48-2055,,"一部（3,000円） 3件",0.0%,100.0%,0.0%,3,288383,2026-09-22T10:55:17+09:00,https://job.mynavi.jp/28/pc/corpinfo/displayInternship/index?corpId=288383&optNo=-KvEm
社会福祉法人愛知県厚生事業団,jinji@ai-kou.or.jp,052-325-7325,http://www.ai-kou.or.jp/; https://www.instagram.com/aichi_welfare_organization/,"一部（2,000円） 3件",0.0%,100.0%,0.0%,3,202370,2026-09-22T10:55:17+09:00,https://job.mynavi.jp/28/pc/corpinfo/displayInternship/index?corpId=202370&optNo=2cx20
社会福祉法人森の宮福祉会,n.soumu@humming-bell.or.jp,06-6971-9788,https://humming-bell.or.jp,"一部（5,000円） 1件",0.0%,100.0%,0.0%,1,87291,2026-09-22T10:55:17+09:00,https://job.mynavi.jp/28/pc/corpinfo/displayInternship/index?corpId=87291&optNo=L4rGW
社会福祉法人浜田福祉会,Jinji-bu@mikawaen.com,0855-26-0333,https://mikawaen.com/; https://www.instagram.com/hamadafukushikai/,その他 1件,0.0%,0.0%,100.0%,1,268487,2026-09-22T10:55:17+09:00,https://job.mynavi.jp/28/pc/corpinfo/displayInternship/index?corpId=268487&optNo=pt802
社会福祉法人湖聖会【湖山医療福祉グループ】,saiyou@koseikai.jp.net,080-2435-2472; 080-4541-0543,https://forms.gle/cb83CN3B5f7dsXHX7; https://lin.ee/TKCUSrt; https://www.instagram.com/fuku_koseikai/?next=%2F&hl=ja; https://www.s-koseikai.jp/; https://www.youtube.com/channel/UCSz88FnSOzcNrFoeOeaVWeg,"一部（10,000円） 2件",0.0%,100.0%,0.0%,2,200959,2026-09-22T10:55:17+09:00,https://job.mynavi.jp/28/pc/corpinfo/displayInternship/index?corpId=200959&optNo=8TIEt
社会福祉法人相和福祉会,toybox@sowafukusi.onmicrosoft.com,0562-84-5200,http://sohwa.nagoya/; https://www.instagram.com/sohwa.recruit/; https://www.youtube.com/@sohwafukusi-kai,"一部（1,000円） 2件 / その他 2件",0.0%,50.0%,50.0%,4,210562,2026-09-22T10:55:17+09:00,https://job.mynavi.jp/28/pc/corpinfo/displayInternship/index?corpId=210562&optNo=2q5Pp
社会福祉法人神戸あゆみの会,info@kobeayumi.or.jp,078-965-2005,http://www.kobeayumi.or.jp,その他 1件,0.0%,0.0%,100.0%,1,218437,2026-09-22T13:20:53+09:00,https://job.mynavi.jp/28/pc/corpinfo/displayInternship/index?corpId=218437&optNo=hXv8W
社会福祉法人神戸聖隷福祉事業団,saiyou@kobeseirei.or.jp,078-792-7555,https://www.kobeseirei.or.jp/,"一部（5,000円） 3件",0.0%,100.0%,0.0%,3,207934,2026-09-22T10:55:17+09:00,https://job.mynavi.jp/28/pc/corpinfo/displayInternship/index?corpId=207934&optNo=D8tWW
社会福祉法人福知山学園,jinji-koho@fukugaku.or.jp,0773-58-3644,https://www.fukugaku.or.jp/; https://www.instagram.com/fukuchiyama_gakuen/,"全額 2件 / 一部（10,000円） 2件",50.0%,50.0%,0.0%,4,210856,2026-09-22T10:55:17+09:00,https://job.mynavi.jp/28/pc/corpinfo/displayInternship/index?corpId=210856&optNo=FyWzO
社会福祉法人福祥福祉会（豊泉家）,shinsotsu@e-housenka.com,06-6444-3411,,"一部（1,000円） 4件",0.0%,100.0%,0.0%,4,90242,2026-09-22T10:55:17+09:00,https://job.mynavi.jp/28/pc/corpinfo/displayInternship/index?corpId=90242&optNo=c4Yn1
社会福祉法人緑樹会,amari-0404@ryokuju.com,0551-25-2512,https://www.ryokuju.com/,"一部（1,000円） 1件",0.0%,100.0%,0.0%,1,212202,2026-09-22T10:55:17+09:00,https://job.mynavi.jp/28/pc/corpinfo/displayInternship/index?corpId=212202&optNo=HznDt
社会福祉法人聖徳会,y.mori@shoutokukai.or.jp,072-331-4166,https://shoutokukai.net/; https://www.shoutokukai.net//,"一部（2,000円） 4件",0.0%,100.0%,0.0%,4,100035,2026-09-22T10:55:17+09:00,https://job.mynavi.jp/28/pc/corpinfo/displayInternship/index?corpId=100035&optNo=KWwEB
社会福祉法人聖隷福祉事業団,kansai-saiyou@sis.seirei.or.jp,0797-26-6630,http://www.seirei.or.jp/hq/; https://www.seirei.or.jp/hq/,"一部（15,000円） 2件",0.0%,100.0%,0.0%,2,206095,2026-09-22T10:55:17+09:00,https://job.mynavi.jp/28/pc/corpinfo/displayInternship/index?corpId=206095&optNo=LXq2V
社会福祉法人育成会,goiken@ikuseikai.com,0246-43-4466,http://www.youtube.com/@%E7%A4%BE%E4%BC%9A%E7%A6%8F%E7%A5%89%E6%B3%95%E4%BA%BA%E8%82%B2%E6%88%90%E4%BC%9AYou; https://www.ikuseikai.com; https://www.youtube.com/@%E7%A4%BE%E4%BC%9A%E7%A6%8F%E7%A5%89%E6%B3%95%E4%BA%BA%E8%82%B2%E6%88%90%E4%BC%9AYou,"一部（3,000円） 4件",0.0%,100.0%,0.0%,4,283094,2026-09-22T10:55:17+09:00,https://job.mynavi.jp/28/pc/corpinfo/displayInternship/index?corpId=283094&optNo=Mn34-
社会福祉法人自立支援協会,jiritu-shien@fork.ocn.ne.jp,072-281-4305,http://jiritu-shien.com,全額 1件,100.0%,0.0%,0.0%,1,92779,2026-09-22T10:55:17+09:00,https://job.mynavi.jp/28/pc/corpinfo/displayInternship/index?corpId=92779&optNo=CBvph
社会福祉法人誠信会,saiyou@seishinkai.info,0545-38-1941,https://www.seishinkai.info/; https://www.seishinkai.work/,その他 1件,0.0%,0.0%,100.0%,1,245579,2026-09-22T10:55:17+09:00,https://job.mynavi.jp/28/pc/corpinfo/displayInternship/index?corpId=245579&optNo=JErq3
社会福祉法人長崎厚生福祉団,fukushidan@nagasaki-kouseifukushidan.or.jp,0120-612-037; 095-824-5576; 095-828-3498,http://www.nagasaki-kouseifukushidan.or.jp,"一部（5,000円） 2件",0.0%,100.0%,0.0%,2,82690,2026-09-22T10:55:17+09:00,https://job.mynavi.jp/28/pc/corpinfo/displayInternship/index?corpId=82690&optNo=1ZQR4
神港魚類(株)【Umiosグループ：旧マルハニチログループ】,i-makino@maruha-shinko.co.jp,078-672-7000,https://www.maruha-shinko.co.jp/,"一部（10,000円） 1件",0.0%,100.0%,0.0%,1,200378,2026-09-22T10:55:17+09:00,https://job.mynavi.jp/28/pc/corpinfo/displayInternship/index?corpId=200378&optNo=IJPZ-
神野建設(株),kk23716@sala.jp,0532-32-1021,https://www.jinno.sala.jp/,その他 1件,0.0%,0.0%,100.0%,1,293894,2026-09-22T10:55:17+09:00,https://job.mynavi.jp/28/pc/corpinfo/displayInternship/index?corpId=293894&optNo=In3Ul
福井鐵工(株),soumu@fukuitecco.jp; watanabe.sachiko@fukuitecco.jp,0776-53-0505,http://www.tecco.co.jp/; https://www.instagram.com/fukuitecco/,その他 2件,0.0%,0.0%,100.0%,2,95978,2026-09-22T10:55:17+09:00,https://job.mynavi.jp/28/pc/corpinfo/displayInternship/index?corpId=95978&optNo=Vql1g
福井電機(株),saiyo@fukuidenki.co.jp,043-241-6402,https://fukuidenki.co.jp/,"一部（1,000円） 1件",0.0%,100.0%,0.0%,1,12201,2026-09-22T10:55:17+09:00,https://job.mynavi.jp/28/pc/corpinfo/displayInternship/index?corpId=12201&optNo=FTx4-
福山スチールセンター(株),ka-okada@fsc.po-jp.com,084-941-0196,http://www.fsc-coltd.net; http://www.fsc-coltd.net/,その他 3件,0.0%,0.0%,100.0%,3,100628,2026-09-22T10:55:17+09:00,https://job.mynavi.jp/28/pc/corpinfo/displayInternship/index?corpId=100628&optNo=7vlPD
福岡倉庫(株),abc@fukuokasoko.com,092-611-6151,https://www.fukuokasoko.com/,"一部（1,000円） 3件",0.0%,100.0%,0.0%,3,286772,2026-09-22T10:55:17+09:00,https://job.mynavi.jp/28/pc/corpinfo/displayInternship/index?corpId=286772&optNo=0hzLy
福岡酸素(株),recruit@fksanso.co.jp,092-518-2112,https://fksanso.co.jp/,全額 2件,100.0%,0.0%,0.0%,2,83346,2026-09-22T10:55:17+09:00,https://job.mynavi.jp/28/pc/corpinfo/displayInternship/index?corpId=83346&optNo=M698Y
福島さくら農業協同組合（JA福島さくら）,jinji@ja-fsakura.or.jp,024-921-0695,http://www.ja-fsakura.or.jp/,"一部（5,000円） 1件",0.0%,100.0%,0.0%,1,223004,2026-09-22T10:55:17+09:00,https://job.mynavi.jp/28/pc/corpinfo/displayInternship/index?corpId=223004&optNo=ueToo
福田刃物工業(株),a.muto@fukuda-web.co.jp,0575-28-5888,https://fukuda-web.co.jp/; https://www.instagram.com/fukuda_saiyo/,"一部（10,000円） 1件",0.0%,100.0%,0.0%,1,282097,2026-09-22T10:55:17+09:00,https://job.mynavi.jp/28/pc/corpinfo/displayInternship/index?corpId=282097&optNo=KxjUd
福田道路(株),jinji@fukudaroad.co.jp,025-231-1211; 025-231-1216,https://www.fukudaroad.co.jp/,"一部（20,000円） 3件",0.0%,100.0%,0.0%,3,62349,2026-09-22T10:55:17+09:00,https://job.mynavi.jp/28/pc/corpinfo/displayInternship/index?corpId=62349&optNo=Gt6-D
秋田エプソン(株),AEC-saiyo@exc.epson.co.jp,0183-72-4111,,その他 1件,0.0%,0.0%,100.0%,1,207343,2026-09-22T10:55:17+09:00,https://job.mynavi.jp/28/pc/corpinfo/displayInternship/index?corpId=207343&optNo=bFqg7
稲栄産業(株),touei@kktoei.co.jp,0587-32-1236,http://kktoei.co.jp/; https://kktoei.co.jp/,"一部（10,000円） 2件",0.0%,100.0%,0.0%,2,244775,2026-09-22T10:55:17+09:00,https://job.mynavi.jp/28/pc/corpinfo/displayInternship/index?corpId=244775&optNo=2XQ0z
積水ハウスシャーメゾンPM東京(株)【積水ハウス不動産グループ】,ftk-saiyou2@sekisuihouse.co.jp,03-5350-3366,,その他 1件,0.0%,0.0%,100.0%,1,12717,2026-09-22T10:55:17+09:00,https://job.mynavi.jp/28/pc/corpinfo/displayInternship/index?corpId=12717&optNo=NpQR0
立山科学グループ（TATEYAMA KAGAKU GROUP） [グループ募集],jinji@tateyama.jp,076-483-4012,https://www.tateyama.jp/; https://www.youtube.com/@tateyamakagakugroup; https://www.youtube.com/watch?v=nNdS5OfVZSQ,その他 1件,0.0%,0.0%,100.0%,1,88319,2026-09-22T10:55:17+09:00,https://job.mynavi.jp/28/pc/corpinfo/displayInternship/index?corpId=88319&optNo=g0KJH
竹中エンジニアリング(株)【竹中センサーグループ】,saiyou@takex-eng.co.jp,075-594-7211,https://www.takex-eng.co.jp/; https://www.takex.co.jp/group/takex-eng.html,"一部（3,000円） 2件",0.0%,100.0%,0.0%,2,55913,2026-09-22T10:55:17+09:00,https://job.mynavi.jp/28/pc/corpinfo/displayInternship/index?corpId=55913&optNo=8RKa1
竹内化学(株)【正晃グループ】,honsya@takeuchikagaku.jp,,https://www.takeuchikagaku.co.jp/,"一部（3,000円） 1件",0.0%,100.0%,0.0%,1,250256,2026-09-22T10:55:17+09:00,https://job.mynavi.jp/28/pc/corpinfo/displayInternship/index?corpId=250256&optNo=8Y1MD
竹田東京プロセスサービス(株),sato-hi@tkd-topro.com,0466-89-4085,https://www.tkd-topro.com/,"一部（5,000円） 1件",0.0%,100.0%,0.0%,1,65223,2026-09-22T10:55:17+09:00,https://job.mynavi.jp/28/pc/corpinfo/displayInternship/index?corpId=65223&optNo=-wUpD
第一建設工業(株)【東証スタンダード上場】,saiyo@daiichi-kensetsu.co.jp,,https://www.daiichi-kensetsu.co.jp/,"一部（50,000円） 2件",0.0%,100.0%,0.0%,2,74313,2026-09-22T10:55:17+09:00,https://job.mynavi.jp/28/pc/corpinfo/displayInternship/index?corpId=74313&optNo=-utpQ
第一電通(株),kodama@daiichi-dentsu.co.jp,0574-62-8781; 080-6873-0596,http://www.daiichi-dentsu.co.jp/; https://www.daiichi-dentsu.co.jp/,全額 1件,100.0%,0.0%,0.0%,1,251188,2026-09-22T10:55:17+09:00,https://job.mynavi.jp/28/pc/corpinfo/displayInternship/index?corpId=251188&optNo=11bLm
管清工業(株),info-kyujin@kansei-pipe.co.jp,03-4330-7170; 03-4330-7172,https://www.kansei-pipe.co.jp/,その他 2件,0.0%,0.0%,100.0%,2,78257,2026-09-22T10:55:17+09:00,https://job.mynavi.jp/28/pc/corpinfo/displayInternship/index?corpId=78257&optNo=Reamf
紅屋商事(株)＜カブセンター・ベニーマート・メガドラッグ・メガ調剤薬局＞,Recruit@beny.co.jp; syun_kudo@beny.co.jp,080-1663-6752; 090-6258-0209,https://www.beny.co.jp/,その他 2件,0.0%,0.0%,100.0%,2,66262,2026-09-22T10:55:17+09:00,https://job.mynavi.jp/28/pc/corpinfo/displayInternship/index?corpId=66262&optNo=6RKGl
紙小津産業(株),koz-recruit@kamioz.co.jp,0598-51-0003,https://recruit-kamioz.com/,"一部（5,000円） 1件",0.0%,100.0%,0.0%,1,248539,2026-09-22T10:55:17+09:00,https://job.mynavi.jp/28/pc/corpinfo/displayInternship/index?corpId=248539&optNo=laqyp
総社花萬(株)【総社セレモニーホール】,harada@hana-man.co.jp,0866-92-0125; 0866-95-2400,https://www.hana-man.co.jp/,"一部（1,500円） 3件",0.0%,100.0%,0.0%,3,288865,2026-09-22T10:55:17+09:00,https://job.mynavi.jp/28/pc/corpinfo/displayInternship/index?corpId=288865&optNo=Vfw-U
美勢商事(株),kanri@ms.mise.co.jp,0263-52-1248; 0263-54-0251,http://www.mise.co.jp/ms/; https://kirara-link.jp/,その他 1件,0.0%,0.0%,100.0%,1,222419,2026-09-22T10:55:17+09:00,https://job.mynavi.jp/28/pc/corpinfo/displayInternship/index?corpId=222419&optNo=BalUm
美建工業(株),saiyo@bikenkougyou.co.jp,084-976-0206,https://www.bikenkougyou.co.jp/,"一部（2,000円） 2件",0.0%,100.0%,0.0%,2,80958,2026-09-22T10:55:17+09:00,https://job.mynavi.jp/28/pc/corpinfo/displayInternship/index?corpId=80958&optNo=CI3ta
臼幸産業(株),saiyo@usuko.co.jp,0550-76-1200,http://usuko.co.jp/; https://usuko-housing.com/,"一部（3,000円） 2件",0.0%,100.0%,0.0%,2,234567,2026-09-22T10:55:17+09:00,https://job.mynavi.jp/28/pc/corpinfo/displayInternship/index?corpId=234567&optNo=-Iw90
興和江守(株),saiyo@emori.co.jp,0120-133-214; 0776-36-6521,http://www.emori.co.jp/; https://www.emori.co.jp/,その他 1件,0.0%,0.0%,100.0%,1,216664,2026-09-22T10:55:17+09:00,https://job.mynavi.jp/28/pc/corpinfo/displayInternship/index?corpId=216664&optNo=0vDjm
英進館(株),eishinkan-saiyou@eishinkan.co.jp,092-711-9520,https://www.eishinkan.net/,その他 3件,0.0%,0.0%,100.0%,3,68634,2026-09-22T10:55:17+09:00,https://job.mynavi.jp/28/pc/corpinfo/displayInternship/index?corpId=68634&optNo=Bx2nV
草野作工(株),y-sasaki@kusanosk.co.jp,,https://www.kusanosk.co.jp/,全額 1件,100.0%,0.0%,0.0%,1,250962,2026-09-22T10:55:17+09:00,https://job.mynavi.jp/28/pc/corpinfo/displayInternship/index?corpId=250962&optNo=EyVzU
萩原建設工業(株),saiyo@hagiwara-inc.co.jp,011-205-0058,https://www.hagiwara-inc.co.jp/,全額 1件,100.0%,0.0%,0.0%,1,87846,2026-09-22T10:55:17+09:00,https://job.mynavi.jp/28/pc/corpinfo/displayInternship/index?corpId=87846&optNo=e5KU2
藤巻発電(株),contact@fujimaki-co.jp,0269-62-3916,https://fujimaki-power.com/,その他 1件,0.0%,0.0%,100.0%,1,274322,2026-09-22T10:55:17+09:00,https://job.mynavi.jp/28/pc/corpinfo/displayInternship/index?corpId=274322&optNo=aU0J7
藤本化学製品(株),f-saiyou@fujimoto-chem.co.jp,,https://www.fujimoto-chem.co.jp/,全額 1件,100.0%,0.0%,0.0%,1,111376,2026-09-22T10:55:17+09:00,https://job.mynavi.jp/28/pc/corpinfo/displayInternship/index?corpId=111376&optNo=JgkND
藪建設(株),jinji@yabu-kensetsu.co.jp,059-230-8899,https://www.yabu-kensetsu.co.jp/,"一部（10,000円） 1件",0.0%,100.0%,0.0%,1,103025,2026-09-22T10:55:17+09:00,https://job.mynavi.jp/28/pc/corpinfo/displayInternship/index?corpId=103025&optNo=GAde2
虹技(株)【東証スタンダード市場上場】,r-kawasaki@kogi.co.jp,,https://www.kogi.co.jp/,"一部（20,000円） 1件",0.0%,100.0%,0.0%,1,57948,2026-09-22T10:55:17+09:00,https://job.mynavi.jp/28/pc/corpinfo/displayInternship/index?corpId=57948&optNo=xr1ht
西日本開発(株),soumu@wj-dev.com,0957-28-6000,https://wj-dev.com/,全額 1件,100.0%,0.0%,0.0%,1,259812,2026-09-22T10:55:17+09:00,https://job.mynavi.jp/28/pc/corpinfo/displayInternship/index?corpId=259812&optNo=SSYyn
西日本電線(株),saiyo@nnd.co.jp,097-537-5552,https://www.nnd.co.jp/,"一部（20,000円） 1件",0.0%,100.0%,0.0%,1,212823,2026-09-22T10:55:17+09:00,https://job.mynavi.jp/28/pc/corpinfo/displayInternship/index?corpId=212823&optNo=OC38U
西田精麦(株),c-goto@westa.co.jp,080-9212-3882,https://westa.co.jp/,その他 2件,0.0%,0.0%,100.0%,2,202422,2026-09-22T10:55:17+09:00,https://job.mynavi.jp/28/pc/corpinfo/displayInternship/index?corpId=202422&optNo=qAylf
西芝電機(株)【東芝グループ】,saiyo@nishishiba.toshiba.co.jp,079-271-2371,,"一部（10,000円） 1件",0.0%,100.0%,0.0%,1,1679,2026-09-22T10:55:17+09:00,https://job.mynavi.jp/28/pc/corpinfo/displayInternship/index?corpId=1679&optNo=71scI
西谷技術コンサルタント(株),saiyo@nishi-tc.co.jp,,https://www.nishi-tc.co.jp,その他 6件,0.0%,0.0%,100.0%,6,207090,2026-09-22T10:55:17+09:00,https://job.mynavi.jp/28/pc/corpinfo/displayInternship/index?corpId=207090&optNo=5Z9yn
西部熱機(株),recruit@seibunekki.co.jp,082-291-7698,https://seibunekki.co.jp/,"一部（2,000円） 3件",0.0%,100.0%,0.0%,3,269345,2026-09-22T10:55:17+09:00,https://job.mynavi.jp/28/pc/corpinfo/displayInternship/index?corpId=269345&optNo=5OTKh
誠和工機(株),saiyo@seiwakouki.co.jp,0834-63-0066,,"一部（10,000円） 1件",0.0%,100.0%,0.0%,1,97343,2026-09-22T10:55:17+09:00,https://job.mynavi.jp/28/pc/corpinfo/displayInternship/index?corpId=97343&optNo=WI13V
谷内工業(株),shigoto@taniuti.co.jp,0766-84-8821,http://www.taniuti.com/,その他 1件,0.0%,0.0%,100.0%,1,227095,2026-09-22T10:55:17+09:00,https://job.mynavi.jp/28/pc/corpinfo/displayInternship/index?corpId=227095&optNo=rkXS3
豊安工業(株),saiyo@e-houan.co.jp,0566-81-0885,https://www.e-houan.co.jp/,"一部（20,000円） 2件",0.0%,100.0%,0.0%,2,204549,2026-09-22T10:55:17+09:00,https://job.mynavi.jp/28/pc/corpinfo/displayInternship/index?corpId=204549&optNo=KRagy
豊生ブレーキ工業(株),ma-sano@hosei.co.jp,,https://www.hosei.co.jp/,その他 1件,0.0%,0.0%,100.0%,1,66432,2026-09-22T10:55:17+09:00,https://job.mynavi.jp/28/pc/corpinfo/displayInternship/index?corpId=66432&optNo=U090o
豊田メタル (株)【豊田通商グループ】,fujiki@mtl.toyotsu.net; miyazaki@mtl.toyotsu.net,0569-22-2311,http://www.toyotametal.com/,その他 1件,0.0%,0.0%,100.0%,1,278849,2026-09-22T10:55:17+09:00,https://job.mynavi.jp/28/pc/corpinfo/displayInternship/index?corpId=278849&optNo=6RmNv
豊証券(株)【ゆたか証券】,internship@yutaka-sec.co.jp; jinji@yutaka-sec.co.jp,0120-317-556,http://www.yutaka-sec.co.jp/; https://www.yutaka-sec.co.jp/,"一部（1,000円） 1件 / 一部（3,000円） 1件",0.0%,100.0%,0.0%,2,13352,2026-09-22T10:55:17+09:00,https://job.mynavi.jp/28/pc/corpinfo/displayInternship/index?corpId=13352&optNo=BA1tz
辻寅建設(株),saiyo@tsujitora.co.jp,0748-62-0920,https://tsujitora.com/; https://tsujitora123.blog.jp/,"一部（3,000円） 1件 / その他 1件",0.0%,50.0%,50.0%,2,209906,2026-09-22T10:55:17+09:00,https://job.mynavi.jp/28/pc/corpinfo/displayInternship/index?corpId=209906&optNo=0IFlv
近藤工業(株),saiyou@kondo.co.jp,0566-36-8550,https://www.kogyo.kondo.co.jp/,"一部（3,000円） 2件",0.0%,100.0%,0.0%,2,113057,2026-09-22T10:55:17+09:00,https://job.mynavi.jp/28/pc/corpinfo/displayInternship/index?corpId=113057&optNo=6JzmD
近鉄不動産(株),j-recruit@kintetsu-re.co.jp,06-6776-3060,https://www.kintetsu-re.co.jp/laurel/; https://www.youtube.com/channel/UCebTwaF-DHKwl4nOJC3qRCA,その他 1件,0.0%,0.0%,100.0%,1,52471,2026-09-22T10:55:17+09:00,https://job.mynavi.jp/28/pc/corpinfo/displayInternship/index?corpId=52471&optNo=EzxEH
進興電気製造(株),soumubu-3@shinko-heater.co.jp,086-954-0046,https://shinko-heater.co.jp/,"一部（10,000円） 1件",0.0%,100.0%,0.0%,1,258255,2026-09-22T10:55:17+09:00,https://job.mynavi.jp/28/pc/corpinfo/displayInternship/index?corpId=258255&optNo=yl0Hd
道東あさひ農業協同組合（JA道東あさひ）,yumi.ito@ja-doutouasahi.or.jp,0153-75-2201,https://www.ja-doutouasahi.or.jp/,"一部（50,000円） 1件",0.0%,100.0%,0.0%,1,106978,2026-09-22T10:55:17+09:00,https://job.mynavi.jp/28/pc/corpinfo/displayInternship/index?corpId=106978&optNo=XzRLm
道興建設(株),recruit@dohkoh.jp,011-573-2322,http://dohkoh.jp/,その他 1件,0.0%,0.0%,100.0%,1,244430,2026-09-22T10:55:17+09:00,https://job.mynavi.jp/28/pc/corpinfo/displayInternship/index?corpId=244430&optNo=4G0y-
道路工業(株),k_yamada@dorokogyo.co.jp,011-561-2251,,その他 1件,0.0%,0.0%,100.0%,1,243165,2026-09-22T10:55:17+09:00,https://job.mynavi.jp/28/pc/corpinfo/displayInternship/index?corpId=243165&optNo=80xgf
郡山信用金庫,hd013@gunshin.co.jp,024-932-2222,,その他 1件,0.0%,0.0%,100.0%,1,232125,2026-09-22T10:55:17+09:00,https://job.mynavi.jp/28/pc/corpinfo/displayInternship/index?corpId=232125&optNo=NpSJB
都北産業(株)【ザ・ガーデン】,honsya@tohokusangyou.co.jp,0986-38-2579; 0986-38-2860,https://tohokusangyou.co.jp/,その他 2件,0.0%,0.0%,100.0%,2,110339,2026-09-22T10:55:17+09:00,https://job.mynavi.jp/28/pc/corpinfo/displayInternship/index?corpId=110339&optNo=jiiq-
都築木材(株),recruit.tzk@tsuzukicorp.co.jp,0265-72-3140,https://www.tsuzukicorp.co.jp/,"一部（10,000円） 1件",0.0%,100.0%,0.0%,1,275057,2026-09-22T10:55:17+09:00,https://job.mynavi.jp/28/pc/corpinfo/displayInternship/index?corpId=275057&optNo=cAHXn
金星製紙(株),aoyama@kinseiseishi.co.jp,088-822-8102,https://www.facebook.com/kinseiseishi.co.jp; https://www.kinseiseishi.co.jp/,"一部（1,000円） 1件",0.0%,100.0%,0.0%,1,221704,2026-09-22T10:55:17+09:00,https://job.mynavi.jp/28/pc/corpinfo/displayInternship/index?corpId=221704&optNo=nwu81
金沢中央農業協同組合【JA金沢中央】,soumu@c-kanazawa.is-ja.jp,076-266-5000,,"一部（3,000円） 1件",0.0%,100.0%,0.0%,1,224397,2026-09-22T10:55:17+09:00,https://job.mynavi.jp/28/pc/corpinfo/displayInternship/index?corpId=224397&optNo=FyZrB
釧路信用金庫,kushiro.somu@kushiroshinkin.co.jp,,https://www.shinkin.co.jp/kushiro/,"一部（5,000円） 2件",0.0%,100.0%,0.0%,2,63848,2026-09-22T10:55:17+09:00,https://job.mynavi.jp/28/pc/corpinfo/displayInternship/index?corpId=63848&optNo=5LDT0
鈴与カーゴネット(株),scn.recruit@suzuyo.co.jp,,https://www.suzuyo-scn.co.jp/,"一部（15,000円） 1件",0.0%,100.0%,0.0%,1,213316,2026-09-22T10:55:17+09:00,https://job.mynavi.jp/28/pc/corpinfo/displayInternship/index?corpId=213316&optNo=VDsyX
鈴与建設(株),saiyou@suzuyo-kensetsu.jp,054-354-3401; 054-354-3415,https://www.suzuyo-kensetsu.co.jp/,"一部（30,000円） 3件",0.0%,100.0%,0.0%,3,61509,2026-09-22T10:55:17+09:00,https://job.mynavi.jp/28/pc/corpinfo/displayInternship/index?corpId=61509&optNo=Il6El
長崎日産自動車(株),nsa000394@nagasaki-nissan.co.jp,095-824-2323,https://ni-nagasaki.nissan-dealer.jp/,"一部（1,000円） 1件",0.0%,100.0%,0.0%,1,57255,2026-09-22T10:55:17+09:00,https://job.mynavi.jp/28/pc/corpinfo/displayInternship/index?corpId=57255&optNo=94g6y
長州産業(株),soumu@choshu.co.jp,0836-71-1110,https://choshu.co.jp/; https://www.youtube.com/channel/UCp4z115uhqEYBwurx3r2k9g,"一部（30,000円） 2件",0.0%,100.0%,0.0%,2,85477,2026-09-22T10:55:17+09:00,https://job.mynavi.jp/28/pc/corpinfo/displayInternship/index?corpId=85477&optNo=7ZOpv
長谷川体育施設(株),recruit@hasetai.com,03-3422-5331,https://hasetai.com/,全額 1件,100.0%,0.0%,0.0%,1,15531,2026-09-22T10:55:17+09:00,https://job.mynavi.jp/28/pc/corpinfo/displayInternship/index?corpId=15531&optNo=mE0Od
長谷虎紡績(株),s-watanabe@hasetora.co.jp,058-392-2121; 058-392-2126,https://hasetora.co.jp/,その他 2件,0.0%,0.0%,100.0%,2,235921,2026-09-22T10:55:17+09:00,https://job.mynavi.jp/28/pc/corpinfo/displayInternship/index?corpId=235921&optNo=hXv6a
長野愛知電機(株)【愛知電機グループ】,info@nagano-aichi.jp,026-292-0885,https://nagano-aichi.jp/,"一部（10,000円） 1件",0.0%,100.0%,0.0%,1,90693,2026-09-22T10:55:17+09:00,https://job.mynavi.jp/28/pc/corpinfo/displayInternship/index?corpId=90693&optNo=u-bkm
長野機材(株),soumu@naganokizai.co.jp,,https://naganokizai; https://naganokizai.co.jp/home/,その他 2件,0.0%,0.0%,100.0%,2,204280,2026-09-22T10:55:17+09:00,https://job.mynavi.jp/28/pc/corpinfo/displayInternship/index?corpId=204280&optNo=C2guy
阪神園芸(株)【阪急阪神東宝グループ】,saiyo@hanshinengei.co.jp,0798-47-3538,https://www.hanshinengei.co.jp/,その他 1件,0.0%,0.0%,100.0%,1,221545,2026-09-22T10:55:17+09:00,https://job.mynavi.jp/28/pc/corpinfo/displayInternship/index?corpId=221545&optNo=n4-pm
電制コムテック(株),saiyo@dencom.co.jp,011-380-2101,https://www.dencom.co.jp,"一部（2,000円） 3件",0.0%,100.0%,0.0%,3,205212,2026-09-22T10:55:17+09:00,https://job.mynavi.jp/28/pc/corpinfo/displayInternship/index?corpId=205212&optNo=OLHTq
静和工業(株),soumu-bu@seiwa-kogyo.com,054-285-7141,,"一部（3,000円） 1件",0.0%,100.0%,0.0%,1,243686,2026-09-22T10:55:17+09:00,https://job.mynavi.jp/28/pc/corpinfo/displayInternship/index?corpId=243686&optNo=4Yp73
非破壊検査(株),recruit@hihakaikensa.co.jp,06-6539-5821,http://www.hihakaikensa.co.jp/,"一部（30,000円） 1件",0.0%,100.0%,0.0%,1,212651,2026-09-22T10:55:17+09:00,https://job.mynavi.jp/28/pc/corpinfo/displayInternship/index?corpId=212651&optNo=P2RfD
飯島電子工業(株),recruit@iijima-e.co.jp,0533-67-2827,https://www.iijima-e.co.jp/,"一部（3,000円） 3件",0.0%,100.0%,0.0%,3,111948,2026-09-22T10:55:17+09:00,https://job.mynavi.jp/28/pc/corpinfo/displayInternship/index?corpId=111948&optNo=5szzm
香川県信用組合,kenshin@ninus.ocn.ne.jp,087-833-3313,,その他 1件,0.0%,0.0%,100.0%,1,80635,2026-09-22T10:55:17+09:00,https://job.mynavi.jp/28/pc/corpinfo/displayInternship/index?corpId=80635&optNo=LtafW
馬淵建設(株),y_sanada@mzec.co.jp,045-712-4842,https://www.mzec.co.jp/,その他 1件,0.0%,0.0%,100.0%,1,84644,2026-09-22T10:55:17+09:00,https://job.mynavi.jp/28/pc/corpinfo/displayInternship/index?corpId=84644&optNo=hVfK-
高橋土建(株),takahashi@takahashidoken.co.jp,,http://www.takahashidoken.co.jp/,全額 3件,100.0%,0.0%,0.0%,3,252519,2026-09-22T10:55:17+09:00,https://job.mynavi.jp/28/pc/corpinfo/displayInternship/index?corpId=252519&optNo=6yIK4
鵬技術コンサルタント(株),k-asai@otori-eng.com,0858-26-4601,https://www.otori-eng.com/,その他 2件,0.0%,0.0%,100.0%,2,282436,2026-09-22T10:55:17+09:00,https://job.mynavi.jp/28/pc/corpinfo/displayInternship/index?corpId=282436&optNo=OclJd
"黒田化学(株)【KURODA KAGAKU CO., LTD.】",jinji@kuroda-kagaku.co.jp,0766-67-5085; 0766-67-5086,http://www.kuroda-kagaku.co.jp/; https://www.youtube.com/watch?v=9faPeX_o_bU,全額 1件,100.0%,0.0%,0.0%,1,79924,2026-09-22T10:55:17+09:00,https://job.mynavi.jp/28/pc/corpinfo/displayInternship/index?corpId=79924&optNo=FbW9m
黒部川電力(株),kuroden_k@kuroden.co.jp,025-556-6015,https://www.kurobegawa-denryoku.com/,"一部（10,000円） 2件",0.0%,100.0%,0.0%,2,88867,2026-09-22T10:55:17+09:00,https://job.mynavi.jp/28/pc/corpinfo/displayInternship/index?corpId=88867&optNo=T-v3p
齋藤木材工業(株),soumu@saito-mokuzai.co.jp,0268-68-3535,https://saito-mokuzai.co.jp/,その他 1件,0.0%,0.0%,100.0%,1,284049,2026-09-22T10:55:17+09:00,https://job.mynavi.jp/28/pc/corpinfo/displayInternship/index?corpId=284049&optNo=eZzJq
(有)ながたに生花,,0120-02-1187,,"一部（10,000円） 1件",0.0%,100.0%,0.0%,1,270757,2026-09-22T10:55:17+09:00,https://job.mynavi.jp/28/pc/corpinfo/displayInternship/index?corpId=270757&optNo=KPK4H
(有)パインランドデーリィ,,,,"一部（50,000円） 1件",0.0%,100.0%,0.0%,1,215948,2026-09-22T10:55:17+09:00,https://job.mynavi.jp/28/pc/corpinfo/displayInternship/index?corpId=215948&optNo=5g89-
(有)八ヶ岳グレイスホテル,,0267-91-9515; 0267-91-9516,https://www.y-grace.com/,その他 1件,0.0%,0.0%,100.0%,1,263592,2026-09-22T10:55:17+09:00,https://job.mynavi.jp/28/pc/corpinfo/displayInternship/index?corpId=263592&optNo=IOLZD
(株)AIHO,,0533-88-7204,https://www.aiho.co.jp/,その他 1件,0.0%,0.0%,100.0%,1,52697,2026-09-22T10:55:17+09:00,https://job.mynavi.jp/28/pc/corpinfo/displayInternship/index?corpId=52697&optNo=SH1av
(株)AKシステム,,097-529-8812,https://www.aksys.co.jp/,"一部（10,000円） 3件",0.0%,100.0%,0.0%,3,85789,2026-09-22T10:55:17+09:00,https://job.mynavi.jp/28/pc/corpinfo/displayInternship/index?corpId=85789&optNo=2JRqo
(株)APパートナーズ,,0120-341-888,http://appart.co.jp/,"一部（3,000円） 2件",0.0%,100.0%,0.0%,2,111417,2026-09-22T10:55:17+09:00,https://job.mynavi.jp/28/pc/corpinfo/displayInternship/index?corpId=111417&optNo=-zTxq
(株)BREXA Technology【SE職】,,03-3286-4884,https://protrude.com/solution/; https://technology.brexa.com/,その他 1件,0.0%,0.0%,100.0%,1,269362,2026-09-22T10:55:17+09:00,https://job.mynavi.jp/28/pc/corpinfo/displayInternship/index?corpId=269362&optNo=NB8t2
(株)HoQホールディングス [グループ募集],,,https://www.hoq.jp/,"一部（6,000円） 1件",0.0%,100.0%,0.0%,1,228417,2026-09-22T10:55:17+09:00,https://job.mynavi.jp/28/pc/corpinfo/displayInternship/index?corpId=228417&optNo=JAt2z
(株)ISEKI Japan 北海道カンパニー,,0126-22-3388,https://www.iseki-japan.co.jp/hokkaido/,全額 1件,100.0%,0.0%,0.0%,1,92635,2026-09-22T10:55:17+09:00,https://job.mynavi.jp/28/pc/corpinfo/displayInternship/index?corpId=92635&optNo=AM91t
(株)ISEKI Japan 関西中部カンパニー,,0566-92-7221,,その他 1件,0.0%,0.0%,100.0%,1,205252,2026-09-22T10:55:17+09:00,https://job.mynavi.jp/28/pc/corpinfo/displayInternship/index?corpId=205252&optNo=kNP9s
(株)MONNALI,,06-6343-3220,https://www.monnali.co.jp,"一部（1,000円） 1件",0.0%,100.0%,0.0%,1,277567,2026-09-22T10:55:17+09:00,https://job.mynavi.jp/28/pc/corpinfo/displayInternship/index?corpId=277567&optNo=4xF-f
(株)Phoenixテクノロジーズ,,06-6121-2462,https://phoenix-tecs.com/,その他 1件,0.0%,0.0%,100.0%,1,294959,2026-09-22T10:55:17+09:00,https://job.mynavi.jp/28/pc/corpinfo/displayInternship/index?corpId=294959&optNo=MZZms
(株)TBエンジニアリング【トヨタ紡織グループ】,,0565-37-0371,https://www.tb-eng.co.jp/,その他 2件,0.0%,0.0%,100.0%,2,233189,2026-09-22T10:55:17+09:00,https://job.mynavi.jp/28/pc/corpinfo/displayInternship/index?corpId=233189&optNo=8XTmd
(株)Wiz,,050-1791-6638,https://012grp.co.jp/; https://community.012grp.co.jp/,その他 1件,0.0%,0.0%,100.0%,1,98532,2026-09-22T10:55:17+09:00,https://job.mynavi.jp/28/pc/corpinfo/displayInternship/index?corpId=98532&optNo=FpXII
(株)いわせき,,0126-22-1800,http://www.iwaseki.jp/,その他 1件,0.0%,0.0%,100.0%,1,265258,2026-09-22T10:55:17+09:00,https://job.mynavi.jp/28/pc/corpinfo/displayInternship/index?corpId=265258&optNo=q0Mnd
(株)たちばな,,026-238-0560,https://www.instagram.com/tachibana.recruit?igsh=eGNzaHFucmoycDRo; https://www.tachibana-group.co.jp/recruit/; https://www.tachibana-group.co.jp/recruit/variety_digest/,その他 1件,0.0%,0.0%,100.0%,1,83701,2026-09-22T10:55:17+09:00,https://job.mynavi.jp/28/pc/corpinfo/displayInternship/index?corpId=83701&optNo=3n2vV
(株)はくばく,,055-274-8989,https://www.hakubaku.co.jp; https://www.hakubaku.co.jp/omugi-lab/,全額 2件,100.0%,0.0%,0.0%,2,206602,2026-09-22T10:55:17+09:00,https://job.mynavi.jp/28/pc/corpinfo/displayInternship/index?corpId=206602&optNo=JZYyX
(株)アイリス,,0276-38-8941,,全額 1件,100.0%,0.0%,0.0%,1,39306,2026-09-22T10:55:17+09:00,https://job.mynavi.jp/28/pc/corpinfo/displayInternship/index?corpId=39306&optNo=vMdr2
(株)アクタガワ,,,,その他 1件,0.0%,0.0%,100.0%,1,109852,2026-09-22T10:55:17+09:00,https://job.mynavi.jp/28/pc/corpinfo/displayInternship/index?corpId=109852&optNo=26r0m
(株)アグリテクノ,,024-597-6602,,その他 1件,0.0%,0.0%,100.0%,1,258063,2026-09-22T10:55:17+09:00,https://job.mynavi.jp/28/pc/corpinfo/displayInternship/index?corpId=258063&optNo=Y7CHm
(株)アサヒファシリティズ【竹中工務店グループ】,,03-5683-1192,https://asahifacilities.com/,"一部（2,000円） 2件",0.0%,100.0%,0.0%,2,74541,2026-09-22T10:55:17+09:00,https://job.mynavi.jp/28/pc/corpinfo/displayInternship/index?corpId=74541&optNo=aZWlt
(株)アストエンジ,,072-349-6340,https://www.ast-eng.co.jp/,全額 1件,100.0%,0.0%,0.0%,1,241694,2026-09-22T10:55:17+09:00,https://job.mynavi.jp/28/pc/corpinfo/displayInternship/index?corpId=241694&optNo=B2zUh
(株)アップデート,,,https://www.update-up.com/,その他 1件,0.0%,0.0%,100.0%,1,294412,2026-09-22T10:55:17+09:00,https://job.mynavi.jp/28/pc/corpinfo/displayInternship/index?corpId=294412&optNo=aFdzB
(株)アドテックエンジニアリング,,0258-42-3111,https://www.adtec.com/,その他 1件,0.0%,0.0%,100.0%,1,86800,2026-09-22T10:55:17+09:00,https://job.mynavi.jp/28/pc/corpinfo/displayInternship/index?corpId=86800&optNo=p5njo
(株)アンレット,,0567-95-1211,https://www.anlet.co.jp/,"一部（20,000円） 1件",0.0%,100.0%,0.0%,1,267533,2026-09-22T10:55:17+09:00,https://job.mynavi.jp/28/pc/corpinfo/displayInternship/index?corpId=267533&optNo=cft2g
(株)アートネイチャー【東証スタンダード市場上場】,,03-3379-7121,,その他 1件,0.0%,0.0%,100.0%,1,95782,2026-09-22T10:55:17+09:00,https://job.mynavi.jp/28/pc/corpinfo/displayInternship/index?corpId=95782&optNo=P69Ny
(株)イチテック,,0586-77-5131,,その他 1件,0.0%,0.0%,100.0%,1,279827,2026-09-22T10:55:17+09:00,https://job.mynavi.jp/28/pc/corpinfo/displayInternship/index?corpId=279827&optNo=Ozy6a
(株)イノベイションオブメディカルサービス【営業事務・医療事務・管理部門コース】,,0463-90-2888,https://ameblo.jp/nakayoshipharm/; https://www.ims-inc.co.jp/; https://www.youtube.com/channel/UCR8KVKBcNLKzXbJrUI2IKKA,"一部（5,000円） 1件",0.0%,100.0%,0.0%,1,275805,2026-09-22T10:55:17+09:00,https://job.mynavi.jp/28/pc/corpinfo/displayInternship/index?corpId=275805&optNo=h6DHa
(株)インプレステック,,0827-54-1177,https://impress-tech.co.jp/,その他 1件,0.0%,0.0%,100.0%,1,242833,2026-09-22T10:55:17+09:00,https://job.mynavi.jp/28/pc/corpinfo/displayInternship/index?corpId=242833&optNo=Bgtrn
(株)イーエス総合研究所,,011-791-1938,https://es-souken.co.jp/,"一部（15,000円） 1件",0.0%,100.0%,0.0%,1,99513,2026-09-22T10:55:17+09:00,https://job.mynavi.jp/28/pc/corpinfo/displayInternship/index?corpId=99513&optNo=QcDNf
(株)ウィルオブ・ワーク,,,,その他 1件,0.0%,0.0%,100.0%,1,220143,2026-09-22T10:55:17+09:00,https://job.mynavi.jp/28/pc/corpinfo/displayInternship/index?corpId=220143&optNo=VF6Ig
(株)ウィーアップコーポレーション,,0586-23-2701,http://www.wee-up.co.jp/company/,"一部（1,000円） 1件",0.0%,100.0%,0.0%,1,201691,2026-09-22T10:55:17+09:00,https://job.mynavi.jp/28/pc/corpinfo/displayInternship/index?corpId=201691&optNo=9gLBY
(株)ウィーズ,,,,全額 1件,100.0%,0.0%,0.0%,1,106231,2026-09-22T10:55:17+09:00,https://job.mynavi.jp/28/pc/corpinfo/displayInternship/index?corpId=106231&optNo=3zmNy
(株)エスクリエイト,,052-222-3600,https://screate-soft.co.jp/,"一部（2,000円） 2件 / その他 1件",0.0%,66.7%,33.3%,3,279409,2026-09-22T10:55:17+09:00,https://job.mynavi.jp/28/pc/corpinfo/displayInternship/index?corpId=279409&optNo=Kr6j0
(株)エストラスト【西部ガスグループ／東証スタンダード上場】,,083-229-1456,http://www.strust.co.jp/; https://www.strust.co.jp/,"一部（5,000円） 3件",0.0%,100.0%,0.0%,3,87319,2026-09-22T10:55:17+09:00,https://job.mynavi.jp/28/pc/corpinfo/displayInternship/index?corpId=87319&optNo=L0p03
(株)エム・エム・ピー,,011-873-8100,,"一部（10,000円） 1件",0.0%,100.0%,0.0%,1,249052,2026-09-22T10:55:17+09:00,https://job.mynavi.jp/28/pc/corpinfo/displayInternship/index?corpId=249052&optNo=atpLy
(株)エースカーゴ,,,https://acecargo.jp/,"一部（5,000円） 1件",0.0%,100.0%,0.0%,1,294159,2026-09-22T10:55:17+09:00,https://job.mynavi.jp/28/pc/corpinfo/displayInternship/index?corpId=294159&optNo=dWA90
(株)オギノ,,0800-170-4820,http://www.ogino.co.jp; https://www.ogino.co.jp/,その他 4件,0.0%,0.0%,100.0%,4,74112,2026-09-22T10:55:17+09:00,https://job.mynavi.jp/28/pc/corpinfo/displayInternship/index?corpId=74112&optNo=5hvSI
(株)オネスト,,03-4216-9000,https://www.honest.co.jp/; https://www.youtube.com/channel/UCsPtDOS7kEJcL8lXZhfNheA,"一部（1,000円） 1件",0.0%,100.0%,0.0%,1,74371,2026-09-22T10:55:17+09:00,https://job.mynavi.jp/28/pc/corpinfo/displayInternship/index?corpId=74371&optNo=XOSTU
(株)オプテージ【関西電力グループ】,,,https://optage.co.jp/,その他 1件,0.0%,0.0%,100.0%,1,74607,2026-09-22T10:55:17+09:00,https://job.mynavi.jp/28/pc/corpinfo/displayInternship/index?corpId=74607&optNo=lvdeH
(株)オホーツクファーム喜多牧場,,080-6081-3957,https://kitafarm.com/; https://www.instagram.com/kitafarm_cow/; https://www.instagram.com/mirutonhouse/,"一部（50,000円） 1件",0.0%,100.0%,0.0%,1,258822,2026-09-22T10:55:17+09:00,https://job.mynavi.jp/28/pc/corpinfo/displayInternship/index?corpId=258822&optNo=iB0Sy
(株)オンセブンデイズ【名鉄グループ】,,,https://www.on-seven-days.jp/home/,"一部（5,000円） 4件",0.0%,100.0%,0.0%,4,286548,2026-09-22T10:55:17+09:00,https://job.mynavi.jp/28/pc/corpinfo/displayInternship/index?corpId=286548&optNo=6Lh6I
(株)カワサキマシンシステムズ (川崎重工グループ),,06-6484-9320,https://www.khi.co.jp/corp/kms/,全額 1件,100.0%,0.0%,0.0%,1,77956,2026-09-22T10:55:17+09:00,https://job.mynavi.jp/28/pc/corpinfo/displayInternship/index?corpId=77956&optNo=LzCwp
(株)カーオート・ジーエム,,0155-36-2210,https://www.cgm-arena.com/,その他 1件,0.0%,0.0%,100.0%,1,270610,2026-09-22T10:55:17+09:00,https://job.mynavi.jp/28/pc/corpinfo/displayInternship/index?corpId=270610&optNo=4nHS7
(株)クマシロシステム設計,,,https://pub.ksfnet.co.jp/,その他 1件,0.0%,0.0%,100.0%,1,276407,2026-09-22T10:55:17+09:00,https://job.mynavi.jp/28/pc/corpinfo/displayInternship/index?corpId=276407&optNo=GpLJ6
(株)クレスコ・ジェイキューブ【旧社名：アルス(株)】,,03-6417-9995,https://www.cresco-jcube.co.jp/,一部 1件,0.0%,100.0%,0.0%,1,207194,2026-09-22T10:55:17+09:00,https://job.mynavi.jp/28/pc/corpinfo/displayInternship/index?corpId=207194&optNo=koKU-
(株)ケイジー技研,,011-261-5001; 011-261-5034,https://www.keizi.co.jp/,その他 4件,0.0%,0.0%,100.0%,4,216286,2026-09-22T10:55:17+09:00,https://job.mynavi.jp/28/pc/corpinfo/displayInternship/index?corpId=216286&optNo=2Ehbf
(株)ケーズホールディングス（ケーズデンキ）,,029-224-9650,,"一部（1,000円） 1件",0.0%,100.0%,0.0%,1,74039,2026-09-22T10:55:17+09:00,https://job.mynavi.jp/28/pc/corpinfo/displayInternship/index?corpId=74039&optNo=M6IR1
(株)コシイプレザービング,,06-6225-2221,https://koshiipreserving.co.jp/recruit/; https://koshiipreserving.co.jp/recruit/news/; https://www.house-g.com/; https://www.koshiipreserving.co.jp/,その他 1件,0.0%,0.0%,100.0%,1,69188,2026-09-22T13:21:13+09:00,https://job.mynavi.jp/28/pc/corpinfo/displayInternship/index?corpId=69188&optNo=EtjjB
(株)コハタ,,0166-48-0136,https://www.khts.co.jp,全額 1件,100.0%,0.0%,0.0%,1,212276,2026-09-22T10:55:17+09:00,https://job.mynavi.jp/28/pc/corpinfo/displayInternship/index?corpId=212276&optNo=Rfb10
(株)コバヤシ,,011-590-1625,https://www.kobayashi-metal.co.jp/,その他 1件,0.0%,0.0%,100.0%,1,225521,2026-09-22T10:55:17+09:00,https://job.mynavi.jp/28/pc/corpinfo/displayInternship/index?corpId=225521&optNo=uOk2v
(株)コメヤ薬局,,076-273-9900,https://komeya-drug.com/,その他 1件,0.0%,0.0%,100.0%,1,80417,2026-09-22T10:55:17+09:00,https://job.mynavi.jp/28/pc/corpinfo/displayInternship/index?corpId=80417&optNo=miU00
(株)コンピューター・ビジネス,,,https://www.cbnet.co.jp/,"一部（10,000円） 3件",0.0%,100.0%,0.0%,3,214103,2026-09-22T10:55:17+09:00,https://job.mynavi.jp/28/pc/corpinfo/displayInternship/index?corpId=214103&optNo=RCirQ
(株)サクラサクセス,,0852-67-6690,https://lin.ee/iZj5zpM; https://twitter.com/sakurasuccess; https://twitter.com/sakusakura_juku; https://www.sakusakura.jp/,"一部（90,000円） 4件",0.0%,100.0%,0.0%,4,206485,2026-09-22T10:55:17+09:00,https://job.mynavi.jp/28/pc/corpinfo/displayInternship/index?corpId=206485&optNo=-Gn7o
(株)サムソン,,0875-25-5513,https://www.samson.co.jp/,その他 2件,0.0%,0.0%,100.0%,2,80226,2026-09-22T10:55:17+09:00,https://job.mynavi.jp/28/pc/corpinfo/displayInternship/index?corpId=80226&optNo=OhJ6W
(株)サンクリエイト【サンホテル】,,070-9328-6954,https://note.com/suncreate_note/n/n93d88e92a8bc; https://suncreate-inc.com/; https://sunhotel-funabashi.com/,その他 1件,0.0%,0.0%,100.0%,1,245051,2026-09-22T10:55:17+09:00,https://job.mynavi.jp/28/pc/corpinfo/displayInternship/index?corpId=245051&optNo=V0nlh
(株)サンディ,,06-6396-5571,https://www.sundi.co.jp/,"一部（1,000円） 1件",0.0%,100.0%,0.0%,1,204532,2026-09-22T10:55:17+09:00,https://job.mynavi.jp/28/pc/corpinfo/displayInternship/index?corpId=204532&optNo=hJN7O
(株)システムプラン,,0268-27-3116,https://www.systemplan.co.jp/company/summary/,その他 2件,0.0%,0.0%,100.0%,2,293901,2026-09-22T10:55:17+09:00,https://job.mynavi.jp/28/pc/corpinfo/displayInternship/index?corpId=293901&optNo=gMe1v
(株)シティ・コム,,06-6309-9920,http://www.citycom.co.jp/,"一部（10,000円） 1件",0.0%,100.0%,0.0%,1,74882,2026-09-22T10:55:17+09:00,https://job.mynavi.jp/28/pc/corpinfo/displayInternship/index?corpId=74882&optNo=Zrt1n
(株)シマ商会,,,,その他 1件,0.0%,0.0%,100.0%,1,89965,2026-09-22T10:55:17+09:00,https://job.mynavi.jp/28/pc/corpinfo/displayInternship/index?corpId=89965&optNo=hHr1I
(株)シンコー,,076-483-3324,https://www.shinkogp.co.jp/,その他 1件,0.0%,0.0%,100.0%,1,102186,2026-09-22T10:55:17+09:00,https://job.mynavi.jp/28/pc/corpinfo/displayInternship/index?corpId=102186&optNo=MJBia
(株)シン技術コンサル,,011-859-2600,https://shin-eng-recruit.jp/; https://shin-eng-recruit.jp/entry/,"一部（30,000円） 1件",0.0%,100.0%,0.0%,1,222322,2026-09-22T10:55:17+09:00,https://job.mynavi.jp/28/pc/corpinfo/displayInternship/index?corpId=222322&optNo=9u0Np
(株)ジェイアール東海高島屋【JR名古屋高島屋】,,052-566-3826,,その他 1件,0.0%,0.0%,100.0%,1,64296,2026-09-22T10:55:17+09:00,https://job.mynavi.jp/28/pc/corpinfo/displayInternship/index?corpId=64296&optNo=tvXJ1
(株)ジョイフル,,0120-81-1145,https://www.joyfull.co.jp,その他 3件,0.0%,0.0%,100.0%,3,99631,2026-09-22T10:55:17+09:00,https://job.mynavi.jp/28/pc/corpinfo/displayInternship/index?corpId=99631&optNo=ecmZ7
(株)ジーエスエレテック【デンソーグループ】,,0565-78-2978,http://www.gs-electech.co.jp/,"一部（15,000円） 2件 / その他 1件",0.0%,66.7%,33.3%,3,218163,2026-09-22T10:55:17+09:00,https://job.mynavi.jp/28/pc/corpinfo/displayInternship/index?corpId=218163&optNo=Z689O
(株)スギムラ精工,,0266-75-1387,,"一部（10,000円） 2件",0.0%,100.0%,0.0%,2,231867,2026-09-22T10:55:17+09:00,https://job.mynavi.jp/28/pc/corpinfo/displayInternship/index?corpId=231867&optNo=gq8qD
(株)スチールハブ【今治造船グループ】,,,https://steelhub.co.jp/; https://steelhub.co.jp/recruit/data/,"一部（35,000円） 1件",0.0%,100.0%,0.0%,1,91754,2026-09-22T10:55:17+09:00,https://job.mynavi.jp/28/pc/corpinfo/displayInternship/index?corpId=91754&optNo=Zppp4
(株)スドージャム,,0263-72-7200,http://www.sudo-jam.co.jp/,その他 1件,0.0%,0.0%,100.0%,1,97056,2026-09-22T10:55:17+09:00,https://job.mynavi.jp/28/pc/corpinfo/displayInternship/index?corpId=97056&optNo=gBPJ7
(株)スニック【スズキグループ】,,0538-66-5511,http://www.snic.jp,その他 2件,0.0%,0.0%,100.0%,2,279661,2026-09-22T10:55:17+09:00,https://job.mynavi.jp/28/pc/corpinfo/displayInternship/index?corpId=279661&optNo=0uPgf
(株)ソフトウェアコントロール,,03-3669-8211; 06-6337-3501,https://www.scnet.co.jp/; https://www.youtube.com/watch?v=2YgdVd5_E4w; https://youtu.be/AWpxJ7b8u4Q?si=azMQ1; https://youtu.be/AWpxJ7b8u4Q?si=azMQ1TeKhG; https://youtu.be/AWpxJ7b8u4Q?si=azMQ1TeKhGM5s70a,"一部（3,000円） 1件",0.0%,100.0%,0.0%,1,38343,2026-09-22T10:55:17+09:00,https://job.mynavi.jp/28/pc/corpinfo/displayInternship/index?corpId=38343&optNo=rOET1
(株)ソルテック,,011-211-4301,https://sol-tec.jp,"一部（3,000円） 1件",0.0%,100.0%,0.0%,1,102621,2026-09-22T10:55:17+09:00,https://job.mynavi.jp/28/pc/corpinfo/displayInternship/index?corpId=102621&optNo=P9v0t
(株)タクマプラント【タクマグループ】,,06-6488-8434,https://takuma-plant.co.jp/,"一部（10,000円） 1件",0.0%,100.0%,0.0%,1,239845,2026-09-22T10:55:17+09:00,https://job.mynavi.jp/28/pc/corpinfo/displayInternship/index?corpId=239845&optNo=J8fxl
(株)ダイキンアプライドシステムズ【ダイキン工業グループ】,,03-6712-3020; 06-6245-7950,http://www.daps.co.jp/,その他 2件,0.0%,0.0%,100.0%,2,203764,2026-09-22T10:55:17+09:00,https://job.mynavi.jp/28/pc/corpinfo/displayInternship/index?corpId=203764&optNo=wAbwq
(株)テイケン,,0823-87-3333; 0823-87-3337,https://www.teiken-corporation.com/company/company.html; https://www.teiken-corporation.com/recruit/interview.html; https://youtu.be/MwhoKxcUns4,全額 1件,100.0%,0.0%,0.0%,1,272055,2026-09-22T10:55:17+09:00,https://job.mynavi.jp/28/pc/corpinfo/displayInternship/index?corpId=272055&optNo=ywtBq
(株)ディアーズ・ブレイン ホールディングス [グループ募集],,,,その他 1件,0.0%,0.0%,100.0%,1,79357,2026-09-22T10:55:17+09:00,https://job.mynavi.jp/28/pc/corpinfo/displayInternship/index?corpId=79357&optNo=EzF56
(株)ディスコ【東証プライム市場上場】,,,https://www.disco.co.jp; https://www.disco.co.jp/; https://www.disco.co.jp/recruit/information/hiroshima/index.html; https://www.disco.co.jp/recruit/information/hiroshima/new.html,その他 2件,0.0%,0.0%,100.0%,2,60772,2026-09-22T10:55:17+09:00,https://job.mynavi.jp/28/pc/corpinfo/displayInternship/index?corpId=60772&optNo=18DK1
(株)デザートランド,,045-593-2920,,"一部（2,000円） 1件",0.0%,100.0%,0.0%,1,272198,2026-09-22T10:55:17+09:00,https://job.mynavi.jp/28/pc/corpinfo/displayInternship/index?corpId=272198&optNo=WP6z2
(株)トヨタレンタリース大阪,,,,"一部（2,000円） 1件",0.0%,100.0%,0.0%,1,65717,2026-09-22T10:55:17+09:00,https://job.mynavi.jp/28/pc/corpinfo/displayInternship/index?corpId=65717&optNo=E5agO
(株)トラストコミュニティ【エストラストグループ】,,083-229-1237,https://www.strust.co.jp/community/,"一部（5,000円） 2件",0.0%,100.0%,0.0%,2,262079,2026-09-22T10:55:17+09:00,https://job.mynavi.jp/28/pc/corpinfo/displayInternship/index?corpId=262079&optNo=dLgKV
(株)トーコー,,072-866-5581,https://www.tkg.co.jp/; https://x.com/tokosaiyo,"一部（5,000円） 1件",0.0%,100.0%,0.0%,1,60859,2026-09-22T10:55:17+09:00,https://job.mynavi.jp/28/pc/corpinfo/displayInternship/index?corpId=60859&optNo=-HoKo
(株)トータルハウジング,,099-210-5120,https://www.instagram.com/totalhousing_recruit/; https://www.total-housing.net/,"一部（1,000円） 1件",0.0%,100.0%,0.0%,1,205372,2026-09-22T10:55:17+09:00,https://job.mynavi.jp/28/pc/corpinfo/displayInternship/index?corpId=205372&optNo=pJRbW
(株)トータルハードマネージメントサービス,,0153-75-4000,https://www.thms.jp/,その他 1件,0.0%,0.0%,100.0%,1,266095,2026-09-22T10:55:17+09:00,https://job.mynavi.jp/28/pc/corpinfo/displayInternship/index?corpId=266095&optNo=PACuV
(株)トーヨ,,0896-56-1115,https://toyo-paper.co.jp/,その他 1件,0.0%,0.0%,100.0%,1,277096,2026-09-22T10:55:17+09:00,https://job.mynavi.jp/28/pc/corpinfo/displayInternship/index?corpId=277096&optNo=xNwtv
(株)ナトーハイシステムズ,,096-331-7765,,全額 1件,100.0%,0.0%,0.0%,1,272031,2026-09-22T10:55:17+09:00,https://job.mynavi.jp/28/pc/corpinfo/displayInternship/index?corpId=272031&optNo=FXFaD
(株)ニイノプラン,,053-401-2105,,一部（500円） 2件,0.0%,100.0%,0.0%,2,219275,2026-09-22T10:55:17+09:00,https://job.mynavi.jp/28/pc/corpinfo/displayInternship/index?corpId=219275&optNo=rx57z
(株)ニチギワールド【旧社名：(株)日本技術センター】,,06-6648-8003,,その他 1件,0.0%,0.0%,100.0%,1,64832,2026-09-22T10:55:17+09:00,https://job.mynavi.jp/28/pc/corpinfo/displayInternship/index?corpId=64832&optNo=pYhZ6
(株)ニッカトー【東証スタンダード市場上場】,,072-238-3641,https://nikkato.co.jp/,"一部（10,000円） 1件",0.0%,100.0%,0.0%,1,57940,2026-09-22T10:55:17+09:00,https://job.mynavi.jp/28/pc/corpinfo/displayInternship/index?corpId=57940&optNo=8ToQX
(株)ニッスイサーモン,,0859-30-2721,,"一部（50,000円） 1件",0.0%,100.0%,0.0%,1,240209,2026-09-22T10:55:17+09:00,https://job.mynavi.jp/28/pc/corpinfo/displayInternship/index?corpId=240209&optNo=-NvED
(株)ニューメディア,,0238-24-2525,,"一部（20,000円） 2件",0.0%,100.0%,0.0%,2,201069,2026-09-22T10:55:17+09:00,https://job.mynavi.jp/28/pc/corpinfo/displayInternship/index?corpId=201069&optNo=EisF0
(株)ハイテックシステムズ,,083-267-3128,https://hitecsys.co.jp/,"一部（10,000円） 3件",0.0%,100.0%,0.0%,3,204312,2026-09-22T10:55:17+09:00,https://job.mynavi.jp/28/pc/corpinfo/displayInternship/index?corpId=204312&optNo=21FUh
(株)ビーウェル,,0662447774,https://bwell.jp/,その他 2件,0.0%,0.0%,100.0%,2,229190,2026-09-22T10:55:17+09:00,https://job.mynavi.jp/28/pc/corpinfo/displayInternship/index?corpId=229190&optNo=p0fuh
(株)ピースホーム,,0985-33-9700,https://www.peacehome.jp/,その他 1件,0.0%,0.0%,100.0%,1,211305,2026-09-22T10:55:17+09:00,https://job.mynavi.jp/28/pc/corpinfo/displayInternship/index?corpId=211305&optNo=gqs26
(株)ファブリカコミュニケーションズ,,052-959-3460,https://www.fabrica-com.co.jp/,その他 1件,0.0%,0.0%,100.0%,1,280172,2026-09-22T10:55:17+09:00,https://job.mynavi.jp/28/pc/corpinfo/displayInternship/index?corpId=280172&optNo=NGoLY
(株)フタバ平泉,,0191-34-1211,https://www.futabahiraizumi.co.jp/,その他 1件,0.0%,0.0%,100.0%,1,235776,2026-09-22T10:55:17+09:00,https://job.mynavi.jp/28/pc/corpinfo/displayInternship/index?corpId=235776&optNo=oYaWV
(株)プラセス,,,,全額 2件,100.0%,0.0%,0.0%,2,208306,2026-09-22T10:55:17+09:00,https://job.mynavi.jp/28/pc/corpinfo/displayInternship/index?corpId=208306&optNo=G07KO
(株)ベルモニー,,,,その他 1件,0.0%,0.0%,100.0%,1,95812,2026-09-22T10:55:17+09:00,https://job.mynavi.jp/28/pc/corpinfo/displayInternship/index?corpId=95812&optNo=6WVN1
(株)ホックス,,0977-72-6661,https://hoks.co.jp/about_us/,"一部（22,000円） 2件",0.0%,100.0%,0.0%,2,86500,2026-09-22T10:55:17+09:00,https://job.mynavi.jp/28/pc/corpinfo/displayInternship/index?corpId=86500&optNo=-dlHX
(株)ホンダカーズ三重,,0598-20-8383,http://www.hondacars-mie.com/,"一部（10,000円） 2件",0.0%,100.0%,0.0%,2,85136,2026-09-22T10:55:17+09:00,https://job.mynavi.jp/28/pc/corpinfo/displayInternship/index?corpId=85136&optNo=Hwl-m
(株)ホンダカーズ兵庫中央,,078-782-5333,https://www.hondacars-hyogochuo.co.jp/,"一部（5,000円） 1件",0.0%,100.0%,0.0%,1,112984,2026-09-22T10:55:17+09:00,https://job.mynavi.jp/28/pc/corpinfo/displayInternship/index?corpId=112984&optNo=dW5c6
(株)ホンダモビリティ中四国【Honda Cars 岡山/Honda Cars 広島/Honda Cars 山口/Honda Cars 香川/Honda Cars 愛媛/Honda Cars 高知】,,086-805-8080,https://hondamobility-chushikoku.co.jp/,"一部（1,000円） 1件",0.0%,100.0%,0.0%,1,273442,2026-09-22T10:55:17+09:00,https://job.mynavi.jp/28/pc/corpinfo/displayInternship/index?corpId=273442&optNo=FB1wv
(株)マジカナファーム,,0155-87-7611,https://www.majikana-farm.jp/,その他 1件,0.0%,0.0%,100.0%,1,261758,2026-09-22T13:20:39+09:00,https://job.mynavi.jp/28/pc/corpinfo/displayInternship/index?corpId=261758&optNo=Ebnjy
(株)マルト水谷,,0568-34-0771,,"一部（2,000円） 1件",0.0%,100.0%,0.0%,1,278137,2026-09-22T10:55:17+09:00,https://job.mynavi.jp/28/pc/corpinfo/displayInternship/index?corpId=278137&optNo=r2P-7
(株)マルニ【デイリーポート新鮮館】,,,,"一部（1,000円） 1件",0.0%,100.0%,0.0%,1,73459,2026-09-22T10:55:17+09:00,https://job.mynavi.jp/28/pc/corpinfo/displayInternship/index?corpId=73459&optNo=5nHZI
(株)ミック／(株)MCセキュリティ [グループ募集],,0852-27-0329,https://www.mcsecurity.co.jp/; https://www.mic-ltd.co.jp/,その他 2件,0.0%,0.0%,100.0%,2,245636,2026-09-22T10:55:17+09:00,https://job.mynavi.jp/28/pc/corpinfo/displayInternship/index?corpId=245636&optNo=fvh60
(株)ミヤケフォージング,,0595-23-5111,https://www.miyake-net.co.jp/,その他 1件,0.0%,0.0%,100.0%,1,89677,2026-09-22T10:55:17+09:00,https://job.mynavi.jp/28/pc/corpinfo/displayInternship/index?corpId=89677&optNo=peJ0W
(株)ミヤシゲテクノ,,0766-63-7155,,その他 1件,0.0%,0.0%,100.0%,1,249486,2026-09-22T10:55:17+09:00,https://job.mynavi.jp/28/pc/corpinfo/displayInternship/index?corpId=249486&optNo=MAT7t
(株)ミリオナ化粧品,,06-6147-3367,,"一部（1,500円） 1件",0.0%,100.0%,0.0%,1,103529,2026-09-22T10:55:17+09:00,https://job.mynavi.jp/28/pc/corpinfo/displayInternship/index?corpId=103529&optNo=on6qI
(株)メタルアート【東証スタンダード上場/ダイハツ工業グループ】,,077-563-2111,,その他 1件,0.0%,0.0%,100.0%,1,57801,2026-09-22T10:55:17+09:00,https://job.mynavi.jp/28/pc/corpinfo/displayInternship/index?corpId=57801&optNo=scaks
(株)ヤクルト山陽,,083-973-8960,https://yakult-sanyo.jp/,その他 1件,0.0%,0.0%,100.0%,1,213184,2026-09-22T10:55:17+09:00,https://job.mynavi.jp/28/pc/corpinfo/displayInternship/index?corpId=213184&optNo=ZpDoD
(株)ユアテック【東証プライム上場】,,,,その他 3件,0.0%,0.0%,100.0%,3,52261,2026-09-22T10:55:17+09:00,https://job.mynavi.jp/28/pc/corpinfo/displayInternship/index?corpId=52261&optNo=t8vd1
(株)ヨコタコーポレーション,,0883-25-2121,https://www.yokota-inc.com; https://www.yokota-inc.com/,"一部（10,000円） 6件",0.0%,100.0%,0.0%,6,88387,2026-09-22T10:55:17+09:00,https://job.mynavi.jp/28/pc/corpinfo/displayInternship/index?corpId=88387&optNo=6jeZQ
(株)ヨータイ【東証プライム市場上場】,,072-430-2100,http://www.yotai.co.jp/,全額 1件,100.0%,0.0%,0.0%,1,234948,2026-09-22T10:55:17+09:00,https://job.mynavi.jp/28/pc/corpinfo/displayInternship/index?corpId=234948&optNo=sQX6W
(株)ラインナップ,,03-5625-2313; 052-269-1000; 052-482-0905,https://www.lineup-grp.jp/,"一部（2,000円） 1件 / 一部（3,000円） 1件",0.0%,100.0%,0.0%,2,290325,2026-09-22T10:55:17+09:00,https://job.mynavi.jp/28/pc/corpinfo/displayInternship/index?corpId=290325&optNo=k8rY4
(株)ラークコーポレーション【三朝館】,,0858-43-0311; 0858-43-2210,http://www.misasakan.co.jp/; https://www.instagram.com/misasakan.recruit/,その他 1件,0.0%,0.0%,100.0%,1,257815,2026-09-22T10:55:17+09:00,https://job.mynavi.jp/28/pc/corpinfo/displayInternship/index?corpId=257815&optNo=yMFTX
(株)リベスト,,,https://www.live-best.co.jp/,"一部（10,000円） 3件",0.0%,100.0%,0.0%,3,208134,2026-09-22T10:55:17+09:00,https://job.mynavi.jp/28/pc/corpinfo/displayInternship/index?corpId=208134&optNo=H4ofB
(株)リーフ,,0532-29-5036,,全額 1件,100.0%,0.0%,0.0%,1,265439,2026-09-22T10:55:17+09:00,https://job.mynavi.jp/28/pc/corpinfo/displayInternship/index?corpId=265439&optNo=Ij6y0
(株)レクスト【愛昇殿／ホテルグランドティアラ／MIRAIE LEXT HOUSE NAGOYA】,,052-263-0901,https://www.lext.co.jp/,その他 1件,0.0%,0.0%,100.0%,1,222144,2026-09-22T10:55:17+09:00,https://job.mynavi.jp/28/pc/corpinfo/displayInternship/index?corpId=222144&optNo=yqahO
(株)ワイム,,023-686-4316,,全額 1件,100.0%,0.0%,0.0%,1,280266,2026-09-22T10:55:17+09:00,https://job.mynavi.jp/28/pc/corpinfo/displayInternship/index?corpId=280266&optNo=n8avz
(株)ワイ・デー・ケー,,022-346-8088,https://ydkinc.co.jp; https://youtu.be/EAAV9TYWTBI?si=UtzbJ8W0iwOZWGT3; https://youtu.be/T8qa17u4Eys,"一部（2,000円） 1件",0.0%,100.0%,0.0%,1,245379,2026-09-22T10:55:17+09:00,https://job.mynavi.jp/28/pc/corpinfo/displayInternship/index?corpId=245379&optNo=yhKh6
(株)ワンコンシスト,,,https://www.oneconsist.com/,"一部（3,000円） 1件",0.0%,100.0%,0.0%,1,296104,2026-09-22T10:55:17+09:00,https://job.mynavi.jp/28/pc/corpinfo/displayInternship/index?corpId=296104&optNo=qocYI
(株)七番組,,,https://www.hichiban.jp/,"一部（5,000円） 2件",0.0%,100.0%,0.0%,2,247064,2026-09-22T10:55:17+09:00,https://job.mynavi.jp/28/pc/corpinfo/displayInternship/index?corpId=247064&optNo=Re8--
(株)三共後藤建設,,0152-73-3161,https://sankyo-goto.co.jp/,その他 1件,0.0%,0.0%,100.0%,1,236963,2026-09-22T10:55:17+09:00,https://job.mynavi.jp/28/pc/corpinfo/displayInternship/index?corpId=236963&optNo=68nW3
(株)三宅会計,,086-252-5393,https://kaikei-miyake.com/,"一部（10,000円） 1件",0.0%,100.0%,0.0%,1,281091,2026-09-22T10:55:17+09:00,https://job.mynavi.jp/28/pc/corpinfo/displayInternship/index?corpId=281091&optNo=xdM5a
(株)三澤牧場,,070-2008-2561,http://www.misawa-farm.jp/index.html,"一部（100,000円） 2件",0.0%,100.0%,0.0%,2,219715,2026-09-22T10:55:17+09:00,https://job.mynavi.jp/28/pc/corpinfo/displayInternship/index?corpId=219715&optNo=4qv9z
(株)中尾組,,,,その他 1件,0.0%,0.0%,100.0%,1,202367,2026-09-22T10:55:17+09:00,https://job.mynavi.jp/28/pc/corpinfo/displayInternship/index?corpId=202367&optNo=qqidd
(株)中山組,,011-741-8168,https://www.nakayamagumi.co.jp/,"一部（3,000円） 1件",0.0%,100.0%,0.0%,1,109584,2026-09-22T10:55:17+09:00,https://job.mynavi.jp/28/pc/corpinfo/displayInternship/index?corpId=109584&optNo=AXoCm
(株)中村組,,,https://www.nakamuragumi.co.jp/,全額 1件,100.0%,0.0%,0.0%,1,56255,2026-09-22T10:55:17+09:00,https://job.mynavi.jp/28/pc/corpinfo/displayInternship/index?corpId=56255&optNo=yGLDO
(株)丸尾建築,,079-276-3123,,"一部（10,000円） 1件",0.0%,100.0%,0.0%,1,228752,2026-09-22T10:55:17+09:00,https://job.mynavi.jp/28/pc/corpinfo/displayInternship/index?corpId=228752&optNo=wIzNv
(株)丹波屋,,011-721-2111; 011-721-2118; 011-752-0634,https://www.kk-tanbaya.co.jp/,"一部（20,000円） 1件",0.0%,100.0%,0.0%,1,54726,2026-09-22T10:55:17+09:00,https://job.mynavi.jp/28/pc/corpinfo/displayInternship/index?corpId=54726&optNo=py1-2
(株)会津技研,,0242-29-5292,https://aizugiken.co.jp/,その他 1件,0.0%,0.0%,100.0%,1,274736,2026-09-22T10:55:17+09:00,https://job.mynavi.jp/28/pc/corpinfo/displayInternship/index?corpId=274736&optNo=RM264
(株)佐々木冷菓,,0956-40-1500,http://sasaki-icenet.co.jp/; https://sasaki-icenet.co.jp/; https://youtube.com/@sicnet120?si=9wwbGgR8MGIXO1ff,"一部（3,000円） 1件 / その他 1件",0.0%,50.0%,50.0%,2,211960,2026-09-22T10:55:17+09:00,https://job.mynavi.jp/28/pc/corpinfo/displayInternship/index?corpId=211960&optNo=-ZaI1
(株)倉伸,,0240-22-8055,https://kk-sousin.com/; https://www.instagram.com/sousin_tomioka/,その他 1件,0.0%,0.0%,100.0%,1,290783,2026-09-22T10:55:17+09:00,https://job.mynavi.jp/28/pc/corpinfo/displayInternship/index?corpId=290783&optNo=abnlq
(株)全農ライフサポート山形,,023-655-3111,https://www.instagram.com/zly__official/; https://www.z-lsy.co.jp/,その他 1件,0.0%,0.0%,100.0%,1,217198,2026-09-22T10:55:17+09:00,https://job.mynavi.jp/28/pc/corpinfo/displayInternship/index?corpId=217198&optNo=AsiWa
(株)前田テクニカ,,059-393-3406,https://www.maeda-technica.co.jp/,"一部（3,000円） 2件",0.0%,100.0%,0.0%,2,112919,2026-09-22T10:55:17+09:00,https://job.mynavi.jp/28/pc/corpinfo/displayInternship/index?corpId=112919&optNo=OOcNV
(株)前田組,,099-222-6111; 099-222-6117,https://maedagumikk.jp/,"一部（3,000円） 1件",0.0%,100.0%,0.0%,1,214090,2026-09-22T10:55:17+09:00,https://job.mynavi.jp/28/pc/corpinfo/displayInternship/index?corpId=214090&optNo=q7g8a
(株)北川組,,052-851-4500; 052-853-1100,https://www.kitagawa-gumi.co.jp/,全額 1件 / その他 2件,33.3%,0.0%,66.7%,3,279529,2026-09-22T10:55:17+09:00,https://job.mynavi.jp/28/pc/corpinfo/displayInternship/index?corpId=279529&optNo=2Dqcn
(株)協立,,,https://www.k-kyoritsu.co.jp/; https://www.k-kyoritsu.co.jp/recruit#education; https://www.k-kyoritsu.co.jp/recruit#interview,"一部（1,000円） 2件",0.0%,100.0%,0.0%,2,282250,2026-09-22T10:55:17+09:00,https://job.mynavi.jp/28/pc/corpinfo/displayInternship/index?corpId=282250&optNo=6nOqf
(株)吉岡経営センター,,011-644-8988,,"一部（2,000円） 1件",0.0%,100.0%,0.0%,1,87531,2026-09-22T10:55:17+09:00,https://job.mynavi.jp/28/pc/corpinfo/displayInternship/index?corpId=87531&optNo=zxa3Q
(株)名鉄クリーニング【名鉄グループ】,,052-501-5511,,"一部（2,000円） 1件",0.0%,100.0%,0.0%,1,234354,2026-09-22T10:55:17+09:00,https://job.mynavi.jp/28/pc/corpinfo/displayInternship/index?corpId=234354&optNo=8MCzy
(株)四電工(四国電力グループ) 【東証プライム上場】,,,,その他 1件,0.0%,0.0%,100.0%,1,54617,2026-09-22T10:55:17+09:00,https://job.mynavi.jp/28/pc/corpinfo/displayInternship/index?corpId=54617&optNo=crwVl
(株)国分ハウジング,,070-2495-2002,,その他 1件,0.0%,0.0%,100.0%,1,108023,2026-09-22T10:55:17+09:00,https://job.mynavi.jp/28/pc/corpinfo/displayInternship/index?corpId=108023&optNo=30CBz
(株)夢のおてつだい,,0120-060-610,https://youtu.be/w-RAGfAmDus; https://yumenootetsudai.com/,その他 1件,0.0%,0.0%,100.0%,1,99487,2026-09-22T10:55:17+09:00,https://job.mynavi.jp/28/pc/corpinfo/displayInternship/index?corpId=99487&optNo=9MWPV
(株)大塚製薬工場,,088-684-2223; 088-685-7667,https://www.otsukakj.jp/,その他 1件,0.0%,0.0%,100.0%,1,100213,2026-09-22T10:55:17+09:00,https://job.mynavi.jp/28/pc/corpinfo/displayInternship/index?corpId=100213&optNo=8-74o
(株)大日,,,http://www.dk2.co.jp/,"一部（18,000円） 1件",0.0%,100.0%,0.0%,1,257756,2026-09-22T10:55:17+09:00,https://job.mynavi.jp/28/pc/corpinfo/displayInternship/index?corpId=257756&optNo=QuTnl
(株)太名嘉組,,098-878-9558,https://www.oonaka.co.jp/,その他 4件,0.0%,0.0%,100.0%,4,281495,2026-09-22T10:55:17+09:00,https://job.mynavi.jp/28/pc/corpinfo/displayInternship/index?corpId=281495&optNo=KMVKD
(株)宮田建設,,0152-73-3248,,全額 1件,100.0%,0.0%,0.0%,1,283011,2026-09-22T10:55:17+09:00,https://job.mynavi.jp/28/pc/corpinfo/displayInternship/index?corpId=283011&optNo=MsUXX
(株)小林土木緑化,,054-264-6499,http://www.kobayashidoboku-r.co.jp/,"一部（10,000円） 1件",0.0%,100.0%,0.0%,1,111201,2026-09-22T10:55:17+09:00,https://job.mynavi.jp/28/pc/corpinfo/displayInternship/index?corpId=111201&optNo=5FdWI
(株)小柳津清一商店,,054-258-3009,http://www.oyaizu.co.jp/,その他 1件,0.0%,0.0%,100.0%,1,286337,2026-09-22T10:55:17+09:00,https://job.mynavi.jp/28/pc/corpinfo/displayInternship/index?corpId=286337&optNo=s-giD
(株)小野中村,,0244-26-7821,https://on-cc.jp/; https://unicon-holdings.co.jp/,その他 1件,0.0%,0.0%,100.0%,1,249978,2026-09-22T10:55:17+09:00,https://job.mynavi.jp/28/pc/corpinfo/displayInternship/index?corpId=249978&optNo=JZTHX
(株)山海,,0852-37-2591,https://www.sankai-mdfoods.com/,"一部（20,000円） 1件",0.0%,100.0%,0.0%,1,282049,2026-09-22T10:55:17+09:00,https://job.mynavi.jp/28/pc/corpinfo/displayInternship/index?corpId=282049&optNo=AOaID
(株)山陽設計,,,,"一部（1,000円） 2件",0.0%,100.0%,0.0%,2,258915,2026-09-22T10:55:17+09:00,https://job.mynavi.jp/28/pc/corpinfo/displayInternship/index?corpId=258915&optNo=fLn9Y
(株)島精機製作所【東証プライム市場上場】,,,https://www.shimaseiki.co.jp/recruit/event/,"一部（5,000円） 1件",0.0%,100.0%,0.0%,1,58010,2026-09-22T10:55:17+09:00,https://job.mynavi.jp/28/pc/corpinfo/displayInternship/index?corpId=58010&optNo=J7sGd
(株)川口建設,,093-513-2671,https://www.kawa-ken.co.jp/,"一部（1,000円） 1件",0.0%,100.0%,0.0%,1,212321,2026-09-22T10:55:17+09:00,https://job.mynavi.jp/28/pc/corpinfo/displayInternship/index?corpId=212321&optNo=d1wLH
(株)川瀬電気工業所,,052-741-1111,https://kawase-denki.co.jp/,"一部（50,000円） 1件",0.0%,100.0%,0.0%,1,286991,2026-09-22T10:55:17+09:00,https://job.mynavi.jp/28/pc/corpinfo/displayInternship/index?corpId=286991&optNo=dbjoU
(株)市川工務店,,058-251-2242,https://www.ic-group.co.jp/,"一部（10,000円） 3件",0.0%,100.0%,0.0%,3,73236,2026-09-22T10:55:17+09:00,https://job.mynavi.jp/28/pc/corpinfo/displayInternship/index?corpId=73236&optNo=Dpn3-
(株)愛幸,,058-216-8511,https://aisachi.co.jp/,"一部（2,000円） 2件",0.0%,100.0%,0.0%,2,288682,2026-09-22T10:55:17+09:00,https://job.mynavi.jp/28/pc/corpinfo/displayInternship/index?corpId=288682&optNo=0mbyO
(株)掛谷工務店,,0800-222-7789,https://www.kakeya.co.jp/,"一部（3,000円） 1件",0.0%,100.0%,0.0%,1,50929,2026-09-22T10:55:17+09:00,https://job.mynavi.jp/28/pc/corpinfo/displayInternship/index?corpId=50929&optNo=HT6Ez
(株)新出光【IDEX】,,092-291-6182,http://www.idex.co.jp/,その他 2件,0.0%,0.0%,100.0%,2,2322,2026-09-22T10:55:17+09:00,https://job.mynavi.jp/28/pc/corpinfo/displayInternship/index?corpId=2322&optNo=KaKRa
(株)日昭牧場,,01558-6-3321,https://nisshofarm.com/,"一部（30,000円） 1件",0.0%,100.0%,0.0%,1,235116,2026-09-22T10:55:17+09:00,https://job.mynavi.jp/28/pc/corpinfo/displayInternship/index?corpId=235116&optNo=-l9o1
(株)日本陸送,,059-378-1181,https://nippon-rikuso.co.jp/company/,"一部（3,000円） 1件",0.0%,100.0%,0.0%,1,53931,2026-09-22T10:55:17+09:00,https://job.mynavi.jp/28/pc/corpinfo/displayInternship/index?corpId=53931&optNo=TNrjB
(株)日立プラントサービス【日立グループ】,,03-6386-3001,https://www.hitachi-hps.co.jp/,その他 1件,0.0%,0.0%,100.0%,1,203005,2026-09-22T10:55:17+09:00,https://job.mynavi.jp/28/pc/corpinfo/displayInternship/index?corpId=203005&optNo=cDyA6
(株)明和工務店【新明和グループ】,,078-940-1168,https://www.meiwa-koumuten.co.jp/index.php; https://www.youtube.com/watch?v=fUUJ3vakhis; https://www.youtube.com/watch?v=p7v0uZzPwz0,"一部（30,000円） 1件",0.0%,100.0%,0.0%,1,52109,2026-09-22T10:55:17+09:00,https://job.mynavi.jp/28/pc/corpinfo/displayInternship/index?corpId=52109&optNo=8Gyw7
(株)明豊建設,,0749-62-6580,https://meiho-co.co.jp/; https://www.youtube.com/watch?v=__QZjL0rB4M; https://youtu.be/onfcHBt7Ig0,その他 2件,0.0%,0.0%,100.0%,2,256567,2026-09-22T10:55:17+09:00,https://job.mynavi.jp/28/pc/corpinfo/displayInternship/index?corpId=256567&optNo=lbPJp
(株)朝日電機製作所,,0166-25-6201,http://www.asahidenki-s.co.jp/,"一部（5,000円） 1件",0.0%,100.0%,0.0%,1,290553,2026-09-22T10:55:17+09:00,https://job.mynavi.jp/28/pc/corpinfo/displayInternship/index?corpId=290553&optNo=EKowV
(株)東建工営,,022-383-9811,,"一部（40,000円） 1件",0.0%,100.0%,0.0%,1,251081,2026-09-22T10:55:17+09:00,https://job.mynavi.jp/28/pc/corpinfo/displayInternship/index?corpId=251081&optNo=oba5Q
(株)東海メディカルプロダクツ,,0568-81-7785; 0568-81-7954,https://www.tokaimedpro.co.jp/,"一部（20,000円） 1件",0.0%,100.0%,0.0%,1,60461,2026-09-22T10:55:17+09:00,https://job.mynavi.jp/28/pc/corpinfo/displayInternship/index?corpId=60461&optNo=jFh0X
(株)松田電機工業所,,0568-90-8808,https://matsudadenki.co.jp/,"一部（1,500円） 1件",0.0%,100.0%,0.0%,1,107422,2026-09-22T10:55:17+09:00,https://job.mynavi.jp/28/pc/corpinfo/displayInternship/index?corpId=107422&optNo=ZCtQ-
(株)栗本,,090-3176-3262,https://www.kurimoto-gr.co.jp/,その他 1件,0.0%,0.0%,100.0%,1,224517,2026-09-22T10:55:17+09:00,https://job.mynavi.jp/28/pc/corpinfo/displayInternship/index?corpId=224517&optNo=ODNmX
(株)栗林商会,,0143-24-7011,http://www.kurinet.co.jp/,その他 4件,0.0%,0.0%,100.0%,4,200975,2026-09-22T10:55:17+09:00,https://job.mynavi.jp/28/pc/corpinfo/displayInternship/index?corpId=200975&optNo=IoAwa
(株)森長組,,0799-54-0721,http://www.moricho.co.jp/,"一部（10,000円） 3件",0.0%,100.0%,0.0%,3,75532,2026-09-22T10:55:17+09:00,https://job.mynavi.jp/28/pc/corpinfo/displayInternship/index?corpId=75532&optNo=5YCjh
(株)榛南自動車学校【はいなん自動車学校】,,0548-22-0274,https://hainanjiko.co.jp/,"一部（13,000円） 1件",0.0%,100.0%,0.0%,1,209449,2026-09-22T10:55:17+09:00,https://job.mynavi.jp/28/pc/corpinfo/displayInternship/index?corpId=209449&optNo=EVgvo
(株)横山工業所,,082-264-2291,,全額 1件,100.0%,0.0%,0.0%,1,285040,2026-09-22T10:55:17+09:00,https://job.mynavi.jp/28/pc/corpinfo/displayInternship/index?corpId=285040&optNo=KKHud
(株)波多野組,,0533-84-6386,https://hadanogumi.com/,"一部（1,000円） 2件",0.0%,100.0%,0.0%,2,51419,2026-09-22T10:55:17+09:00,https://job.mynavi.jp/28/pc/corpinfo/displayInternship/index?corpId=51419&optNo=RrLk4
(株)渡邊組,,0586-69-2155,https://www.wgnet.co.jp/,その他 1件,0.0%,0.0%,100.0%,1,235576,2026-09-22T10:55:17+09:00,https://job.mynavi.jp/28/pc/corpinfo/displayInternship/index?corpId=235576&optNo=QFovp
(株)熊本ニチアス,,096-292-4046,https://www.kumamotonichias.co.jp/,その他 1件,0.0%,0.0%,100.0%,1,80954,2026-09-22T10:55:17+09:00,https://job.mynavi.jp/28/pc/corpinfo/displayInternship/index?corpId=80954&optNo=9n4r4
(株)犬の家【バローグループ】,,0568-41-8812,https://dognoie.com/,"一部（2,000円） 1件",0.0%,100.0%,0.0%,1,247816,2026-09-22T10:55:17+09:00,https://job.mynavi.jp/28/pc/corpinfo/displayInternship/index?corpId=247816&optNo=5dD11
(株)玉川組,,0123-33-1133,,全額 1件,100.0%,0.0%,0.0%,1,246862,2026-09-22T10:55:17+09:00,https://job.mynavi.jp/28/pc/corpinfo/displayInternship/index?corpId=246862&optNo=YTv5m
(株)産研設計,,,,"一部（10,000円） 1件",0.0%,100.0%,0.0%,1,289835,2026-09-22T10:55:17+09:00,https://job.mynavi.jp/28/pc/corpinfo/displayInternship/index?corpId=289835&optNo=25--m
(株)百五銀行,,059-223-2308,,その他 1件,0.0%,0.0%,100.0%,1,52700,2026-09-22T10:55:17+09:00,https://job.mynavi.jp/28/pc/corpinfo/displayInternship/index?corpId=52700&optNo=ZGpSq
(株)目片鉄工所,,077-545-2411,https://mekataworks.jp/company.html,"一部（2,000円） 1件 / その他 2件",0.0%,33.3%,66.7%,3,225641,2026-09-22T10:55:17+09:00,https://job.mynavi.jp/28/pc/corpinfo/displayInternship/index?corpId=225641&optNo=HVPvQ
(株)石井組,,0545610390,,全額 1件 / その他 1件,50.0%,0.0%,50.0%,2,213578,2026-09-22T10:55:17+09:00,https://job.mynavi.jp/28/pc/corpinfo/displayInternship/index?corpId=213578&optNo=GXbi3
(株)福原【アークスグループ】,,0155-37-3983,http://www.arcs-g.co.jp/group/fukuhara/,"一部（15,000円） 1件",0.0%,100.0%,0.0%,1,63659,2026-09-22T10:55:17+09:00,https://job.mynavi.jp/28/pc/corpinfo/displayInternship/index?corpId=63659&optNo=671Ys
(株)竹内工務店,,096-365-3366,https://www.takeuchi-k.com/,その他 1件,0.0%,0.0%,100.0%,1,202845,2026-09-22T10:55:17+09:00,https://job.mynavi.jp/28/pc/corpinfo/displayInternship/index?corpId=202845&optNo=67-2V
(株)藤岡エンジニアリング,,0867-52-1351,,"一部（10,000円） 2件",0.0%,100.0%,0.0%,2,229775,2026-09-22T10:55:17+09:00,https://job.mynavi.jp/28/pc/corpinfo/displayInternship/index?corpId=229775&optNo=5Zk2O
(株)藤建技術設計センター,,0247-33-2464; 0247-33-2473,,その他 1件,0.0%,0.0%,100.0%,1,226894,2026-09-22T10:55:17+09:00,https://job.mynavi.jp/28/pc/corpinfo/displayInternship/index?corpId=226894&optNo=UZdQ6
(株)藤木工務店,,03-3357-1611; 06-4964-8703; 086-422-3330,,"全額 1件 / 一部（15,000円） 1件",50.0%,50.0%,0.0%,2,3159,2026-09-22T10:55:17+09:00,https://job.mynavi.jp/28/pc/corpinfo/displayInternship/index?corpId=3159&optNo=UR9B1
(株)表鉄工所,,,,全額 1件,100.0%,0.0%,0.0%,1,243339,2026-09-22T10:55:17+09:00,https://job.mynavi.jp/28/pc/corpinfo/displayInternship/index?corpId=243339&optNo=c7ns1
(株)計測リサーチコンサルタント,,082-899-5471,https://www.krcnet.co.jp/,"一部（3,000円） 1件",0.0%,100.0%,0.0%,1,213622,2026-09-22T10:55:17+09:00,https://job.mynavi.jp/28/pc/corpinfo/displayInternship/index?corpId=213622&optNo=j05g0
(株)賃貸メイト,,059-366-1400,,その他 1件,0.0%,0.0%,100.0%,1,217258,2026-09-22T10:55:17+09:00,https://job.mynavi.jp/28/pc/corpinfo/displayInternship/index?corpId=217258&optNo=ThIr4
(株)那加自動車教習場,,,https://www.nakads.com/,"一部（3,000円） 1件",0.0%,100.0%,0.0%,1,250086,2026-09-22T10:55:17+09:00,https://job.mynavi.jp/28/pc/corpinfo/displayInternship/index?corpId=250086&optNo=lgquH
(株)鍜治田工務店,,06-4707-1351,https://www.kajita.co.jp/,その他 2件,0.0%,0.0%,100.0%,2,80870,2026-09-22T10:55:17+09:00,https://job.mynavi.jp/28/pc/corpinfo/displayInternship/index?corpId=80870&optNo=LxBJD
(株)食物語,,099-813-8900,https://shokumonogatari.jp/,"一部（1,000円） 1件",0.0%,100.0%,0.0%,1,226352,2026-09-22T10:55:17+09:00,https://job.mynavi.jp/28/pc/corpinfo/displayInternship/index?corpId=226352&optNo=OsXD-
(株)飯田設計,,052-561-4769,http://www.iida-sekkei.co.jp/,全額 1件,100.0%,0.0%,0.0%,1,212966,2026-09-22T10:55:17+09:00,https://job.mynavi.jp/28/pc/corpinfo/displayInternship/index?corpId=212966&optNo=et2w1
(株)高柳組,,0568-83-6111; 0568-84-9131,http://www.takayanagi.co.jp/,全額 1件,100.0%,0.0%,0.0%,1,261524,2026-09-22T10:55:17+09:00,https://job.mynavi.jp/28/pc/corpinfo/displayInternship/index?corpId=261524&optNo=HIXpU
(株)ｒｅｌａｔｉｏｎ,,06-7777-1816,,全額 1件,100.0%,0.0%,0.0%,1,295705,2026-09-22T10:55:17+09:00,https://job.mynavi.jp/28/pc/corpinfo/displayInternship/index?corpId=295705&optNo=22ks0
AGHトヨタ札幌(株)【函館窓口】,,0138-46-4300; 080-5582-6139,https://www.ekuruma.co.jp/,"一部（20,000円） 1件",0.0%,100.0%,0.0%,1,289879,2026-09-22T10:55:17+09:00,https://job.mynavi.jp/28/pc/corpinfo/displayInternship/index?corpId=289879&optNo=rt4YB
Astemo仙台(株),,,https://www.jpse.astemo.com/,その他 1件,0.0%,0.0%,100.0%,1,75961,2026-09-22T10:55:17+09:00,https://job.mynavi.jp/28/pc/corpinfo/displayInternship/index?corpId=75961&optNo=8WKMX
FTC(株),,0584-92-1222; 0584-92-1226,https://www.ftcproject.co.jp/,"一部（3,000円） 1件 / その他 2件",0.0%,33.3%,66.7%,3,211278,2026-09-22T10:55:17+09:00,https://job.mynavi.jp/28/pc/corpinfo/displayInternship/index?corpId=211278&optNo=Rw0B2
JCRファーマ(株),,,https://mypage.3010.i-webs.jp/jcrpharm2028/op/Manufacturing/internship1.html,その他 3件,0.0%,0.0%,100.0%,3,112272,2026-09-22T10:55:17+09:00,https://job.mynavi.jp/28/pc/corpinfo/displayInternship/index?corpId=112272&optNo=Tknwo
JR東海テクノクリエイト(株)【JR東海グループ】,,052-566-2081; 052-566-2088,https://www.jrck.co.jp/,"一部（10,000円） 1件",0.0%,100.0%,0.0%,1,108938,2026-09-22T10:55:17+09:00,https://job.mynavi.jp/28/pc/corpinfo/displayInternship/index?corpId=108938&optNo=rN7Bm
KUM(株),,092-753-6385,,"一部（30,000円） 1件",0.0%,100.0%,0.0%,1,290992,2026-09-22T10:55:17+09:00,https://job.mynavi.jp/28/pc/corpinfo/displayInternship/index?corpId=290992&optNo=SIZ2I
Karakami HOTELS＆RESORTS(株),,011-222-5032; 011-222-5223,https://www.karakami-kankou.co.jp/,その他 2件,0.0%,0.0%,100.0%,2,112501,2026-09-22T10:55:17+09:00,https://job.mynavi.jp/28/pc/corpinfo/displayInternship/index?corpId=112501&optNo=8ayAn
MHI下関エンジニアリング(株)【三菱重工グループ】,,083-267-1903,https://www.mhi.com/jp/group/mhise/,"一部（5,000円） 1件",0.0%,100.0%,0.0%,1,282196,2026-09-22T10:55:17+09:00,https://job.mynavi.jp/28/pc/corpinfo/displayInternship/index?corpId=282196&optNo=8Wxv0
SKグループ【(株)サイコー、(株)SKトレーディング、(株)ステップスナイン、(株)SKホールディングス】 [グループ募集],,,,その他 1件,0.0%,0.0%,100.0%,1,239770,2026-09-22T10:55:17+09:00,https://job.mynavi.jp/28/pc/corpinfo/displayInternship/index?corpId=239770&optNo=sTLx4
SOMPOケア(株),,03-5783-4190,https://www.sompocare.com/,その他 2件,0.0%,0.0%,100.0%,2,91899,2026-09-22T10:55:17+09:00,https://job.mynavi.jp/28/pc/corpinfo/displayInternship/index?corpId=91899&optNo=FIeGV
SUS(株),,054-204-0212,https://www.sus.co.jp/,その他 1件,0.0%,0.0%,100.0%,1,109673,2026-09-22T10:55:17+09:00,https://job.mynavi.jp/28/pc/corpinfo/displayInternship/index?corpId=109673&optNo=qHCvo
THKインテックス(株),,022-344-2341; 055-971-2520,https://www.thkintechs.co.jp/,全額 1件,100.0%,0.0%,0.0%,1,204566,2026-09-22T10:55:17+09:00,https://job.mynavi.jp/28/pc/corpinfo/displayInternship/index?corpId=204566&optNo=Qv7Ty
TIS長野(株)【TISインテックグループ】,,,https://www.tis-n.co.jp/,その他 1件,0.0%,0.0%,100.0%,1,213885,2026-09-22T10:55:17+09:00,https://job.mynavi.jp/28/pc/corpinfo/displayInternship/index?corpId=213885&optNo=xRZvv
TOWA(株)【東証プライム市場上場】,,075-692-0250,,その他 1件,0.0%,0.0%,100.0%,1,50057,2026-09-22T10:55:17+09:00,https://job.mynavi.jp/28/pc/corpinfo/displayInternship/index?corpId=50057&optNo=Oo4Sn
UHT(株),,0767-38-8010,,"一部（3,000円） 2件",0.0%,100.0%,0.0%,2,295578,2026-09-22T10:55:17+09:00,https://job.mynavi.jp/28/pc/corpinfo/displayInternship/index?corpId=295578&optNo=IQv5U
hakkai(株)【大塚グループ】,,025-777-2410,https://hakkai.jp/; https://www.instagram.com/hakkai0701/; https://x.com/hakkai0701,その他 2件,0.0%,0.0%,100.0%,2,85198,2026-09-22T10:55:17+09:00,https://job.mynavi.jp/28/pc/corpinfo/displayInternship/index?corpId=85198&optNo=a-3dy
"かがつう(株)【KAGA,INC.】",,076-289-3131,https://qr.quel.jp/om/g1onau; https://www.kagainc.co.jp/,"一部（10,000円） 1件",0.0%,100.0%,0.0%,1,80560,2026-09-22T10:55:17+09:00,https://job.mynavi.jp/28/pc/corpinfo/displayInternship/index?corpId=80560&optNo=QCKHl
こぶし建設(株),,0126-25-3377,https://kobushi-construction.co.jp/,その他 1件,0.0%,0.0%,100.0%,1,97918,2026-09-22T10:55:17+09:00,https://job.mynavi.jp/28/pc/corpinfo/displayInternship/index?corpId=97918&optNo=hQH6-
さくら佐藤建設(株),,011-598-1511,https://www.sakurasato.co.jp/,その他 1件,0.0%,0.0%,100.0%,1,250222,2026-09-22T10:55:17+09:00,https://job.mynavi.jp/28/pc/corpinfo/displayInternship/index?corpId=250222&optNo=mOHtW
はごろもフーズ(株),,054-288-5200,https://www.hagoromofoods.co.jp/,その他 1件,0.0%,0.0%,100.0%,1,76516,2026-09-22T10:55:17+09:00,https://job.mynavi.jp/28/pc/corpinfo/displayInternship/index?corpId=76516&optNo=TKdHa
わかば食品(株),,086-451-4800,https://wakaba-foods.jp/,"一部（2,000円） 2件",0.0%,100.0%,0.0%,2,249334,2026-09-22T10:55:17+09:00,https://job.mynavi.jp/28/pc/corpinfo/displayInternship/index?corpId=249334&optNo=0W0lo
アイパックスイケタニ(株),,0544-59-0111; 055-273-1511,,"一部（30,000円） 3件",0.0%,100.0%,0.0%,3,245676,2026-09-22T10:55:17+09:00,https://job.mynavi.jp/28/pc/corpinfo/displayInternship/index?corpId=245676&optNo=B62Am
アイワ電設開発(株),,,,"一部（10,000円） 1件",0.0%,100.0%,0.0%,1,247482,2026-09-22T10:55:17+09:00,https://job.mynavi.jp/28/pc/corpinfo/displayInternship/index?corpId=247482&optNo=ni20a
アイ・ホーム(株),,0985-73-7770,https://aihome-design.co.jp/,その他 1件,0.0%,0.0%,100.0%,1,280104,2026-09-22T10:55:17+09:00,https://job.mynavi.jp/28/pc/corpinfo/displayInternship/index?corpId=280104&optNo=cniJt
アクシアル リテイリンググループ（(株)原信・(株)ナルス） [グループ募集],,0120-958-480,,その他 1件,0.0%,0.0%,100.0%,1,111944,2026-09-22T10:55:17+09:00,https://job.mynavi.jp/28/pc/corpinfo/displayInternship/index?corpId=111944&optNo=FQRN0
アプレスト(株)【協立電機グループ】,,054-288-6606,,"一部（3,000円） 1件",0.0%,100.0%,0.0%,1,69688,2026-09-22T10:55:17+09:00,https://job.mynavi.jp/28/pc/corpinfo/displayInternship/index?corpId=69688&optNo=kph6V
ウロコ水産(株),,076-233-1925,https://urokosuisan.jp/,"一部（10,000円） 1件",0.0%,100.0%,0.0%,1,95529,2026-09-22T10:55:17+09:00,https://job.mynavi.jp/28/pc/corpinfo/displayInternship/index?corpId=95529&optNo=uVvmm
エイト技術(株),,0178-47-2121,http://eito-eng.co.jp/about/,その他 1件,0.0%,0.0%,100.0%,1,203306,2026-09-22T10:55:17+09:00,https://job.mynavi.jp/28/pc/corpinfo/displayInternship/index?corpId=203306&optNo=sOlbV
エナジーサポート(株)【NGKグループ】,,0568-67-0853,,全額 1件,100.0%,0.0%,0.0%,1,54843,2026-09-22T10:55:17+09:00,https://job.mynavi.jp/28/pc/corpinfo/displayInternship/index?corpId=54843&optNo=7tG-0
カガク興商(株),,0225-95-3381,https://www.kagaku-k.co.jp/,"一部（3,000円） 1件",0.0%,100.0%,0.0%,1,275975,2026-09-22T10:55:17+09:00,https://job.mynavi.jp/28/pc/corpinfo/displayInternship/index?corpId=275975&optNo=PLgEX
カナツ技建工業(株),,0852-25-5555,https://www.kanatsu.co.jp/,その他 2件,0.0%,0.0%,100.0%,2,105850,2026-09-22T10:55:17+09:00,https://job.mynavi.jp/28/pc/corpinfo/displayInternship/index?corpId=105850&optNo=XG8E2
クマコン熊谷(株),,048-588-1616,https://www.kumacon.co.jp/,"一部（3,000円） 1件",0.0%,100.0%,0.0%,1,277422,2026-09-22T10:55:17+09:00,https://job.mynavi.jp/28/pc/corpinfo/displayInternship/index?corpId=277422&optNo=j4mBB
コナミグループ [グループ募集],,,,その他 1件,0.0%,0.0%,100.0%,1,79728,2026-09-22T10:55:17+09:00,https://job.mynavi.jp/28/pc/corpinfo/displayInternship/index?corpId=79728&optNo=5T2mQ
コマツ道東(株)【コマツグループ】,,0155-37-3113,https://komatsu-dotou.com/pages/70/,その他 1件,0.0%,0.0%,100.0%,1,215680,2026-09-22T10:55:17+09:00,https://job.mynavi.jp/28/pc/corpinfo/displayInternship/index?corpId=215680&optNo=jY3IW
サンエー設計(株),,087-868-5100,,"一部（3,000円） 1件",0.0%,100.0%,0.0%,1,259543,2026-09-22T10:55:17+09:00,https://job.mynavi.jp/28/pc/corpinfo/displayInternship/index?corpId=259543&optNo=CbRP1
サンケイ広告(株),,073-432-1321,,"一部（5,000円） 1件",0.0%,100.0%,0.0%,1,84161,2026-09-22T10:55:17+09:00,https://job.mynavi.jp/28/pc/corpinfo/displayInternship/index?corpId=84161&optNo=MGKot
サンユレック(株),,072-669-1231,https://www.sanyu-rec.jp/,その他 1件,0.0%,0.0%,100.0%,1,92772,2026-09-22T10:55:17+09:00,https://job.mynavi.jp/28/pc/corpinfo/displayInternship/index?corpId=92772&optNo=ef4Nq
サン技術コンサルタント(株),,0152-44-9492,https://sun-ohk.co.jp/,その他 1件,0.0%,0.0%,100.0%,1,295339,2026-09-22T10:55:17+09:00,https://job.mynavi.jp/28/pc/corpinfo/displayInternship/index?corpId=295339&optNo=dOlRs
ザイロテクト(株),,,https://www.pripress.co.jp/company/,その他 1件,0.0%,0.0%,100.0%,1,292578,2026-09-22T10:55:17+09:00,https://job.mynavi.jp/28/pc/corpinfo/displayInternship/index?corpId=292578&optNo=UOSFq
スミレ会グループ [グループ募集],,078-691-8008,https://hibarigaoka-sumire.jp/; https://nagata-sumire.jp/; https://www.sumire.or.jp/co_search01.html,"一部（3,000円） 1件",0.0%,100.0%,0.0%,1,93065,2026-09-22T10:55:17+09:00,https://job.mynavi.jp/28/pc/corpinfo/displayInternship/index?corpId=93065&optNo=9J90V
セントライ青果(株),,052-903-5000,https://www.centrai.co.jp/,"一部（1,000円） 1件",0.0%,100.0%,0.0%,1,214097,2026-09-22T10:55:17+09:00,https://job.mynavi.jp/28/pc/corpinfo/displayInternship/index?corpId=214097&optNo=E8txd
ゼオンノース(株)【日本ゼオングループ】,,0766-25-1111,,その他 1件,0.0%,0.0%,100.0%,1,108489,2026-09-22T10:55:17+09:00,https://job.mynavi.jp/28/pc/corpinfo/displayInternship/index?corpId=108489&optNo=otclU
タマイM＆S(株),,097-597-1122,https://tamai-ms.jp/,その他 1件,0.0%,0.0%,100.0%,1,234251,2026-09-22T10:55:17+09:00,https://job.mynavi.jp/28/pc/corpinfo/displayInternship/index?corpId=234251&optNo=M66OQ
ダイセー倉庫運輸(株),,050-2030-5830; 0568-72-7221,https://www.ddaisei.co.jp/,"一部（5,000円） 1件",0.0%,100.0%,0.0%,1,67554,2026-09-22T10:55:17+09:00,https://job.mynavi.jp/28/pc/corpinfo/displayInternship/index?corpId=67554&optNo=Zpcs7
ティーエスケイ情報システム(株),,0852-27-6061,https://www.tskis.jp/,その他 1件,0.0%,0.0%,100.0%,1,113305,2026-09-22T10:55:17+09:00,https://job.mynavi.jp/28/pc/corpinfo/displayInternship/index?corpId=113305&optNo=539nI
テラルテクノサービス(株),,,,その他 1件,0.0%,0.0%,100.0%,1,235318,2026-09-22T10:55:17+09:00,https://job.mynavi.jp/28/pc/corpinfo/displayInternship/index?corpId=235318&optNo=2fGp0
テレポートグループ【SoftBankショップ/auショップ】 [グループ募集],,0120-73-2244,,"一部（2,000円） 1件",0.0%,100.0%,0.0%,1,261594,2026-09-22T10:55:17+09:00,https://job.mynavi.jp/28/pc/corpinfo/displayInternship/index?corpId=261594&optNo=P7vq6
ディップ(株),,,http://www.dip-net.co.jp/,その他 2件,0.0%,0.0%,100.0%,2,85586,2026-09-22T10:55:17+09:00,https://job.mynavi.jp/28/pc/corpinfo/displayInternship/index?corpId=85586&optNo=-HpP4
トヨタカローラいわき(株),,0246-22-6157,,その他 1件,0.0%,0.0%,100.0%,1,54680,2026-09-22T10:55:17+09:00,https://job.mynavi.jp/28/pc/corpinfo/displayInternship/index?corpId=54680&optNo=poGFD
トヨタカローラ香川(株),,087-881-4412,https://www.orangetoyota.jp/,"一部（20,000円） 2件",0.0%,100.0%,0.0%,2,80241,2026-09-22T10:55:17+09:00,https://job.mynavi.jp/28/pc/corpinfo/displayInternship/index?corpId=80241&optNo=JGgiQ
トリックス(株),,,,その他 1件,0.0%,0.0%,100.0%,1,67001,2026-09-22T10:55:17+09:00,https://job.mynavi.jp/28/pc/corpinfo/displayInternship/index?corpId=67001&optNo=1joym
トーカロ(株)【東証プライム市場上場】,,047-404-5526; 047-404-5584; 047-439-5511; 047-439-5516; 078-303-3433; 078-942-0752; 078-942-6501; 086-470-3433; 086-470-3434; 093-436-1221; 093-436-1414,,"一部（2,000円） 1件",0.0%,100.0%,0.0%,1,9113,2026-09-22T10:55:17+09:00,https://job.mynavi.jp/28/pc/corpinfo/displayInternship/index?corpId=9113&optNo=fkQGH
ナカザワ建販(株),,072-355-1120,https://www.nakazawa-kenpan.co.jp/,"一部（3,000円） 1件",0.0%,100.0%,0.0%,1,282292,2026-09-22T10:55:17+09:00,https://job.mynavi.jp/28/pc/corpinfo/displayInternship/index?corpId=282292&optNo=D7uDH
ナカシャクリエイテブ(株),,052-895-1131,,"一部（20,000円） 1件",0.0%,100.0%,0.0%,1,278747,2026-09-22T10:55:17+09:00,https://job.mynavi.jp/28/pc/corpinfo/displayInternship/index?corpId=278747&optNo=wFmr3
ナカハシ商事(株),,,,その他 1件,0.0%,0.0%,100.0%,1,112664,2026-09-22T10:55:17+09:00,https://job.mynavi.jp/28/pc/corpinfo/displayInternship/index?corpId=112664&optNo=DfYba
パナソニック オートモーティブシステムズ(株),,,,その他 1件,0.0%,0.0%,100.0%,1,265566,2026-09-22T10:55:17+09:00,https://job.mynavi.jp/28/pc/corpinfo/displayInternship/index?corpId=265566&optNo=WD4Ja
パナソニックエレクトリックワークス電材三重(株),,059-228-1034,https://panasonic.co.jp/ew/pewemm/,その他 1件,0.0%,0.0%,100.0%,1,270129,2026-09-22T10:55:17+09:00,https://job.mynavi.jp/28/pc/corpinfo/displayInternship/index?corpId=270129&optNo=y3Bw2
パナソニックグループ [グループ募集],,,https://recruit.jpn.panasonic.com/feed/internship_planning.html; https://recruit.jpn.panasonic.com/feed/internship_research.html; https://recruit.jpn.panasonic.com/feed/ojt-internship_report/index.html,その他 1件,0.0%,0.0%,100.0%,1,261716,2026-09-22T10:55:17+09:00,https://job.mynavi.jp/28/pc/corpinfo/displayInternship/index?corpId=261716&optNo=VYPYp
ヒロセグループ（ヒロセホールディングス(株)、ヒロセ(株)、ヒロセ補強土(株)） [グループ募集],,03-5634-0272; 03-5634-4502,https://www.hirose-grp.com/; https://www.youtube.com/watch?v=5V-2aMiuAtY&t=17s,"一部（20,000円） 1件",0.0%,100.0%,0.0%,1,277113,2026-09-22T10:55:17+09:00,https://job.mynavi.jp/28/pc/corpinfo/displayInternship/index?corpId=277113&optNo=8njNq
プレマテック(株)【フジプレアムグループ】,,0266-79-7363,https://prematec.co.jp/,"一部（30,000円） 2件 / その他 1件",0.0%,66.7%,33.3%,3,212539,2026-09-22T10:55:17+09:00,https://job.mynavi.jp/28/pc/corpinfo/displayInternship/index?corpId=212539&optNo=-rczH
ヘキサコア(株),,022-382-2121,http://www.cew.co.jp; https://cew-saiyo.com/movie/; https://cew-saiyo.com/work/; https://www.cew.co.jp/,"一部（10,000円） 4件",0.0%,100.0%,0.0%,4,91452,2026-09-22T10:55:17+09:00,https://job.mynavi.jp/28/pc/corpinfo/displayInternship/index?corpId=91452&optNo=kxew7
ホクエツグループ [グループ募集],,022-268-2311,,その他 1件,0.0%,0.0%,100.0%,1,222355,2026-09-22T10:55:17+09:00,https://job.mynavi.jp/28/pc/corpinfo/displayInternship/index?corpId=222355&optNo=e2cQ0
ミカタ(株),,06-4392-7888,https://mikatag.co.jp/,全額 1件,100.0%,0.0%,0.0%,1,227708,2026-09-22T10:55:17+09:00,https://job.mynavi.jp/28/pc/corpinfo/displayInternship/index?corpId=227708&optNo=Na9Rz
ミクロン精密(株)【東証スタンダード市場上場】,,023-688-8112,http://www.micron-grinder.co.jp; http://www.micron-grinder.co.jp/; https://www.instagram.com/micronmachinerycoltd/; https://www.micron-grinder.co.jp/contact/recruit.html; https://www.micron-grinder.co.jp/recruit-lp/; https://www.yamakobus.jp/busroute1/z90/,全額 4件,100.0%,0.0%,0.0%,4,102384,2026-09-22T10:55:17+09:00,https://job.mynavi.jp/28/pc/corpinfo/displayInternship/index?corpId=102384&optNo=PYXn4
ムアー食品(株),,,https://www.moorfood.co.jp/,"一部（3,000円） 1件 / その他 1件",0.0%,50.0%,50.0%,2,285181,2026-09-22T10:55:17+09:00,https://job.mynavi.jp/28/pc/corpinfo/displayInternship/index?corpId=285181&optNo=hixFy
ヤマハ発動機(株),,0538-32-1119,,その他 4件,0.0%,0.0%,100.0%,4,50799,2026-09-22T10:55:17+09:00,https://job.mynavi.jp/28/pc/corpinfo/displayInternship/index?corpId=50799&optNo=EL3PH
ヤンマーアグリジャパン(株) 北海道支社,,011-381-2300,https://www.yanmar.com/jp/about/company/yaj_hokkaido/,その他 1件,0.0%,0.0%,100.0%,1,205455,2026-09-22T10:55:17+09:00,https://job.mynavi.jp/28/pc/corpinfo/displayInternship/index?corpId=205455&optNo=DTEb-
ヤンマー舶用システム(株),,072-773-5860,https://www.yanmar.com/jp/,その他 1件,0.0%,0.0%,100.0%,1,287219,2026-09-22T10:55:17+09:00,https://job.mynavi.jp/28/pc/corpinfo/displayInternship/index?corpId=287219&optNo=lR-eY
ヨコセAVシステム(株),,,https://www.yokose.co.jp/; https://www.youtube.com/shorts/Av_XzgLXEI0; https://www.youtube.com/shorts/JdGFX2qFUXE,"一部（5,000円） 1件",0.0%,100.0%,0.0%,1,204227,2026-09-22T10:55:17+09:00,https://job.mynavi.jp/28/pc/corpinfo/displayInternship/index?corpId=204227&optNo=8Ijea
ライト工業(株) 【東証プライム上場】,,03-3265-2556,https://www.raito.co.jp/,全額 2件,100.0%,0.0%,0.0%,2,93121,2026-09-22T10:55:17+09:00,https://job.mynavi.jp/28/pc/corpinfo/displayInternship/index?corpId=93121&optNo=J5iHl
リスのプラスチックグループ【岐阜プラスチック工業(株)／リスパック(株)／リス(株)／リスジョイントプロダクツ(株)／リス興業(株)】 [グループ募集],,0120-223-294,,"一部（1,000円） 1件",0.0%,100.0%,0.0%,1,5127,2026-09-22T10:55:17+09:00,https://job.mynavi.jp/28/pc/corpinfo/displayInternship/index?corpId=5127&optNo=1VuD7
リンタツ(株),,,https://www.rintatsu.co.jp/,その他 1件,0.0%,0.0%,100.0%,1,205057,2026-09-22T10:55:17+09:00,https://job.mynavi.jp/28/pc/corpinfo/displayInternship/index?corpId=205057&optNo=CbLs-
ルスツ羊蹄ファーム(株),,080-1987-6759,,その他 1件,0.0%,0.0%,100.0%,1,289963,2026-09-22T10:55:17+09:00,https://job.mynavi.jp/28/pc/corpinfo/displayInternship/index?corpId=289963&optNo=q8rIs
七王工業(株),,0877-62-0951,,その他 3件,0.0%,0.0%,100.0%,3,283482,2026-09-22T10:55:17+09:00,https://job.mynavi.jp/28/pc/corpinfo/displayInternship/index?corpId=283482&optNo=7ZfhV
万能工業(株),,0566-97-8511,https://www.mannoh.co.jp/,"一部（10,000円） 4件",0.0%,100.0%,0.0%,4,279214,2026-09-22T10:55:17+09:00,https://job.mynavi.jp/28/pc/corpinfo/displayInternship/index?corpId=279214&optNo=bE6c1
三和建設(株),,099-243-2210,,"一部（10,000円） 1件",0.0%,100.0%,0.0%,1,108782,2026-09-22T10:55:17+09:00,https://job.mynavi.jp/28/pc/corpinfo/displayInternship/index?corpId=108782&optNo=kWkbW
三平興業(株),,084-941-2440,https://www.sanpeikogyo.co.jp/,"一部（10,000円） 2件",0.0%,100.0%,0.0%,2,53918,2026-09-22T10:55:17+09:00,https://job.mynavi.jp/28/pc/corpinfo/displayInternship/index?corpId=53918&optNo=EDW7v
三菱UFJニコス(株),,03-6361-1780,https://www.cr.mufg.jp/; https://youtube.com/channel/UC7PjSrzfjMWCCjbVAHPXB5g?si=oJAvN1w2Dn0mK3ga,その他 1件,0.0%,0.0%,100.0%,1,72791,2026-09-22T10:55:17+09:00,https://job.mynavi.jp/28/pc/corpinfo/displayInternship/index?corpId=72791&optNo=9n3xf
三菱UFJ信託銀行(株),,03-6361-9150,,その他 1件,0.0%,0.0%,100.0%,1,96383,2026-09-22T10:55:17+09:00,https://job.mynavi.jp/28/pc/corpinfo/displayInternship/index?corpId=96383&optNo=fg1co
三菱瓦斯化学(株)【三菱ガス化学】,,03-3283-5073; 03-3283-5183,https://www.mgc.co.jp/employ/career_jimu.html,その他 1件,0.0%,0.0%,100.0%,1,395,2026-09-22T10:55:17+09:00,https://job.mynavi.jp/28/pc/corpinfo/displayInternship/index?corpId=395&optNo=fA33t
中一建設工業(株),,0566-82-7111,https://nakaichi-re.co.jp; https://www.instagram.com/hometown.eiger/; https://www.instagram.com/n1.teamjinji/,"一部（5,000円） 2件",0.0%,100.0%,0.0%,2,106206,2026-09-22T10:55:17+09:00,https://job.mynavi.jp/28/pc/corpinfo/displayInternship/index?corpId=106206&optNo=UlDMn
中央観光(株)【ホテル鐘山苑】,,0555-22-3168,,"一部（10,000円） 1件",0.0%,100.0%,0.0%,1,221311,2026-09-22T10:55:17+09:00,https://job.mynavi.jp/28/pc/corpinfo/displayInternship/index?corpId=221311&optNo=3eC7I
中村建設(株),,0135-23-3830,http://nakamurakensetsu.info/,"一部（3,000円） 1件",0.0%,100.0%,0.0%,1,281679,2026-09-22T10:55:17+09:00,https://job.mynavi.jp/28/pc/corpinfo/displayInternship/index?corpId=281679&optNo=TyARt
中越精器(株),,076-451-2681,https://www.chuetsu-seiki.co.jp/; https://www.instagram.com/chuetsu_seiki/,その他 1件,0.0%,0.0%,100.0%,1,226629,2026-09-22T10:55:17+09:00,https://job.mynavi.jp/28/pc/corpinfo/displayInternship/index?corpId=226629&optNo=Xzo1t
丸井産業(株),,0884-42-0183,,全額 1件,100.0%,0.0%,0.0%,1,210602,2026-09-22T10:55:17+09:00,https://job.mynavi.jp/28/pc/corpinfo/displayInternship/index?corpId=210602&optNo=wktfg
丸新志鷹建設(株),,076-481-1201,https://www.shitaka.co.jp/,全額 1件,100.0%,0.0%,0.0%,1,99319,2026-09-22T10:55:17+09:00,https://job.mynavi.jp/28/pc/corpinfo/displayInternship/index?corpId=99319&optNo=Ym7V-
丸鮮(株),,052-683-3611; 090-9935-0668,,"一部（30,000円） 1件 / その他 1件",0.0%,50.0%,50.0%,2,239469,2026-09-22T10:55:17+09:00,https://job.mynavi.jp/28/pc/corpinfo/displayInternship/index?corpId=239469&optNo=ijfim
井口建設(株),,0532-45-2211,https://www.iguchi-kensetsu.co.jp/,"一部（2,000円） 1件",0.0%,100.0%,0.0%,1,258240,2026-09-22T10:55:17+09:00,https://job.mynavi.jp/28/pc/corpinfo/displayInternship/index?corpId=258240&optNo=VWGD3
京都電子工業(株),,075-691-4121,https://www.kem.kyoto/,"一部（15,000円） 1件",0.0%,100.0%,0.0%,1,273341,2026-09-22T10:55:17+09:00,https://job.mynavi.jp/28/pc/corpinfo/displayInternship/index?corpId=273341&optNo=GzMl7
今井産業(株),,0855-92-0126; 0855-92-1321,https://www.imai-corp.co.jp/,"一部（10,000円） 5件 / その他 1件",0.0%,83.3%,16.7%,6,232347,2026-09-22T10:55:17+09:00,https://job.mynavi.jp/28/pc/corpinfo/displayInternship/index?corpId=232347&optNo=0tzRV
伸和興業(株),,022-797-5848,https://www.shinwakk.jp/,"一部（2,000円） 1件 / その他 2件",0.0%,33.3%,66.7%,3,264854,2026-09-22T10:55:17+09:00,https://job.mynavi.jp/28/pc/corpinfo/displayInternship/index?corpId=264854&optNo=VC0vH
住友化学(株),,03-5201-0321,https://www.sumitomo-chem.co.jp/,その他 1件,0.0%,0.0%,100.0%,1,149,2026-09-22T10:55:17+09:00,https://job.mynavi.jp/28/pc/corpinfo/displayInternship/index?corpId=149&optNo=ha723
住友林業(株),,,,その他 1件,0.0%,0.0%,100.0%,1,38270,2026-09-22T10:55:17+09:00,https://job.mynavi.jp/28/pc/corpinfo/displayInternship/index?corpId=38270&optNo=PhCy6
佐呂間町農業協同組合【JAサロマ】,,01587-2-3341,,"一部（50,000円） 1件",0.0%,100.0%,0.0%,1,277449,2026-09-22T10:55:17+09:00,https://job.mynavi.jp/28/pc/corpinfo/displayInternship/index?corpId=277449&optNo=gr3II
光徳電興(株),,06-6358-6031,,"一部（3,000円） 2件",0.0%,100.0%,0.0%,2,210942,2026-09-22T10:55:17+09:00,https://job.mynavi.jp/28/pc/corpinfo/displayInternship/index?corpId=210942&optNo=UUxPQ
共和水産(株),,0859-44-7171,https://kyowa-fishery.co.jp/,"一部（5,000円） 2件",0.0%,100.0%,0.0%,2,232492,2026-09-22T10:55:17+09:00,https://job.mynavi.jp/28/pc/corpinfo/displayInternship/index?corpId=232492&optNo=MDD7q
共立工業(株),,0836-31-6688,https://kyoritukogyo.co.jp,その他 2件,0.0%,0.0%,100.0%,2,213669,2026-09-22T10:55:17+09:00,https://job.mynavi.jp/28/pc/corpinfo/displayInternship/index?corpId=213669&optNo=J7tvq
兼六建設(株),,,http://www.kenroku-kensetsu.co.jp/,その他 3件,0.0%,0.0%,100.0%,3,221362,2026-09-22T10:55:17+09:00,https://job.mynavi.jp/28/pc/corpinfo/displayInternship/index?corpId=221362&optNo=49Eis
冨士ファニチア(株),,,,その他 1件,0.0%,0.0%,100.0%,1,268595,2026-09-22T10:55:17+09:00,https://job.mynavi.jp/28/pc/corpinfo/displayInternship/index?corpId=268595&optNo=ET5Oz
出光興産(株),,,,全額 1件,100.0%,0.0%,0.0%,1,222,2026-09-22T10:55:17+09:00,https://job.mynavi.jp/28/pc/corpinfo/displayInternship/index?corpId=222&optNo=HrypB
出雲ガス(株),,0853-21-0267,https://www.izumogas.co.jp/,"一部（90,000円） 1件",0.0%,100.0%,0.0%,1,249993,2026-09-22T10:55:17+09:00,https://job.mynavi.jp/28/pc/corpinfo/displayInternship/index?corpId=249993&optNo=oQ7fO
出雲グリーン(株),,0853-21-5151; 0853-21-5153,http://www.izumogreen.co.jp/,その他 2件,0.0%,0.0%,100.0%,2,250363,2026-09-22T10:55:17+09:00,https://job.mynavi.jp/28/pc/corpinfo/displayInternship/index?corpId=250363&optNo=5ZxjI
出雲ケーブルビジョン(株),,0853-21-9811,https://www.gogo-jobcafe-shimane.jp/event/detail/5746; https://www.icv-izumo.ne.jp/,"一部（90,000円） 3件",0.0%,100.0%,0.0%,3,232528,2026-09-22T10:55:17+09:00,https://job.mynavi.jp/28/pc/corpinfo/displayInternship/index?corpId=232528&optNo=GcwII
創建ホーム(株),,082-422-7777,,"一部（2,000円） 1件",0.0%,100.0%,0.0%,1,84273,2026-09-22T10:55:17+09:00,https://job.mynavi.jp/28/pc/corpinfo/displayInternship/index?corpId=84273&optNo=oIhQm
北土建設(株),,011-561-2221,http://www.hokudo-c.co.jp/,その他 1件,0.0%,0.0%,100.0%,1,296153,2026-09-22T10:55:17+09:00,https://job.mynavi.jp/28/pc/corpinfo/displayInternship/index?corpId=296153&optNo=srFBD
北海道日紅(株),,0155-65-5015,,全額 1件,100.0%,0.0%,0.0%,1,103385,2026-09-22T10:55:17+09:00,https://job.mynavi.jp/28/pc/corpinfo/displayInternship/index?corpId=103385&optNo=XeoLm
北海道日興電気通信(株),,0123-28-1201,,全額 1件,100.0%,0.0%,0.0%,1,112321,2026-09-22T10:55:17+09:00,https://job.mynavi.jp/28/pc/corpinfo/displayInternship/index?corpId=112321&optNo=9mRvI
北海道総合通信網(株)【ほくでんグループ】,,011-590-6636,https://www.hotnet.co.jp/,全額 1件,100.0%,0.0%,0.0%,1,84367,2026-09-22T10:55:17+09:00,https://job.mynavi.jp/28/pc/corpinfo/displayInternship/index?corpId=84367&optNo=t7T2z
北陸施設工業(株),,0258-46-1211,https://hokuriku-sk.co.jp,その他 1件,0.0%,0.0%,100.0%,1,239841,2026-09-22T10:55:17+09:00,https://job.mynavi.jp/28/pc/corpinfo/displayInternship/index?corpId=239841&optNo=Pvazt
十合刈谷酸素(株)【日本酸素グループ】,,052-253-7010,https://www.sk.tn-sanso.co.jp/,"一部（10,000円） 3件",0.0%,100.0%,0.0%,3,105236,2026-09-22T10:55:17+09:00,https://job.mynavi.jp/28/pc/corpinfo/displayInternship/index?corpId=105236&optNo=0b8Tn
千代田計装(株),,,,"一部（10,000円） 1件",0.0%,100.0%,0.0%,1,243597,2026-09-22T10:55:17+09:00,https://job.mynavi.jp/28/pc/corpinfo/displayInternship/index?corpId=243597&optNo=kVNV1
協和道路(株),,,https://www.facebook.com/kyowa.road.pr/; https://www.instagram.com/kyowaroad.pr/; https://www.kyowa-road.co.jp/,"一部（2,000円） 1件",0.0%,100.0%,0.0%,1,100782,2026-09-22T10:55:17+09:00,https://job.mynavi.jp/28/pc/corpinfo/displayInternship/index?corpId=100782&optNo=8hQOm
南部化成(株),,0548-34-1801,https://www.nanbu.co.jp/,その他 1件,0.0%,0.0%,100.0%,1,206738,2026-09-22T10:55:17+09:00,https://job.mynavi.jp/28/pc/corpinfo/displayInternship/index?corpId=206738&optNo=hVt8h
古手川産業(株),,0972-82-1331,,その他 2件,0.0%,0.0%,100.0%,2,289331,2026-09-22T10:55:17+09:00,https://job.mynavi.jp/28/pc/corpinfo/displayInternship/index?corpId=289331&optNo=Kjxf3
吉川建設(株),,0265-22-3400,https://www.instagram.com/yoshikawakensetsu/; https://www.yoshikawaken.co.jp/,"一部（10,000円） 2件 / 一部（5,000円） 1件",0.0%,100.0%,0.0%,3,56962,2026-09-22T10:55:17+09:00,https://job.mynavi.jp/28/pc/corpinfo/displayInternship/index?corpId=56962&optNo=PCUrW
同事建設(株),,,https://www.dohzi.co.jp/,"一部（2,000円） 2件",0.0%,100.0%,0.0%,2,264984,2026-09-22T10:55:17+09:00,https://job.mynavi.jp/28/pc/corpinfo/displayInternship/index?corpId=264984&optNo=WW9U4
名城食品(株),,,,一部 1件,0.0%,100.0%,0.0%,1,272499,2026-09-22T10:55:17+09:00,https://job.mynavi.jp/28/pc/corpinfo/displayInternship/index?corpId=272499&optNo=m-47y
名鉄六合(株)【名鉄グループ】,,052-201-5851,,"一部（2,000円） 1件",0.0%,100.0%,0.0%,1,203772,2026-09-22T10:55:17+09:00,https://job.mynavi.jp/28/pc/corpinfo/displayInternship/index?corpId=203772&optNo=Lx-ap
喜多村石油(株),,0942-35-5252,https://www.kitamura-oil.com/,その他 1件,0.0%,0.0%,100.0%,1,79441,2026-09-22T10:55:17+09:00,https://job.mynavi.jp/28/pc/corpinfo/displayInternship/index?corpId=79441&optNo=zERJl
四国化工機(株),,0120-935-276,https://www.shikoku-kakoki.co.jp/,その他 1件,0.0%,0.0%,100.0%,1,231755,2026-09-22T10:55:17+09:00,https://job.mynavi.jp/28/pc/corpinfo/displayInternship/index?corpId=231755&optNo=rleGh
四国段ボール(株),,0877-47-4185,http://www.shikoku-dan.co.jp/,"一部（5,000円） 1件",0.0%,100.0%,0.0%,1,112717,2026-09-22T10:55:17+09:00,https://job.mynavi.jp/28/pc/corpinfo/displayInternship/index?corpId=112717&optNo=tcDcO
垣善フレッグ(株),,0597-47-3226,,その他 1件,0.0%,0.0%,100.0%,1,262564,2026-09-22T10:55:17+09:00,https://job.mynavi.jp/28/pc/corpinfo/displayInternship/index?corpId=262564&optNo=dBCtY
多度津造船(株)【今治造船グループ】,,0877-33-2111,https://www.tadotsuzousen.com/,その他 1件,0.0%,0.0%,100.0%,1,282007,2026-09-22T10:55:17+09:00,https://job.mynavi.jp/28/pc/corpinfo/displayInternship/index?corpId=282007&optNo=wEo2-
大分ダイハツ販売(株),,080-3909-0814,https://www.instagram.com/oita_daihatsu/,その他 2件,0.0%,0.0%,100.0%,2,98171,2026-09-22T10:55:17+09:00,https://job.mynavi.jp/28/pc/corpinfo/displayInternship/index?corpId=98171&optNo=7J4y1
大分県庁,,097-506-3019,https://www.pref.oita.jp/soshiki/13000/ooitaken-yakuzaishi.html,"一部（10,000円） 1件",0.0%,100.0%,0.0%,1,247097,2026-09-22T10:55:17+09:00,https://job.mynavi.jp/28/pc/corpinfo/displayInternship/index?corpId=247097&optNo=43X04
大勝建設(株),,06-6718-2100,,その他 1件,0.0%,0.0%,100.0%,1,267370,2026-09-22T10:55:17+09:00,https://job.mynavi.jp/28/pc/corpinfo/displayInternship/index?corpId=267370&optNo=Xvk7O
大平洋製鋼(株),,076-432-4176; 076-441-8283,https://pacificsteelmfg.co.jp/,その他 1件,0.0%,0.0%,100.0%,1,112543,2026-09-22T10:55:17+09:00,https://job.mynavi.jp/28/pc/corpinfo/displayInternship/index?corpId=112543&optNo=oBxO-
大栄建設(株),,0836-21-8136,https://www.daiei-c.jp/,その他 2件,0.0%,0.0%,100.0%,2,242415,2026-09-22T10:55:17+09:00,https://job.mynavi.jp/28/pc/corpinfo/displayInternship/index?corpId=242415&optNo=kHO2D
大畑建設(株),,0856-23-3530,http://ohata.jp/; https://ohata.construction/,"一部（90,000円） 3件 / その他 1件",0.0%,75.0%,25.0%,4,232245,2026-09-22T10:55:17+09:00,https://job.mynavi.jp/28/pc/corpinfo/displayInternship/index?corpId=232245&optNo=mXyKn
大谷自動車(株),,080-7431-0628,http://www.otani-j.co.jp/,"一部（5,000円） 1件",0.0%,100.0%,0.0%,1,207270,2026-09-22T10:55:17+09:00,https://job.mynavi.jp/28/pc/corpinfo/displayInternship/index?corpId=207270&optNo=Fml1z
大阪信用保証協会,,06-6131-7146,https://www.cgc-osaka.jp/,"一部（1,000円） 1件 / 一部（2,000円） 1件",0.0%,100.0%,0.0%,2,80848,2026-09-22T10:55:17+09:00,https://job.mynavi.jp/28/pc/corpinfo/displayInternship/index?corpId=80848&optNo=NXQFO
太洋技研(株)【西海建設グループ】,,095-801-4585; 095-801-4586,https://taiyou-g.co.jp/,"一部（5,000円） 1件",0.0%,100.0%,0.0%,1,260065,2026-09-22T10:55:17+09:00,https://job.mynavi.jp/28/pc/corpinfo/displayInternship/index?corpId=260065&optNo=YWIjB
安全索道(株),,077-514-1015; 077-514-1022,https://ansaku.jp/,"一部（10,000円） 1件",0.0%,100.0%,0.0%,1,56043,2026-09-22T10:55:17+09:00,https://job.mynavi.jp/28/pc/corpinfo/displayInternship/index?corpId=56043&optNo=V3SCH
宗教法人太宰府天満宮,,092-922-8225,https://www.dazaifutenmangu.or.jp/,"一部（2,000円） 1件",0.0%,100.0%,0.0%,1,282671,2026-09-22T10:55:17+09:00,https://job.mynavi.jp/28/pc/corpinfo/displayInternship/index?corpId=282671&optNo=bu3km
富士鋼業(株),,054-643-3221,https://www.fujikogyo.co.jp/,その他 1件,0.0%,0.0%,100.0%,1,281168,2026-09-22T10:55:17+09:00,https://job.mynavi.jp/28/pc/corpinfo/displayInternship/index?corpId=281168&optNo=3q5cV
富山小林製薬(株),,076-468-2811,https://www.toyamakobayashi.co.jp/,その他 1件,0.0%,0.0%,100.0%,1,69513,2026-09-22T10:55:17+09:00,https://job.mynavi.jp/28/pc/corpinfo/displayInternship/index?corpId=69513&optNo=2ruK-
寺下建設(株),,0178-70-1234,,その他 1件,0.0%,0.0%,100.0%,1,213743,2026-09-22T10:55:17+09:00,https://job.mynavi.jp/28/pc/corpinfo/displayInternship/index?corpId=213743&optNo=XESmv
小清水町農業協同組合【JAこしみず】,,0152-62-2111,https://ja-koshimizu.jp/,その他 1件,0.0%,0.0%,100.0%,1,113192,2026-09-22T10:55:17+09:00,https://job.mynavi.jp/28/pc/corpinfo/displayInternship/index?corpId=113192&optNo=8OaYn
屋久島電工(株),,0997-42-0111,https://www.yakuden.co.jp/,その他 1件,0.0%,0.0%,100.0%,1,288812,2026-09-22T10:55:17+09:00,https://job.mynavi.jp/28/pc/corpinfo/displayInternship/index?corpId=288812&optNo=89cnd
山口ハウステクノ(株),,0800-222-7713,http://www.yamaguchi-ht.co.jp/,その他 1件,0.0%,0.0%,100.0%,1,247716,2026-09-22T10:55:17+09:00,https://job.mynavi.jp/28/pc/corpinfo/displayInternship/index?corpId=247716&optNo=s2xDy
山忠食品工業(株),,0595-82-1347,,"一部（3,000円） 1件",0.0%,100.0%,0.0%,1,221681,2026-09-22T10:55:17+09:00,https://job.mynavi.jp/28/pc/corpinfo/displayInternship/index?corpId=221681&optNo=lb2R3
山田車体工業(株),,022-358-3171; 022-358-3175,https://www.yamada-body.net/,全額 3件,100.0%,0.0%,0.0%,3,285288,2026-09-22T10:55:17+09:00,https://job.mynavi.jp/28/pc/corpinfo/displayInternship/index?corpId=285288&optNo=3Cp24
山陽薬品(株),,,https://www.sanyo-yakuhin.com/,その他 1件,0.0%,0.0%,100.0%,1,263136,2026-09-22T10:55:17+09:00,https://job.mynavi.jp/28/pc/corpinfo/displayInternship/index?corpId=263136&optNo=Rhtnn
岐阜工業(株),,0120-939-061; 052-501-3304,https://gifukogyo.com,その他 1件,0.0%,0.0%,100.0%,1,216209,2026-09-22T10:55:17+09:00,https://job.mynavi.jp/28/pc/corpinfo/displayInternship/index?corpId=216209&optNo=OYYHI
岡安ゴム(株),,077-562-7271; 077-562-7289,http://okayasu-rubber.co.jp; https://okayasu-rubber.co.jp/,その他 2件,0.0%,0.0%,100.0%,2,285250,2026-09-22T10:55:17+09:00,https://job.mynavi.jp/28/pc/corpinfo/displayInternship/index?corpId=285250&optNo=DbxnB
島建コンサルタント(株),,0853-53-3251,https://www.simaken.co.jp/,その他 2件,0.0%,0.0%,100.0%,2,224865,2026-09-22T10:55:17+09:00,https://job.mynavi.jp/28/pc/corpinfo/displayInternship/index?corpId=224865&optNo=6HRzt
川重冷熱工業(株)【川崎重工グループ】,,06-6325-0300,http://www.khi.co.jp/corp/kte/; https://www.khi.co.jp/corp/kte/50th_special/; https://www.khi.co.jp/corp/kte/contents_movie/boiler/,全額 2件,100.0%,0.0%,0.0%,2,72980,2026-09-22T10:55:17+09:00,https://job.mynavi.jp/28/pc/corpinfo/displayInternship/index?corpId=72980&optNo=6cIaB
帝國製薬(株),,0879-25-2221,https://www.teikoku.co.jp/,"一部（30,000円） 2件",0.0%,100.0%,0.0%,2,54280,2026-09-22T10:55:17+09:00,https://job.mynavi.jp/28/pc/corpinfo/displayInternship/index?corpId=54280&optNo=GrUcX
帯広大正農業協同組合,,0155-64-5211,https://www.ja-taisho.com/,"一部（15,000円） 1件",0.0%,100.0%,0.0%,1,210524,2026-09-22T10:55:17+09:00,https://job.mynavi.jp/28/pc/corpinfo/displayInternship/index?corpId=210524&optNo=lzwVp
常盤電機(株),,079-298-1121,https://www.tokiwa-electric.co.jp/,"一部（2,000円） 1件",0.0%,100.0%,0.0%,1,59446,2026-09-22T10:55:17+09:00,https://job.mynavi.jp/28/pc/corpinfo/displayInternship/index?corpId=59446&optNo=jVTHD
平和鉄構(株),,0166-73-8282,https://www.heiwa-tekko.co.jp/,その他 1件,0.0%,0.0%,100.0%,1,273347,2026-09-22T10:55:17+09:00,https://job.mynavi.jp/28/pc/corpinfo/displayInternship/index?corpId=273347&optNo=CXrA3
徳島県信用農業協同組合連合会(JAバンク徳島信連),,088-634-2412,https://www.jabank-tokushima.or.jp/,"一部（3,000円） 1件",0.0%,100.0%,0.0%,1,278094,2026-09-22T10:55:17+09:00,https://job.mynavi.jp/28/pc/corpinfo/displayInternship/index?corpId=278094&optNo=UQjlh
志布志東洋埠頭(株),,099-473-2310,,"一部（5,000円） 1件",0.0%,100.0%,0.0%,1,261956,2026-09-22T10:55:17+09:00,https://job.mynavi.jp/28/pc/corpinfo/displayInternship/index?corpId=261956&optNo=6k7EV
新日本熱学(株)【ニチアスグループ】,,,https://www.netugaku.co.jp/,"一部（5,000円） 2件",0.0%,100.0%,0.0%,2,86525,2026-09-22T10:55:17+09:00,https://job.mynavi.jp/28/pc/corpinfo/displayInternship/index?corpId=86525&optNo=dKJX2
日ポリ化工(株),,06-6241-1126,https://works.nippori.co.jp/; https://www.nippori.co.jp/,その他 2件,0.0%,0.0%,100.0%,2,60691,2026-09-22T10:55:17+09:00,https://job.mynavi.jp/28/pc/corpinfo/displayInternship/index?corpId=60691&optNo=e1U7p
日本福祉サービス(株),,06-6868-9500,,その他 1件,0.0%,0.0%,100.0%,1,212099,2026-09-22T10:55:17+09:00,https://job.mynavi.jp/28/pc/corpinfo/displayInternship/index?corpId=212099&optNo=3i64o
日本綜合建設(株),,026-226-0381,http://www.nihonsougou.co.jp/,一部 2件,0.0%,100.0%,0.0%,2,91525,2026-09-22T10:55:17+09:00,https://job.mynavi.jp/28/pc/corpinfo/displayInternship/index?corpId=91525&optNo=GN3wQ
日本郵政コーポレートサービス(株),,03-5785-3103,https://www.jp-cs.jp/,その他 1件,0.0%,0.0%,100.0%,1,100960,2026-09-22T10:55:17+09:00,https://job.mynavi.jp/28/pc/corpinfo/displayInternship/index?corpId=100960&optNo=6Xb7B
日本郵政コーポレートサービス(株)【熊本募集】,,03-5785-3103,https://www.jp-cs.jp/,その他 1件,0.0%,0.0%,100.0%,1,296171,2026-09-22T10:55:17+09:00,https://job.mynavi.jp/28/pc/corpinfo/displayInternship/index?corpId=296171&optNo=HDGWf
日本電機産業(株),,072-237-5335,https://www.nihondenkisangyo.jp/,"一部（5,000円） 2件",0.0%,100.0%,0.0%,2,221896,2026-09-22T10:55:17+09:00,https://job.mynavi.jp/28/pc/corpinfo/displayInternship/index?corpId=221896&optNo=Q2ZDQ
日東河川工業(株),,,https://www.nittokasen.co.jp/,"一部（3,000円） 2件",0.0%,100.0%,0.0%,2,266245,2026-09-22T10:55:17+09:00,https://job.mynavi.jp/28/pc/corpinfo/displayInternship/index?corpId=266245&optNo=0yUYa
日比野工業(株),,0566-82-5118,https://hibino-jpn.co.jp/saiyo/,その他 1件,0.0%,0.0%,100.0%,1,271486,2026-09-22T10:55:17+09:00,https://job.mynavi.jp/28/pc/corpinfo/displayInternship/index?corpId=271486&optNo=--FlH
日産自動車九州(株)【日産自動車グループ】,,093-435-1120,,その他 1件,0.0%,0.0%,100.0%,1,250957,2026-09-22T10:55:17+09:00,https://job.mynavi.jp/28/pc/corpinfo/displayInternship/index?corpId=250957&optNo=H4p46
日産部品東海販売(株),,052-882-5523,http://www.nissan-buhin-tokai.jp/,"一部（1,000円） 1件",0.0%,100.0%,0.0%,1,105242,2026-09-22T10:55:17+09:00,https://job.mynavi.jp/28/pc/corpinfo/displayInternship/index?corpId=105242&optNo=sVGdf
日鉄ステンレス加工(株),,,https://www.kako.stainless.nipponsteel.com/,その他 1件,0.0%,0.0%,100.0%,1,284369,2026-09-22T10:55:17+09:00,https://job.mynavi.jp/28/pc/corpinfo/displayInternship/index?corpId=284369&optNo=cRpaD
旭川トヨタ自動車(株),,0166-22-6111,,その他 1件,0.0%,0.0%,100.0%,1,50918,2026-09-22T10:55:17+09:00,https://job.mynavi.jp/28/pc/corpinfo/displayInternship/index?corpId=50918&optNo=guUj7
旭川日産自動車(株),,0166-62-5523,,その他 1件,0.0%,0.0%,100.0%,1,111181,2026-09-22T10:55:17+09:00,https://job.mynavi.jp/28/pc/corpinfo/displayInternship/index?corpId=111181&optNo=BRvNV
明光電子(株),,045-471-2223,,その他 1件,0.0%,0.0%,100.0%,1,209316,2026-09-22T10:55:17+09:00,https://job.mynavi.jp/28/pc/corpinfo/displayInternship/index?corpId=209316&optNo=TP8MI
札幌ペック(株),,011-772-6992,,"一部（50,000円） 1件",0.0%,100.0%,0.0%,1,224140,2026-09-22T10:55:17+09:00,https://job.mynavi.jp/28/pc/corpinfo/displayInternship/index?corpId=224140&optNo=v8jW2
札幌交通機械(株)【JR北海道グループ】,,011-721-4371,https://www.sakkoki.co.jp/,全額 1件,100.0%,0.0%,0.0%,1,243557,2026-09-22T10:55:17+09:00,https://job.mynavi.jp/28/pc/corpinfo/displayInternship/index?corpId=243557&optNo=D1Ijy
東宗谷農業協同組合,,01634-2-2229,,その他 1件,0.0%,0.0%,100.0%,1,107479,2026-09-22T10:55:17+09:00,https://job.mynavi.jp/28/pc/corpinfo/displayInternship/index?corpId=107479&optNo=SsJZ3
東洋技研コンサルタント(株),,06-6886-1081,https://www.instagram.com/toyogiken_ccei/; https://www.toyogiken-ccei.co.jp/,全額 1件,100.0%,0.0%,0.0%,1,200218,2026-09-22T10:55:17+09:00,https://job.mynavi.jp/28/pc/corpinfo/displayInternship/index?corpId=200218&optNo=d4ElH
東海理化NExT(株)【東海理化グループ】,,0573-28-3000,,"一部（3,000円） 1件",0.0%,100.0%,0.0%,1,295958,2026-09-22T10:55:17+09:00,https://job.mynavi.jp/28/pc/corpinfo/displayInternship/index?corpId=295958&optNo=r29l7
東興ジオテック(株)【高松グループ】,,03-3456-8760; 03-3456-8761,https://www.toko-geo.co.jp/,その他 1件,0.0%,0.0%,100.0%,1,227501,2026-09-22T10:55:17+09:00,https://job.mynavi.jp/28/pc/corpinfo/displayInternship/index?corpId=227501&optNo=2Z7ol
東邦ガスエナジーエンジニアリング(株) 【東邦ガスグループ】,,052-884-3521,,"一部（20,000円） 3件",0.0%,100.0%,0.0%,3,239001,2026-09-22T10:55:17+09:00,https://job.mynavi.jp/28/pc/corpinfo/displayInternship/index?corpId=239001&optNo=0JxD2
東邦車輛(株)【新明和グループ】,,0276-99-1040,,その他 1件,0.0%,0.0%,100.0%,1,201444,2026-09-22T10:55:17+09:00,https://job.mynavi.jp/28/pc/corpinfo/displayInternship/index?corpId=201444&optNo=8UrZQ
柳田産業(株),,079-442-1521,http://www.yanagida.co.jp/,全額 1件,100.0%,0.0%,0.0%,1,288013,2026-09-22T10:55:17+09:00,https://job.mynavi.jp/28/pc/corpinfo/displayInternship/index?corpId=288013&optNo=exvkd
栄和設計(株),,093-882-6111,http://www.eiwaeng.ec-net.jp/,"一部（5,000円） 1件",0.0%,100.0%,0.0%,1,283350,2026-09-22T10:55:17+09:00,https://job.mynavi.jp/28/pc/corpinfo/displayInternship/index?corpId=283350&optNo=gapDU
梅林建設(株),,097-534-4151,,その他 1件,0.0%,0.0%,100.0%,1,85605,2026-09-22T10:55:17+09:00,https://job.mynavi.jp/28/pc/corpinfo/displayInternship/index?corpId=85605&optNo=1d0p2
極東高分子(株),,0134-62-2115,,全額 1件,100.0%,0.0%,0.0%,1,207036,2026-09-22T10:55:17+09:00,https://job.mynavi.jp/28/pc/corpinfo/displayInternship/index?corpId=207036&optNo=LVsJ0
横内建設(株),,059-346-3382,https://www.yokouchi-kensetsu.co.jp,全額 1件,100.0%,0.0%,0.0%,1,224235,2026-09-22T10:55:17+09:00,https://job.mynavi.jp/28/pc/corpinfo/displayInternship/index?corpId=224235&optNo=9ogBd
武田機工(株),,,https://www.takeda-k.jp/,"一部（2,000円） 2件",0.0%,100.0%,0.0%,2,27735,2026-09-22T10:55:17+09:00,https://job.mynavi.jp/28/pc/corpinfo/displayInternship/index?corpId=27735&optNo=Dsiad
気仙沼信用金庫,,0226-22-6832,,"一部（5,000円） 1件",0.0%,100.0%,0.0%,1,112635,2026-09-22T10:55:17+09:00,https://job.mynavi.jp/28/pc/corpinfo/displayInternship/index?corpId=112635&optNo=F0w8t
水元建設(株),,0157-25-6000,https://mizumoto.co.jp/,その他 1件,0.0%,0.0%,100.0%,1,288228,2026-09-22T10:55:17+09:00,https://job.mynavi.jp/28/pc/corpinfo/displayInternship/index?corpId=288228&optNo=LFFlY
沢田鉄工(株),,0763-33-3501,https://sawada-tekko.com/,その他 1件,0.0%,0.0%,100.0%,1,251078,2026-09-22T10:55:17+09:00,https://job.mynavi.jp/28/pc/corpinfo/displayInternship/index?corpId=251078&optNo=31-G3
河野電気(株),,097-543-7567; 097-544-3131,https://www.kawanodenki.co.jp,"一部（20,000円） 4件",0.0%,100.0%,0.0%,4,82767,2026-09-22T10:55:17+09:00,https://job.mynavi.jp/28/pc/corpinfo/displayInternship/index?corpId=82767&optNo=10PBt
洋伸建設(株)【五洋建設グループ】,,082-511-4520,https://www.yoshin-const.co.jp/,全額 1件,100.0%,0.0%,0.0%,1,206271,2026-09-22T10:55:17+09:00,https://job.mynavi.jp/28/pc/corpinfo/displayInternship/index?corpId=206271&optNo=08tqn
津別建設(株),,0152-76-2174,http://www.tsube-ken.co.jp/,その他 1件,0.0%,0.0%,100.0%,1,255359,2026-09-22T10:55:17+09:00,https://job.mynavi.jp/28/pc/corpinfo/displayInternship/index?corpId=255359&optNo=md2TO
浜名湖電装(株)【デンソーグループ】,,,,その他 1件,0.0%,0.0%,100.0%,1,96011,2026-09-22T10:55:17+09:00,https://job.mynavi.jp/28/pc/corpinfo/displayInternship/index?corpId=96011&optNo=-7rDf
浜松熱処理工業(株),,053-441-1730,,"一部（50,000円） 1件",0.0%,100.0%,0.0%,1,220172,2026-09-22T10:55:17+09:00,https://job.mynavi.jp/28/pc/corpinfo/displayInternship/index?corpId=220172&optNo=qLdBO
浦安工業(株),,026-233-3261,,その他 1件,0.0%,0.0%,100.0%,1,285028,2026-09-22T10:55:17+09:00,https://job.mynavi.jp/28/pc/corpinfo/displayInternship/index?corpId=285028&optNo=dGg2a
滋賀センコー運輸整備(株),,,https://shiga-senko.co.jp/company-profile/company-outline/,"一部（2,000円） 1件",0.0%,100.0%,0.0%,1,219782,2026-09-22T10:55:17+09:00,https://job.mynavi.jp/28/pc/corpinfo/displayInternship/index?corpId=219782&optNo=Pkfqf
王子建設(株),,024-933-4153,,"一部（3,000円） 1件",0.0%,100.0%,0.0%,1,296756,2026-09-22T10:55:17+09:00,https://job.mynavi.jp/28/pc/corpinfo/displayInternship/index?corpId=296756&optNo=DVqTo
生活クラブ生活協同組合 愛知,,052-899-0770,https://aichi.seikatsuclub.coop/; https://seikatsuclub.coop/,その他 1件,0.0%,0.0%,100.0%,1,213201,2026-09-22T10:55:17+09:00,https://job.mynavi.jp/28/pc/corpinfo/displayInternship/index?corpId=213201&optNo=NiSqp
畑中特殊バルブ工業(株),,0238-28-3182; 0238-28-3192,,その他 1件,0.0%,0.0%,100.0%,1,283968,2026-09-22T10:55:17+09:00,https://job.mynavi.jp/28/pc/corpinfo/displayInternship/index?corpId=283968&optNo=RSzJ-
皆成建設(株),,,https://www.kaiseikensetsu.com/,"一部（1,000円） 2件",0.0%,100.0%,0.0%,2,200194,2026-09-22T10:55:17+09:00,https://job.mynavi.jp/28/pc/corpinfo/displayInternship/index?corpId=200194&optNo=hZ-h3
益村測量設計(株),,0152-44-7335,https://www.masumura.co.jp/,その他 1件,0.0%,0.0%,100.0%,1,238530,2026-09-22T10:55:17+09:00,https://job.mynavi.jp/28/pc/corpinfo/displayInternship/index?corpId=238530&optNo=VGKH1
相双五城信用組合,,0244-36-5561,https://www.sogo-shinkumi.co.jp/,"一部（1,000円） 1件",0.0%,100.0%,0.0%,1,209746,2026-09-22T10:55:17+09:00,https://job.mynavi.jp/28/pc/corpinfo/displayInternship/index?corpId=209746&optNo=z-jQ6
社会福祉法人 湖北会,,0749-72-8006,,その他 1件,0.0%,0.0%,100.0%,1,88619,2026-09-22T10:55:17+09:00,https://job.mynavi.jp/28/pc/corpinfo/displayInternship/index?corpId=88619&optNo=tkALD
社会福祉法人いじみの福祉会,,0254-20-8283,https://www.hidamarien.ne.jp/,その他 2件,0.0%,0.0%,100.0%,2,245056,2026-09-22T10:55:17+09:00,https://job.mynavi.jp/28/pc/corpinfo/displayInternship/index?corpId=245056&optNo=B7BgI
社会福祉法人なごや福祉施設協会（なごやかハウス）,,,https://nagoyaka.or.jp/,その他 2件,0.0%,0.0%,100.0%,2,104804,2026-09-22T10:55:17+09:00,https://job.mynavi.jp/28/pc/corpinfo/displayInternship/index?corpId=104804&optNo=Oee7Q
社会福祉法人みなと福祉会,,052-355-8000; 052-355-8008,https://www.minato-fukushikai.jp/; https://www.minato-fukushikai.jp/about/,"一部（4,000円） 2件",0.0%,100.0%,0.0%,2,267434,2026-09-22T10:55:17+09:00,https://job.mynavi.jp/28/pc/corpinfo/displayInternship/index?corpId=267434&optNo=8junl
社会福祉法人ゆたか福祉会,,052-698-7356; 052-698-7358,https://www.yutakahonbu.com/,その他 2件,0.0%,0.0%,100.0%,2,242983,2026-09-22T10:55:17+09:00,https://job.mynavi.jp/28/pc/corpinfo/displayInternship/index?corpId=242983&optNo=UKbSh
社会福祉法人サン・ビジョン,,052-856-0430,https://sun-vision.or.jp/,その他 5件,0.0%,0.0%,100.0%,5,87437,2026-09-22T10:55:17+09:00,https://job.mynavi.jp/28/pc/corpinfo/displayInternship/index?corpId=87437&optNo=3vzjv
社会福祉法人四日市福祉会,,059-331-8660,https://www.blooming.or.jp/,"一部（4,000円） 1件",0.0%,100.0%,0.0%,1,209073,2026-09-22T10:55:17+09:00,https://job.mynavi.jp/28/pc/corpinfo/displayInternship/index?corpId=209073&optNo=PAwxl
社会福祉法人天竜厚生会,,053-546-1117,,その他 3件,0.0%,0.0%,100.0%,3,85274,2026-09-22T10:55:17+09:00,https://job.mynavi.jp/28/pc/corpinfo/displayInternship/index?corpId=85274&optNo=P4HJY
社会福祉法人天童会,,0954-45-2156,https://tendoukai.jp,"一部（5,000円） 1件",0.0%,100.0%,0.0%,1,268837,2026-09-22T10:55:17+09:00,https://job.mynavi.jp/28/pc/corpinfo/displayInternship/index?corpId=268837&optNo=RTyWI
社会福祉法人慈悲庵,,053-428-2136,,その他 1件,0.0%,0.0%,100.0%,1,288089,2026-09-22T10:55:17+09:00,https://job.mynavi.jp/28/pc/corpinfo/displayInternship/index?corpId=288089&optNo=VYD5l
社会福祉法人摂津宥和会,,072-652-5533,https://settsuyuuwakai.org/,その他 1件,0.0%,0.0%,100.0%,1,241469,2026-09-22T10:55:17+09:00,https://job.mynavi.jp/28/pc/corpinfo/displayInternship/index?corpId=241469&optNo=4VbaI
社会福祉法人緑水会【結の泉/紡木長屋/桜の里/けやき横丁/engawaうえのはら】,,,,その他 1件,0.0%,0.0%,100.0%,1,226920,2026-09-22T10:55:17+09:00,https://job.mynavi.jp/28/pc/corpinfo/displayInternship/index?corpId=226920&optNo=9gvIt
社会福祉法人駿河会,,,,その他 1件,0.0%,0.0%,100.0%,1,215380,2026-09-22T10:55:17+09:00,https://job.mynavi.jp/28/pc/corpinfo/displayInternship/index?corpId=215380&optNo=-AFPo
神戸市役所,,0570-083-330; 078-333-3330,https://contact.city.kobe.lg.jp/webapp/form/26436_ucnb_1/index.do,その他 1件,0.0%,0.0%,100.0%,1,248804,2026-09-22T10:55:17+09:00,https://job.mynavi.jp/28/pc/corpinfo/displayInternship/index?corpId=248804&optNo=1WPU6
神戸衡機(株),,078-351-1281,https://kobekoki.co.jp/,"一部（3,000円） 2件",0.0%,100.0%,0.0%,2,230806,2026-09-22T10:55:17+09:00,https://job.mynavi.jp/28/pc/corpinfo/displayInternship/index?corpId=230806&optNo=3jMwD
福島日野自動車(株),,024-945-1667,,その他 1件,0.0%,0.0%,100.0%,1,256697,2026-09-22T10:55:17+09:00,https://job.mynavi.jp/28/pc/corpinfo/displayInternship/index?corpId=256697&optNo=h0S8Y
秩父産業(株),,047-311-1201,http://www.ccbind.co.jp/,"一部（20,000円） 1件",0.0%,100.0%,0.0%,1,229979,2026-09-22T10:55:17+09:00,https://job.mynavi.jp/28/pc/corpinfo/displayInternship/index?corpId=229979&optNo=MNxF7
税理士法人成迫会計事務所,,0263-33-5700,https://note.com/narusakorecruit/n/n2cfcd0ff80a2; https://note.com/narusakorecruit/n/n9976e652541a; https://youtu.be/MDrCrNTEDoE,"一部（1,000円） 1件",0.0%,100.0%,0.0%,1,65210,2026-09-22T10:55:17+09:00,https://job.mynavi.jp/28/pc/corpinfo/displayInternship/index?corpId=65210&optNo=s8Txy
積水樹脂(株)【東証プライム上場】,,,https://note.com/sekisui_jushi/; https://www.sekisuijushi.co.jp/; https://www.sekisuijushi.co.jp/70th/,その他 3件,0.0%,0.0%,100.0%,3,2285,2026-09-22T10:55:17+09:00,https://job.mynavi.jp/28/pc/corpinfo/displayInternship/index?corpId=2285&optNo=RNcNl
竹花工業(株),,0267-22-1750,,その他 2件,0.0%,0.0%,100.0%,2,111659,2026-09-22T10:55:17+09:00,https://job.mynavi.jp/28/pc/corpinfo/displayInternship/index?corpId=111659&optNo=ay8c1
美樹工業(株)【東証スタンダード市場上場】,,079-281-5151; 079-281-5155,https://www.mikikogyo.co.jp/,全額 1件,100.0%,0.0%,0.0%,1,54436,2026-09-22T10:55:17+09:00,https://job.mynavi.jp/28/pc/corpinfo/displayInternship/index?corpId=54436&optNo=KJ25H
舘林建設(株),,0572-55-3131,https://www.tatebayashi-kk.jp/,"一部（3,000円） 1件",0.0%,100.0%,0.0%,1,251365,2026-09-22T10:55:17+09:00,https://job.mynavi.jp/28/pc/corpinfo/displayInternship/index?corpId=251365&optNo=Agd7f
芙蓉建設(株),,0152-73-4314,https://www.fuyo-kensetu.co.jp/,その他 1件,0.0%,0.0%,100.0%,1,271266,2026-09-22T10:55:17+09:00,https://job.mynavi.jp/28/pc/corpinfo/displayInternship/index?corpId=271266&optNo=nIkJs
花本建設(株),,0166-26-2451,https://hanamoto.co.jp/; https://hanamoto.co.jp/company/,"一部（10,000円） 2件",0.0%,100.0%,0.0%,2,283633,2026-09-22T10:55:17+09:00,https://job.mynavi.jp/28/pc/corpinfo/displayInternship/index?corpId=283633&optNo=o9JwO
苫小牧広域森林組合,,0145-45-2311,,その他 4件,0.0%,0.0%,100.0%,4,291665,2026-09-22T10:55:17+09:00,https://job.mynavi.jp/28/pc/corpinfo/displayInternship/index?corpId=291665&optNo=7HDG6
荒井建設(株),,0166-22-0121,https://www.araikensetsu.co.jp,その他 1件,0.0%,0.0%,100.0%,1,207148,2026-09-22T10:55:17+09:00,https://job.mynavi.jp/28/pc/corpinfo/displayInternship/index?corpId=207148&optNo=qobgd
荻野工業(株),,0823-77-1331,https://mcstudy.mynavi.jp/mem/company/1105?tabPageType=3; https://oginokk.co.jp/,その他 1件,0.0%,0.0%,100.0%,1,242715,2026-09-22T10:55:17+09:00,https://job.mynavi.jp/28/pc/corpinfo/displayInternship/index?corpId=242715&optNo=zPnU2
藤建設(株),,0162-23-4810; 0162-24-4286,https://www.fujikensetu-net.co.jp/,その他 1件,0.0%,0.0%,100.0%,1,229362,2026-09-22T10:55:17+09:00,https://job.mynavi.jp/28/pc/corpinfo/displayInternship/index?corpId=229362&optNo=Voz3q
西川物産(株)【西川ゴムグループ】,,082-874-3365,,その他 1件,0.0%,0.0%,100.0%,1,242498,2026-09-22T10:55:17+09:00,https://job.mynavi.jp/28/pc/corpinfo/displayInternship/index?corpId=242498&optNo=725Wd
西日本旅客鉄道(株)【JR西日本】,,0120-242-394,https://www.westjr.co.jp/company/recruit/fresh/internship/,その他 1件,0.0%,0.0%,100.0%,1,10,2026-09-22T10:55:17+09:00,https://job.mynavi.jp/28/pc/corpinfo/displayInternship/index?corpId=10&optNo=pO3RO
西日本高速道路ファシリティーズ(株)【NEXCO西日本グループ】,,072-645-7094,http://www.w-nexco-fct.co.jp/,全額 1件,100.0%,0.0%,0.0%,1,218895,2026-09-22T10:55:17+09:00,https://job.mynavi.jp/28/pc/corpinfo/displayInternship/index?corpId=218895&optNo=eEBcl
西濃建設(株)【西濃建設グループ】,,0585-22-1222,http://www.seinokensetsu.jp/; https://www.instagram.com/seinokensetsu_official/,その他 2件,0.0%,0.0%,100.0%,2,10404,2026-09-22T10:55:17+09:00,https://job.mynavi.jp/28/pc/corpinfo/displayInternship/index?corpId=10404&optNo=XSl6v
西田工業(株),,,,"一部（1,000円） 1件",0.0%,100.0%,0.0%,1,55975,2026-09-22T10:55:17+09:00,https://job.mynavi.jp/28/pc/corpinfo/displayInternship/index?corpId=55975&optNo=Cy9E2
角一化成(株),,06-6380-3901,,その他 1件,0.0%,0.0%,100.0%,1,258964,2026-09-22T10:55:17+09:00,https://job.mynavi.jp/28/pc/corpinfo/displayInternship/index?corpId=258964&optNo=7INBf
豊前東芝エレクトロニクス(株)【東芝グループ】,,,https://www.toshiba-buzen.co.jp/,全額 1件,100.0%,0.0%,0.0%,1,230727,2026-09-22T10:55:17+09:00,https://job.mynavi.jp/28/pc/corpinfo/displayInternship/index?corpId=230727&optNo=7rHpQ
金田建設(株),,024-922-3995,https://www.kaneta-const.co.jp/,その他 1件,0.0%,0.0%,100.0%,1,234687,2026-09-22T10:55:17+09:00,https://job.mynavi.jp/28/pc/corpinfo/displayInternship/index?corpId=234687&optNo=InMZs
鍋林建工(株)【鍋林グループ】,,0263-48-3501,,"一部（1,000円） 1件",0.0%,100.0%,0.0%,1,249683,2026-09-22T10:55:17+09:00,https://job.mynavi.jp/28/pc/corpinfo/displayInternship/index?corpId=249683&optNo=6JlLY
長岡石油(株),,0258-32-6151,https://nagaokasekiyu.co.jp/,"一部（20,000円） 2件",0.0%,100.0%,0.0%,2,215174,2026-09-22T10:55:17+09:00,https://job.mynavi.jp/28/pc/corpinfo/displayInternship/index?corpId=215174&optNo=2NGrs
長沼商事(株),,082-248-0211,,全額 1件,100.0%,0.0%,0.0%,1,87563,2026-09-22T10:55:17+09:00,https://job.mynavi.jp/28/pc/corpinfo/displayInternship/index?corpId=87563&optNo=nPyss
関ヶ原石材(株)【セキストーングループ】,,0584-43-1234,https://www.instagram.com/sekistone1234/; https://www.sekistone.com/,"一部（20,000円） 1件",0.0%,100.0%,0.0%,1,80538,2026-09-22T10:55:17+09:00,https://job.mynavi.jp/28/pc/corpinfo/displayInternship/index?corpId=80538&optNo=5JcYB
関場建設(株),,0244-25-2525,,その他 1件,0.0%,0.0%,100.0%,1,108429,2026-09-22T10:55:17+09:00,https://job.mynavi.jp/28/pc/corpinfo/displayInternship/index?corpId=108429&optNo=Vb0uI
隼電気(株),,022-284-8823,https://8823elec.com/; https://www.instagram.com/h_yabusa8823/?igsh=MXZqY2l3NmhmaWdqaA%3D%3D,"一部（1,000円） 1件",0.0%,100.0%,0.0%,1,216727,2026-09-22T10:55:17+09:00,https://job.mynavi.jp/28/pc/corpinfo/displayInternship/index?corpId=216727&optNo=aU4FU
静岡鉄道(株) [グループ募集],,054-254-5106,,その他 1件,0.0%,0.0%,100.0%,1,853,2026-09-22T10:55:17+09:00,https://job.mynavi.jp/28/pc/corpinfo/displayInternship/index?corpId=853&optNo=f0JQa
音羽電機工業(株),,06-6429-3541,https://www.otowadenki.co.jp/,"一部（5,000円） 1件",0.0%,100.0%,0.0%,1,280264,2026-09-22T10:55:17+09:00,https://job.mynavi.jp/28/pc/corpinfo/displayInternship/index?corpId=280264&optNo=K-zw1
高安(株),,,https://www.takayasu-rf.co.jp,その他 2件,0.0%,0.0%,100.0%,2,272477,2026-09-22T10:55:17+09:00,https://job.mynavi.jp/28/pc/corpinfo/displayInternship/index?corpId=272477&optNo=KzVy3
高橋建設(株),,0856-23-2344,https://www.takahashi-kensetu.com/,"一部（90,000円） 1件",0.0%,100.0%,0.0%,1,277967,2026-09-22T10:55:17+09:00,https://job.mynavi.jp/28/pc/corpinfo/displayInternship/index?corpId=277967&optNo=wip8U
高田産商(株),,0248278800,,"一部（5,000円） 1件",0.0%,100.0%,0.0%,1,201807,2026-09-22T10:55:17+09:00,https://job.mynavi.jp/28/pc/corpinfo/displayInternship/index?corpId=201807&optNo=BGs1a
高藤建設(株),,093-381-0461,https://takafuji.co.jp/wp/,"一部（10,000円） 1件",0.0%,100.0%,0.0%,1,243302,2026-09-22T10:55:17+09:00,https://job.mynavi.jp/28/pc/corpinfo/displayInternship/index?corpId=243302&optNo=-XKUy
高陽電機(株),,082-814-5040,https://koyodenki.jp/,"一部（1,000円） 1件",0.0%,100.0%,0.0%,1,268673,2026-09-22T10:55:17+09:00,https://job.mynavi.jp/28/pc/corpinfo/displayInternship/index?corpId=268673&optNo=ApwJX
鳴海製陶(株)【NARUMI】,,052-896-2213,https://www.narumi.co.jp/,その他 2件,0.0%,0.0%,100.0%,2,101419,2026-09-22T10:55:17+09:00,https://job.mynavi.jp/28/pc/corpinfo/displayInternship/index?corpId=101419&optNo=1-uwo
鶴崎海陸運輸(株),,097-521-6113,https://www.tsurukai.co.jp/,その他 1件,0.0%,0.0%,100.0%,1,111981,2026-09-22T10:55:17+09:00,https://job.mynavi.jp/28/pc/corpinfo/displayInternship/index?corpId=111981&optNo=Tj8FW
鹿児島ダイハツ販売(株),,080-1705-7919; 080-2774-8846; 099-256-8117,https://kagoshima.dd.daihatsu.co.jp/,"一部（1,000円） 2件 / その他 1件",0.0%,66.7%,33.3%,3,82900,2026-09-22T10:55:17+09:00,https://job.mynavi.jp/28/pc/corpinfo/displayInternship/index?corpId=82900&optNo=cLb5I
齊藤建設(株),,0138-40-0636; 0138-40-4649,https://saito-co.com/,その他 1件,0.0%,0.0%,100.0%,1,281745,2026-09-22T10:55:17+09:00,https://job.mynavi.jp/28/pc/corpinfo/displayInternship/index?corpId=281745&optNo=d4pMm
ＬｉｆｅＥａｓｅホールディングス(株)／(株)リーブル／(株)グラジスト [グループ募集],,052-938-4100,,その他 1件,0.0%,0.0%,100.0%,1,293590,2026-09-22T10:55:17+09:00,https://job.mynavi.jp/28/pc/corpinfo/displayInternship/index?corpId=293590&optNo=qbMgI
